Game_Date,Pitcher,Pitcher_ID,Projection,K_Target,Target_Label,Projection_Headroom,Actual_K,Ladder_Win,Target_Probability,Brier,Confidence,Data_Quality,Opponent_K_Pct,Headroom_Bucket,Quality_Bucket,Opponent_K_Bucket,Report_Only,Production_Authority,No_Projection_Adjustment,Research_Version
2026-08-12,Shane Baz,669358,5.076665598251974,5,5+,0.07666559825197439,2.0,False,0.5819433961528153,0.33865811632587256,HIGH,78,19.91064396674875,0.00-0.24,75-89,LOW_K_<22,True,NONE,True,k-ladder-reliability-shadow-v1-report-only
2026-08-12,Zebby Matthews,805673,5.292388596361408,5,5+,0.2923885963614081,4.0,False,0.6196122779817503,0.38391937502573387,HIGH,66,24.08718085532845,0.25-0.49,50-74,MID_K_22-24.9,True,NONE,True,k-ladder-reliability-shadow-v1-report-only
2026-08-12,Zack Wheeler,554430,5.113708402473249,5,5+,0.11370840247324931,5.0,True,0.563426552189235,0.19059637533337875,HIGH,72,20.53769145149315,0.00-0.24,50-74,LOW_K_<22,True,NONE,True,k-ladder-reliability-shadow-v1-report-only
2026-08-12,Kyle Leahy,681517,4.434771817643135,4,4+,0.434771817643135,6.0,True,0.6391974692760674,0.13017846617679435,HIGH,77,19.929025187140027,0.25-0.49,75-89,LOW_K_<22,True,NONE,True,k-ladder-reliability-shadow-v1-report-only
2026-08-12,Drew Rasmussen,656876,5.378819291726495,5,5+,0.3788192917264954,3.0,False,0.6083779529482816,0.3701237336335415,HIGH,77,21.92034834421512,0.25-0.49,75-89,LOW_K_<22,True,NONE,True,k-ladder-reliability-shadow-v1-report-only
2026-08-12,Ryan Feltner,663372,4.26334716437203,4,4+,0.2633471643720302,2.0,False,0.6131744912036347,0.3759829566628362,HIGH,70,20.77272576600542,0.25-0.49,50-74,LOW_K_<22,True,NONE,True,k-ladder-reliability-shadow-v1-report-only
2026-08-12,Merrill Kelly,518876,4.583344702255669,4,4+,0.583344702255669,2.0,False,0.6809609230604788,0.4637077787353794,HIGH,76,22.60657328351401,0.50-0.74,75-89,MID_K_22-24.9,True,NONE,True,k-ladder-reliability-shadow-v1-report-only
2026-08-12,Dustin May,669160,4.859837383413874,4,4+,0.8598373834138737,6.0,True,0.702496442328423,0.08850836682724533,HIGH,77,21.0865526766236,0.75-0.99,75-89,LOW_K_<22,True,NONE,True,k-ladder-reliability-shadow-v1-report-only
2026-08-12,Robbie Ray,592662,5.052324860965883,5,5+,0.05232486096588307,4.0,False,0.5750979807137603,0.3307376874210446,HIGH,77,21.756618571873823,0.00-0.24,75-89,LOW_K_<22,True,NONE,True,k-ladder-reliability-shadow-v1-report-only
2026-08-12,Foster Griffin,656492,5.372364059781617,5,5+,0.37236405978161713,3.0,False,0.6223546834230687,0.387325351978628,HIGH,78,22.392070840080606,0.25-0.49,75-89,MID_K_22-24.9,True,NONE,True,k-ladder-reliability-shadow-v1-report-only
2026-08-12,Framber Valdez,664285,4.726033431720969,4,4+,0.7260334317209693,3.0,False,0.6885893560819438,0.474155301309346,HIGH,78,19.34307140209807,0.50-0.74,75-89,LOW_K_<22,True,NONE,True,k-ladder-reliability-shadow-v1-report-only
2026-08-12,Carmen Mlodzinski,669387,4.0459259725286,4,4+,0.04592597252860031,1.0,False,0.5560886761268533,0.30923461571651634,HIGH,77,22.966764439993938,0.00-0.24,75-89,MID_K_22-24.9,True,NONE,True,k-ladder-reliability-shadow-v1-report-only
2026-08-12,Janson Junk,676083,4.180725412905703,4,4+,0.1807254129057032,2.0,False,0.6045156892571746,0.3654392185580769,HIGH,68,21.930684212284863,0.00-0.24,50-74,LOW_K_<22,True,NONE,True,k-ladder-reliability-shadow-v1-report-only
2026-08-12,David Peterson,656849,4.793542729116886,4,4+,0.7935427291168864,6.0,True,0.7160261690770915,0.08064113664903264,HIGH,66,22.59412762184728,0.75-0.99,50-74,MID_K_22-24.9,True,NONE,True,k-ladder-reliability-shadow-v1-report-only
2026-08-12,Bryce Miller,682243,5.483300285566592,5,5+,0.48330028556659244,5.0,True,0.6183372284393098,0.14566647119538756,HIGH,64,24.294908813442703,0.25-0.49,50-74,MID_K_22-24.9,True,NONE,True,k-ladder-reliability-shadow-v1-report-only
2026-08-12,Will Warren,701542,4.830626519208324,4,4+,0.830626519208324,3.0,False,0.69494595344522,0.48294987820988594,HIGH,77,21.13687840942258,0.75-0.99,75-89,LOW_K_<22,True,NONE,True,k-ladder-reliability-shadow-v1-report-only
2026-08-12,Ranger Suarez,624133,4.477654017973988,4,4+,0.4776540179739879,2.0,False,0.6330036996323811,0.4006936837482818,HIGH,74,20.777209856279946,0.25-0.49,50-74,LOW_K_<22,True,NONE,True,k-ladder-reliability-shadow-v1-report-only
2026-08-12,José Soriano,667755,4.925171926160614,4,4+,0.9251719261606137,4.0,True,0.7211944765938026,0.07773251988180366,HIGH,78,20.352762774494312,0.75-0.99,75-89,LOW_K_<22,True,NONE,True,k-ladder-reliability-shadow-v1-report-only
2026-08-12,Zac Thornton,804267,4.434887433347578,4,4+,0.43488743334757807,2.0,False,0.6571211743708258,0.4318082378064933,MEDIUM,54,21.161049756070145,0.25-0.49,50-74,LOW_K_<22,True,NONE,True,k-ladder-reliability-shadow-v1-report-only
2026-08-12,Tyler Mahle,641816,5.086881035303266,5,5+,0.08688103530326607,7.0,True,0.5805835432094619,0.17591016422672928,HIGH,72,22.211407186781944,0.00-0.24,50-74,MID_K_22-24.9,True,NONE,True,k-ladder-reliability-shadow-v1-report-only
2026-08-12,Rhett Lowder,695076,4.845516739681388,4,4+,0.8455167396813881,4.0,True,0.7146911893864759,0.08140111741370376,HIGH,70,24.300118067490644,0.75-0.99,50-74,MID_K_22-24.9,True,NONE,True,k-ladder-reliability-shadow-v1-report-only
2026-08-12,Luis Castillo,622491,5.077414760392842,5,5+,0.07741476039284212,10.0,True,0.5781477995191002,0.17795927905057726,HIGH,71,24.350602776478613,0.00-0.24,50-74,MID_K_22-24.9,True,NONE,True,k-ladder-reliability-shadow-v1-report-only
2026-08-12,Daniel Lynch IV,663738,3.0354843043145308,3,3+,0.03548430431453076,3.0,True,0.585581149144816,0.17174298394413126,MEDIUM,48,19.750322130100702,0.00-0.24,<50,LOW_K_<22,True,NONE,True,k-ladder-reliability-shadow-v1-report-only
2026-08-12,Eric Lauer,641778,4.161318077633911,4,4+,0.16131807763391137,6.0,True,0.5905227218524004,0.16767164131916665,HIGH,66,21.08398025293156,0.00-0.24,50-74,LOW_K_<22,True,NONE,True,k-ladder-reliability-shadow-v1-report-only
2026-08-12,Cal Quantrill,615698,4.138202343473262,4,4+,0.138202343473262,6.0,True,0.5966460225586075,0.16269443111779133,HIGH,79,23.321711632958632,0.00-0.24,75-89,MID_K_22-24.9,True,NONE,True,k-ladder-reliability-shadow-v1-report-only
2026-08-12,George Klassen,691946,3.858255496642796,3,3+,0.858255496642796,5.0,True,0.7510696755503042,0.0619663064306308,MEDIUM,48,23.32912180234725,0.75-0.99,<50,MID_K_22-24.9,True,NONE,True,k-ladder-reliability-shadow-v1-report-only
2026-08-12,Jack Perkins,678022,4.615237274528287,4,4+,0.6152372745282868,2.0,False,0.6874455108675821,0.47258133041199096,HIGH,65,20.02931325524474,0.50-0.74,50-74,LOW_K_<22,True,NONE,True,k-ladder-reliability-shadow-v1-report-only
2026-08-12,Adrian Houser,605288,3.824028402427333,3,3+,0.824028402427333,5.0,True,0.7300883203944719,0.07285231478747725,HIGH,65,21.153666945821605,0.75-0.99,50-74,LOW_K_<22,True,NONE,True,k-ladder-reliability-shadow-v1-report-only
2026-08-12,Bryan King,687911,5.231113000659757,5,5+,0.23111300065975726,1.0,False,0.603973067218526,0.36478346592535404,MEDIUM,46,24.04044665002596,0.00-0.24,<50,MID_K_22-24.9,True,NONE,True,k-ladder-reliability-shadow-v1-report-only
2026-08-12,Jackson Kent,800600,4.987131452321712,4,4+,0.9871314523217123,6.0,True,0.7394318022521018,0.06789578567758778,MEDIUM,46,21.592546872408168,0.75-0.99,<50,LOW_K_<22,True,NONE,True,k-ladder-reliability-shadow-v1-report-only
2026-08-13,Parker Messick,800048,5.693249422713524,5,5+,0.6932494227135244,6.0,True,0.6817082446781169,0.10130964150588552,HIGH,78,22.86229888972531,0.50-0.74,75-89,MID_K_22-24.9,True,NONE,True,k-ladder-reliability-shadow-v1-report-only
2026-08-13,Keider Montero,672456,4.214743913149588,4,4+,0.2147439131495883,0.0,False,0.6127918225051716,0.3755138177292098,HIGH,72,18.66123766259112,0.00-0.24,50-74,LOW_K_<22,True,NONE,True,k-ladder-reliability-shadow-v1-report-only
2026-08-13,Braxton Ashcraft,677952,5.249966977526226,5,5+,0.24996697752622588,10.0,True,0.6117813829636738,0.1507136946135977,HIGH,78,20.783078888752524,0.00-0.24,75-89,LOW_K_<22,True,NONE,True,k-ladder-reliability-shadow-v1-report-only
2026-08-13,Tyler Phillips,663969,3.866392782415895,3,3+,0.866392782415895,6.0,True,0.7371262467118302,0.06910261016780954,HIGH,64,22.46787762178659,0.75-0.99,50-74,MID_K_22-24.9,True,NONE,True,k-ladder-reliability-shadow-v1-report-only
2026-08-13,Logan Gilbert,669302,5.999279409012194,5,5+,0.9992794090121944,7.0,True,0.7275879909526339,0.07420830267322225,HIGH,78,23.52373323893833,0.75-0.99,75-89,MID_K_22-24.9,True,NONE,True,k-ladder-reliability-shadow-v1-report-only
2026-08-13,Max Fried,608331,4.8420928252218784,4,4+,0.8420928252218784,4.0,True,0.7082613829048258,0.08511142070460469,HIGH,65,22.912299046781147,0.75-0.99,50-74,MID_K_22-24.9,True,NONE,True,k-ladder-reliability-shadow-v1-report-only
2026-08-13,Andrew Abbott,671096,4.790875567489774,4,4+,0.7908755674897741,3.0,False,0.7165224071719605,0.5134043599795007,HIGH,79,22.04903618972196,0.75-0.99,75-89,MID_K_22-24.9,True,NONE,True,k-ladder-reliability-shadow-v1-report-only
2026-08-13,Davis Martin,663436,4.709475301098596,4,4+,0.7094753010985961,3.0,False,0.669107548852125,0.44770491193089884,HIGH,78,25.4054946668788,0.50-0.74,75-89,HIGH_K_25+,True,NONE,True,k-ladder-reliability-shadow-v1-report-only
2026-08-13,Payton Tolle,801139,5.411665879736916,5,5+,0.4116658797369164,4.0,False,0.6097360744311613,0.37177808046272265,HIGH,72,20.980292531640828,0.25-0.49,50-74,LOW_K_<22,True,NONE,True,k-ladder-reliability-shadow-v1-report-only
2026-08-13,Max Scherzer,453286,4.002706076813793,4,4+,0.0027060768137934232,4.0,True,0.5463234039919608,0.20582245376544164,HIGH,70,20.724048762467675,0.00-0.24,50-74,LOW_K_<22,True,NONE,True,k-ladder-reliability-shadow-v1-report-only
2026-08-13,Kevin Gausman,592332,5.1805625411540674,5,5+,0.18056254115406745,7.0,True,0.5903111087172896,0.16784498764045647,HIGH,70,20.10723860589812,0.00-0.24,50-74,LOW_K_<22,True,NONE,True,k-ladder-reliability-shadow-v1-report-only
2026-08-13,Cade Cavalli,676917,5.284261858257167,5,5+,0.28426185825716743,10.0,True,0.5813675657329586,0.17525311502034877,HIGH,70,21.610169491525426,0.25-0.49,50-74,LOW_K_<22,True,NONE,True,k-ladder-reliability-shadow-v1-report-only
2026-08-13,Aaron Nola,605400,5.058942410672682,5,5+,0.05894241067268169,9.0,True,0.5790192879226238,0.1772247599411747,HIGH,79,20.521429865001327,0.00-0.24,75-89,LOW_K_<22,True,NONE,True,k-ladder-reliability-shadow-v1-report-only
2026-08-13,Taj Bradley,671737,5.521771862741471,5,5+,0.5217718627414714,3.0,False,0.6462460529473355,0.4176339609500104,HIGH,78,19.97362411884104,0.50-0.74,75-89,LOW_K_<22,True,NONE,True,k-ladder-reliability-shadow-v1-report-only
2026-08-13,Jacob deGrom,594798,5.515084930170935,5,5+,0.5150849301709348,3.0,False,0.6535327565062923,0.4271050638267127,HIGH,77,22.25872780507947,0.50-0.74,75-89,MID_K_22-24.9,True,NONE,True,k-ladder-reliability-shadow-v1-report-only
2026-08-13,Walbert Ureña,700712,4.713297608881091,4,4+,0.7132976088810912,5.0,True,0.6960994774421552,0.09235552761093116,HIGH,72,22.51886854059686,0.50-0.74,50-74,MID_K_22-24.9,True,NONE,True,k-ladder-reliability-shadow-v1-report-only
2026-08-13,Shane Drohan,675660,5.09499132605994,5,5+,0.0949913260599402,5.0,True,0.5818667447419064,0.1748354191527301,HIGH,64,20.67927960976489,0.00-0.24,50-74,LOW_K_<22,True,NONE,True,k-ladder-reliability-shadow-v1-report-only
2026-08-13,Roki Sasaki,808963,5.157072926337631,5,5+,0.15707292633763092,2.0,False,0.5959729006262258,0.3551836982808372,HIGH,74,22.323435361122325,0.00-0.24,50-74,MID_K_22-24.9,True,NONE,True,k-ladder-reliability-shadow-v1-report-only
2026-08-14,Matthew Liberatore,669461,4.807385909419322,4,4+,0.8073859094193221,6.0,True,0.7064333591636343,0.08618137261194776,HIGH,78,22.15184456831837,0.75-0.99,75-89,MID_K_22-24.9,True,NONE,True,k-ladder-reliability-shadow-v1-report-only
2026-08-14,Clay Holmes,605280,4.24889813214706,4,4+,0.24889813214706002,3.0,False,0.6216036923246964,0.3863911503116958,HIGH,79,19.97288901159887,0.00-0.24,75-89,LOW_K_<22,True,NONE,True,k-ladder-reliability-shadow-v1-report-only
2026-08-14,Sandy Alcantara,645261,5.969322268750199,5,5+,0.969322268750199,2.0,False,0.723692119148748,0.5237302833180056,HIGH,79,25.52687178603017,0.75-0.99,75-89,HIGH_K_25+,True,NONE,True,k-ladder-reliability-shadow-v1-report-only
2026-08-14,Chase Burns,695505,5.558449164509395,5,5+,0.558449164509395,8.0,True,0.657260639762443,0.11747026905604989,HIGH,77,21.79597160509253,0.50-0.74,75-89,LOW_K_<22,True,NONE,True,k-ladder-reliability-shadow-v1-report-only
2026-08-14,Jake Bennett,687562,5.136651373886729,5,5+,0.1366513738867292,6.0,True,0.59101235038534,0.16727089753732394,HIGH,64,22.93411645468545,0.00-0.24,50-74,MID_K_22-24.9,True,NONE,True,k-ladder-reliability-shadow-v1-report-only
2026-08-14,Bubba Chandler,696149,4.53317940662322,4,4+,0.53317940662322,5.0,True,0.6674672199400904,0.11057804981437222,HIGH,77,20.207919121438696,0.50-0.74,75-89,LOW_K_<22,True,NONE,True,k-ladder-reliability-shadow-v1-report-only
2026-08-14,Sean Newcomb,656794,4.293658542998768,4,4+,0.29365854299876837,2.0,False,0.6142416585560155,0.3772928151056448,MEDIUM,53,22.464061154188627,0.25-0.49,50-74,MID_K_22-24.9,True,NONE,True,k-ladder-reliability-shadow-v1-report-only
2026-08-14,Jackson Jobe,695549,4.509072904569642,4,4+,0.509072904569642,4.0,True,0.6662095889008485,0.11141603854174058,HIGH,60,23.167521097812813,0.50-0.74,50-74,MID_K_22-24.9,True,NONE,True,k-ladder-reliability-shadow-v1-report-only
2026-08-14,Andrew Alvarez,674841,4.411414403822503,4,4+,0.41141440382250316,4.0,True,0.6511952768137343,0.1216647349170474,HIGH,65,22.29864514301804,0.25-0.49,50-74,MID_K_22-24.9,True,NONE,True,k-ladder-reliability-shadow-v1-report-only
2026-08-14,Robert Stock,476594,4.350693049617538,4,4+,0.3506930496175382,5.0,True,0.6363997033107749,0.13220517575249252,MEDIUM,47,20.467410528285704,0.25-0.49,<50,LOW_K_<22,True,NONE,True,k-ladder-reliability-shadow-v1-report-only
2026-08-14,Michael King,650633,4.756564500312371,4,4+,0.7565645003123711,4.0,True,0.7099204591627534,0.08414614001234784,HIGH,79,19.155603612059853,0.75-0.99,75-89,LOW_K_<22,True,NONE,True,k-ladder-reliability-shadow-v1-report-only
2026-08-14,Gavin Williams,668909,5.778883370854544,5,5+,0.778883370854544,5.0,True,0.684890322060145,0.09929410913135914,HIGH,79,20.330232778384666,0.75-0.99,75-89,LOW_K_<22,True,NONE,True,k-ladder-reliability-shadow-v1-report-only
2026-08-14,Brandon Pfaadt,694297,4.695923424536369,4,4+,0.6959234245363692,7.0,True,0.6943283368934432,0.09343516562632836,HIGH,79,21.612755374421035,0.50-0.74,75-89,LOW_K_<22,True,NONE,True,k-ladder-reliability-shadow-v1-report-only
2026-08-14,Gerrit Cole,543037,5.1837125225898735,5,5+,0.18371252258987347,5.0,True,0.5847128741500884,0.17246339689668028,HIGH,65,18.69173244256435,0.00-0.24,50-74,LOW_K_<22,True,NONE,True,k-ladder-reliability-shadow-v1-report-only
2026-08-14,Shane Bieber,669456,4.789902636901819,4,4+,0.7899026369018189,5.0,True,0.7055546147953903,0.086698084868291,HIGH,68,24.402589062889312,0.75-0.99,50-74,MID_K_22-24.9,True,NONE,True,k-ladder-reliability-shadow-v1-report-only
2026-08-14,George Kirby,669923,5.055233311872689,5,5+,0.05523331187268887,2.0,False,0.5766702881538788,0.3325486212394776,HIGH,77,21.338994807369552,0.00-0.24,75-89,LOW_K_<22,True,NONE,True,k-ladder-reliability-shadow-v1-report-only
2026-08-14,Peter Lambert,663567,4.964871980644212,4,4+,0.9648719806442116,6.0,True,0.7413753498905093,0.06688670964425646,HIGH,74,19.690092929731883,0.75-0.99,50-74,LOW_K_<22,True,NONE,True,k-ladder-reliability-shadow-v1-report-only
2026-08-14,Seth Lugo,607625,4.862892118380245,4,4+,0.8628921183802447,4.0,True,0.7248627023810422,0.07570053254106295,HIGH,79,22.21333703669492,0.75-0.99,75-89,MID_K_22-24.9,True,NONE,True,k-ladder-reliability-shadow-v1-report-only
2026-08-14,Grayson Rodriguez,680570,4.497707170109626,4,4+,0.49770717010962606,5.0,True,0.6519494865601498,0.12113915990574332,HIGH,62,21.24778909785245,0.25-0.49,50-74,LOW_K_<22,True,NONE,True,k-ladder-reliability-shadow-v1-report-only
2026-08-14,Kumar Rocker,677958,4.395781761680474,4,4+,0.39578176168047374,3.0,False,0.6445505560480466,0.41544541930184603,HIGH,74,19.444362526494164,0.25-0.49,50-74,LOW_K_<22,True,NONE,True,k-ladder-reliability-shadow-v1-report-only
2026-08-14,Robert Gasser,688107,4.7466171474424845,4,4+,0.7466171474424845,7.0,True,0.7059053025245983,0.08649169108314807,HIGH,64,21.41393421271099,0.50-0.74,50-74,LOW_K_<22,True,NONE,True,k-ladder-reliability-shadow-v1-report-only
2026-08-14,Yoshinobu Yamamoto,808967,5.946600628694665,5,5+,0.9466006286946653,9.0,True,0.7195320065796726,0.07866229533322479,HIGH,76,22.3038949326692,0.75-0.99,75-89,MID_K_22-24.9,True,NONE,True,k-ladder-reliability-shadow-v1-report-only
2026-08-14,Kyle Freeland,607536,5.705471119678161,5,5+,0.7054711196781609,2.0,False,0.6825386374169748,0.46585899156702065,HIGH,76,24.48012631936205,0.50-0.74,75-89,MID_K_22-24.9,True,NONE,True,k-ladder-reliability-shadow-v1-report-only
2026-08-14,Landen Roupp,694738,5.18952142514298,5,5+,0.18952142514298043,5.0,True,0.5985427150297761,0.16116795165566358,HIGH,78,21.802137374731466,0.00-0.24,75-89,LOW_K_<22,True,NONE,True,k-ladder-reliability-shadow-v1-report-only
2026-08-14,Chris Sale,519242,5.485459497169694,5,5+,0.4854594971696944,9.0,True,0.6469035342731773,0.1246771141087733,HIGH,76,18.856924272379217,0.25-0.49,75-89,LOW_K_<22,True,NONE,True,k-ladder-reliability-shadow-v1-report-only
2026-08-14,Chris Bassitt,605135,4.100788408450873,4,4+,0.10078840845087278,3.0,False,0.574144754397713,0.32964219900241015,HIGH,79,18.555504839606428,0.00-0.24,75-89,LOW_K_<22,True,NONE,True,k-ladder-reliability-shadow-v1-report-only
2026-08-14,Steven Matz,571927,4.256740631891617,4,4+,0.256740631891617,1.0,False,0.607909998711427,0.36955456653332724,HIGH,62,26.11599085278673,0.25-0.49,50-74,HIGH_K_25+,True,NONE,True,k-ladder-reliability-shadow-v1-report-only
2026-08-14,Gage Jump,695611,5.663479055047671,5,5+,0.663479055047671,1.0,False,0.6732297911302467,0.45323835166527565,HIGH,65,24.519953321152848,0.50-0.74,50-74,MID_K_22-24.9,True,NONE,True,k-ladder-reliability-shadow-v1-report-only
2026-08-15,Anthony Kay,641743,4.794158051567684,4,4+,0.7941580515676838,4.0,True,0.7167115547140409,0.08025234323253584,HIGH,77,22.98993930276515,0.75-0.99,75-89,MID_K_22-24.9,True,NONE,True,k-ladder-reliability-shadow-v1-report-only
2026-08-15,Troy Melton,675512,5.350953547943936,5,5+,0.3509535479439361,4.0,False,0.6292303560933765,0.3959308410293974,HIGH,64,23.17671596370065,0.25-0.49,50-74,MID_K_22-24.9,True,NONE,True,k-ladder-reliability-shadow-v1-report-only
2026-08-15,Michael McGreevy,700241,4.488471728532872,4,4+,0.4884717285328719,6.0,True,0.6638396461552099,0.11300378349705452,HIGH,78,22.967240498159555,0.25-0.49,75-89,MID_K_22-24.9,True,NONE,True,k-ladder-reliability-shadow-v1-report-only
2026-08-15,Matthew Boyd,571510,5.168619874051423,5,5+,0.16861987405142287,2.0,False,0.5929966086063977,0.3516449778186892,HIGH,65,20.904101664780363,0.00-0.24,50-74,LOW_K_<22,True,NONE,True,k-ladder-reliability-shadow-v1-report-only
2026-08-15,Cam Schlittler,693645,5.76531356803126,5,5+,0.7653135680312602,7.0,True,0.6913375257309959,0.09527252302186359,HIGH,79,21.08347091533089,0.75-0.99,75-89,LOW_K_<22,True,NONE,True,k-ladder-reliability-shadow-v1-report-only
2026-08-15,Braydon Fisher,680755,3.1565460243819308,3,3+,0.15654602438193077,0.0,False,0.6019522711746403,0.3623465367723077,MEDIUM,56,24.33876440330708,0.00-0.24,50-74,MID_K_22-24.9,True,NONE,True,k-ladder-reliability-shadow-v1-report-only
2026-08-15,Michael Lorenzen,547179,4.173256011909386,4,4+,0.17325601190938578,1.0,False,0.6060032692833557,0.3672399623821153,HIGH,79,20.989147327779488,0.00-0.24,75-89,LOW_K_<22,True,NONE,True,k-ladder-reliability-shadow-v1-report-only
2026-08-15,Logan Webb,657277,5.51839318904492,5,5+,0.5183931890449198,7.0,True,0.6544974299979243,0.11937202587803925,HIGH,76,22.928116873182663,0.50-0.74,75-89,MID_K_22-24.9,True,NONE,True,k-ladder-reliability-shadow-v1-report-only
2026-08-15,Brad Lord,695418,3.8440168524749634,3,3+,0.8440168524749634,1.0,False,0.7388357192287311,0.5458782200082365,HIGH,76,22.40127994997025,0.75-0.99,75-89,MID_K_22-24.9,True,NONE,True,k-ladder-reliability-shadow-v1-report-only
2026-08-15,Sean Manaea,640455,5.368189786752298,5,5+,0.3681897867522981,7.0,True,0.623626726635202,0.14165684090333294,HIGH,78,22.43566373632261,0.25-0.49,75-89,MID_K_22-24.9,True,NONE,True,k-ladder-reliability-shadow-v1-report-only
2026-08-15,Kyle Bradish,680694,4.529826520715504,4,4+,0.5298265207155044,3.0,False,0.6447638047220614,0.41572036387966854,HIGH,78,18.273325057568787,0.50-0.74,75-89,LOW_K_<22,True,NONE,True,k-ladder-reliability-shadow-v1-report-only
2026-08-15,Ian Seymour,693855,5.399951571868048,5,5+,0.39995157186804775,9.0,True,0.6012879360608815,0.15897130993059172,HIGH,65,25.31342791309677,0.25-0.49,50-74,HIGH_K_25+,True,NONE,True,k-ladder-reliability-shadow-v1-report-only
2026-08-15,Ryan Gusto,687473,4.531679633410276,4,4+,0.5316796334102758,6.0,True,0.6578910201675283,0.11703855408201452,HIGH,79,24.735702548816,0.50-0.74,75-89,MID_K_22-24.9,True,NONE,True,k-ladder-reliability-shadow-v1-report-only
2026-08-15,Brady Singer,663903,5.221973800020474,5,5+,0.22197380002047407,4.0,False,0.6048801964687986,0.36588005208013247,HIGH,78,23.56241731301588,0.00-0.24,75-89,MID_K_22-24.9,True,NONE,True,k-ladder-reliability-shadow-v1-report-only
2026-08-15,Joey Cantillo,676282,4.399320485164076,4,4+,0.39932048516407637,7.0,True,0.6243921683583048,0.14108124319057605,HIGH,79,20.987560174294828,0.25-0.49,75-89,LOW_K_<22,True,NONE,True,k-ladder-reliability-shadow-v1-report-only
2026-08-15,Emerson Hancock,676106,5.06781795311276,5,5+,0.06781795311276007,8.0,True,0.5584341572079332,0.19498039352066823,HIGH,77,21.287779888728707,0.00-0.24,75-89,LOW_K_<22,True,NONE,True,k-ladder-reliability-shadow-v1-report-only
2026-08-15,Hayden Wesneski,669713,4.639624601441137,4,4+,0.6396246014411373,6.0,True,0.6741316378269955,0.10619018946531644,MEDIUM,58,19.68465309634883,0.50-0.74,50-74,LOW_K_<22,True,NONE,True,k-ladder-reliability-shadow-v1-report-only
2026-08-15,Jesús Luzardo,666200,6.146693838277013,6,6+,0.1466938382770131,9.0,True,0.5738785480019722,0.18157949185290748,HIGH,79,20.40438615745381,0.00-0.24,75-89,LOW_K_<22,True,NONE,True,k-ladder-reliability-shadow-v1-report-only
2026-08-15,Connor Prielipp,687570,5.01449363583585,5,5+,0.014493635835849616,6.0,True,0.5646351894209218,0.1895425182905566,HIGH,68,21.043805828615547,0.00-0.24,50-74,LOW_K_<22,True,NONE,True,k-ladder-reliability-shadow-v1-report-only
2026-08-15,Sonny Gray,543243,5.404713263895313,5,5+,0.4047132638953128,7.0,True,0.6162312927165359,0.14727842069002117,HIGH,77,22.49866327539845,0.25-0.49,75-89,MID_K_22-24.9,True,NONE,True,k-ladder-reliability-shadow-v1-report-only
2026-08-15,Jared Jones,683003,4.369522756824493,4,4+,0.36952275682449276,7.0,True,0.6421318657873842,0.12806960148481877,HIGH,64,20.05680070777109,0.25-0.49,50-74,LOW_K_<22,True,NONE,True,k-ladder-reliability-shadow-v1-report-only
2026-08-15,Eduardo Rodriguez,593958,5.003575211179797,5,5+,0.0035752111797968666,5.0,True,0.5653739607063554,0.18889979403208074,HIGH,79,21.033908937078003,0.00-0.24,75-89,LOW_K_<22,True,NONE,True,k-ladder-reliability-shadow-v1-report-only
2026-08-15,Grant Holmes,656550,4.209018734059028,4,4+,0.20901873405902816,3.0,False,0.6112168913419442,0.3735860882617101,HIGH,77,20.230030645370363,0.00-0.24,75-89,LOW_K_<22,True,NONE,True,k-ladder-reliability-shadow-v1-report-only
2026-08-15,Jacob Misiorowski,694819,6.337775222291999,6,6+,0.33777522229199874,6.0,True,0.6153519600299711,0.147954114652785,HIGH,77,21.30220350706561,0.25-0.49,75-89,LOW_K_<22,True,NONE,True,k-ladder-reliability-shadow-v1-report-only
2026-08-15,Justin Wrobleski,680736,5.040592301170672,5,5+,0.040592301170671696,6.0,True,0.5477007499606525,0.20457461158615614,HIGH,72,21.54922601120775,0.00-0.24,50-74,LOW_K_<22,True,NONE,True,k-ladder-reliability-shadow-v1-report-only
2026-08-15,Randy Dobnak,677976,4.623363071899023,4,4+,0.6233630718990231,6.0,True,0.6850322630626892,0.09920467531141104,MEDIUM,52,23.11314232678908,0.50-0.74,50-74,MID_K_22-24.9,True,NONE,True,k-ladder-reliability-shadow-v1-report-only
2026-08-15,Reid Detmers,672282,5.304542788020525,5,5+,0.3045427880205249,11.0,True,0.6106868840594004,0.15156470224337873,HIGH,79,21.19918859407736,0.25-0.49,75-89,LOW_K_<22,True,NONE,True,k-ladder-reliability-shadow-v1-report-only
2026-08-15,MacKenzie Gore,669022,5.728918305023873,5,5+,0.728918305023873,5.0,True,0.6805286606241763,0.10206193668258275,HIGH,79,22.804660450717712,0.50-0.74,75-89,MID_K_22-24.9,True,NONE,True,k-ladder-reliability-shadow-v1-report-only
2026-08-15,J.T. Ginn,669372,5.2555044065094165,5,5+,0.2555044065094165,7.0,True,0.6056588834603529,0.15550491619373552,HIGH,76,22.51241168839586,0.25-0.49,75-89,MID_K_22-24.9,True,NONE,True,k-ladder-reliability-shadow-v1-report-only
2026-08-16,Trevor Rogers,669432,4.653793981338421,4,4+,0.6537939813384206,6.0,True,0.6889548245032375,0.09674910119981177,HIGH,77,19.95954899794461,0.50-0.74,75-89,LOW_K_<22,True,NONE,True,k-ladder-reliability-shadow-v1-report-only
2026-08-16,Freddy Peralta,642547,5.157942880566768,5,5+,0.1579428805667682,2.0,False,0.5959993327795998,0.3552152046737282,HIGH,79,24.27081959527378,0.00-0.24,75-89,MID_K_22-24.9,True,NONE,True,k-ladder-reliability-shadow-v1-report-only
2026-08-16,Patrick Sandoval,663776,5.361548644646005,5,5+,0.361548644646005,6.0,True,0.6307752847520525,0.13632689034992793,MEDIUM,53,24.378865037344312,0.25-0.49,50-74,MID_K_22-24.9,True,NONE,True,k-ladder-reliability-shadow-v1-report-only
2026-08-16,Lake Bachar,669199,3.0540215443291974,3,3+,0.05402154432919737,4.0,True,0.5836707982107193,0.1733300042624996,MEDIUM,52,20.844726432873497,0.00-0.24,50-74,LOW_K_<22,True,NONE,True,k-ladder-reliability-shadow-v1-report-only
2026-08-16,Michael Soroka,647336,4.638304993677666,4,4+,0.6383049936776661,5.0,True,0.640896337828412,0.12895544018504598,HIGH,68,21.89442057067619,0.50-0.74,50-74,LOW_K_<22,True,NONE,True,k-ladder-reliability-shadow-v1-report-only
2026-08-16,Bryce Elder,693821,5.006204567084418,5,5+,0.006204567084417967,5.0,True,0.566190463611735,0.18819071386140143,HIGH,78,20.90183353450496,0.00-0.24,75-89,LOW_K_<22,True,NONE,True,k-ladder-reliability-shadow-v1-report-only
2026-08-16,Ryan Weathers,677960,5.199156922758577,5,5+,0.19915692275857744,4.0,False,0.5985650865794739,0.3582801628718931,HIGH,78,20.935077406984973,0.00-0.24,75-89,LOW_K_<22,True,NONE,True,k-ladder-reliability-shadow-v1-report-only
2026-08-16,Dylan Cease,656302,6.797942636173971,6,6+,0.7979426361739712,10.0,True,0.6866530327561862,0.09818632188089574,HIGH,77,23.514686971575298,0.75-0.99,75-89,MID_K_22-24.9,True,NONE,True,k-ladder-reliability-shadow-v1-report-only
2026-08-16,Jake Irvin,663623,4.414384550836889,4,4+,0.4143845508368891,6.0,True,0.6529868645581896,0.12041811616915628,HIGH,65,22.07675214072664,0.25-0.49,50-74,MID_K_22-24.9,True,NONE,True,k-ladder-reliability-shadow-v1-report-only
2026-08-16,Christian Scott,681035,4.8926211615611,4,4+,0.8926211615610997,7.0,True,0.7262390042125064,0.07494508281456008,HIGH,70,20.43659138245001,0.75-0.99,50-74,LOW_K_<22,True,NONE,True,k-ladder-reliability-shadow-v1-report-only
2026-08-16,Casey Mize,663554,4.626856302479892,4,4+,0.6268563024798919,3.0,False,0.6765885532227918,0.45777207035211054,HIGH,71,19.598513905737644,0.50-0.74,50-74,LOW_K_<22,True,NONE,True,k-ladder-reliability-shadow-v1-report-only
2026-08-16,Tanner Bibee,676440,4.900820874019503,4,4+,0.9008208740195034,3.0,False,0.7271359934852468,0.528726753021777,HIGH,79,20.38183401030391,0.75-0.99,75-89,LOW_K_<22,True,NONE,True,k-ladder-reliability-shadow-v1-report-only
2026-08-16,Sean Burke,680732,5.372787716023881,5,5+,0.37278771602388083,2.0,False,0.6240310419855273,0.3894147413615429,HIGH,74,20.8863101822336,0.25-0.49,50-74,LOW_K_<22,True,NONE,True,k-ladder-reliability-shadow-v1-report-only
2026-08-16,Drew Anderson,623454,3.6685559209445335,3,3+,0.6685559209445335,5.0,True,0.6548439651229536,0.11913268841204486,MEDIUM,50,23.02129423398826,0.50-0.74,50-74,MID_K_22-24.9,True,NONE,True,k-ladder-reliability-shadow-v1-report-only
2026-08-16,Eury Pérez,691587,5.708494599050562,5,5+,0.708494599050562,5.0,True,0.6840609421484402,0.09981748827613128,HIGH,76,24.23788731635306,0.50-0.74,75-89,MID_K_22-24.9,True,NONE,True,k-ladder-reliability-shadow-v1-report-only
2026-08-16,Nick Lodolo,666157,4.500722335947863,4,4+,0.500722335947863,2.0,False,0.6632557382878985,0.43990817437182533,HIGH,64,21.48718983466159,0.50-0.74,50-74,LOW_K_<22,True,NONE,True,k-ladder-reliability-shadow-v1-report-only
2026-08-16,Andrew Painter,691725,4.161655880868947,4,4+,0.16165588086894722,2.0,False,0.6021541371933583,0.36258960493907777,HIGH,66,20.610453266920665,0.00-0.24,50-74,LOW_K_<22,True,NONE,True,k-ladder-reliability-shadow-v1-report-only
2026-08-16,Dean Kremer,665152,4.432639319822826,4,4+,0.432639319822826,6.0,True,0.6542786800447158,0.11952323107162399,HIGH,79,19.658705635002683,0.25-0.49,75-89,LOW_K_<22,True,NONE,True,k-ladder-reliability-shadow-v1-report-only
2026-08-16,Hunter Dobbins,690928,4.539976940292121,4,4+,0.5399769402921208,7.0,True,0.6659297088803297,0.1116029594087813,HIGH,70,22.71734598291316,0.50-0.74,50-74,MID_K_22-24.9,True,NONE,True,k-ladder-reliability-shadow-v1-report-only
2026-08-16,Edward Cabrera,665795,4.565164903313475,4,4+,0.5651649033134749,2.0,False,0.6755369477123826,0.45635016772456233,HIGH,65,20.90532564578737,0.50-0.74,50-74,LOW_K_<22,True,NONE,True,k-ladder-reliability-shadow-v1-report-only
2026-08-16,Gabriel Hughes,687312,4.825934159552915,4,4+,0.825934159552915,2.0,False,0.7263007622434341,0.5275127972353933,MEDIUM,53,20.79758689626684,0.75-0.99,50-74,LOW_K_<22,True,NONE,True,k-ladder-reliability-shadow-v1-report-only
2026-08-16,Blade Tidwell,694918,4.555084306412306,4,4+,0.5550843064123061,1.0,False,0.6755208846246001,0.4563284655640023,MEDIUM,50,21.918395943059203,0.50-0.74,50-74,LOW_K_<22,True,NONE,True,k-ladder-reliability-shadow-v1-report-only
2026-08-16,Cody Bradford,674003,4.845734792117946,4,4+,0.8457347921179457,4.0,True,0.7192517904371419,0.07881955717275047,MEDIUM,47,22.5022612070238,0.75-0.99,<50,MID_K_22-24.9,True,NONE,True,k-ladder-reliability-shadow-v1-report-only
2026-08-16,Jacob Lopez,682052,4.715502572247446,4,4+,0.7155025722474457,6.0,True,0.6676650981827281,0.11044648696589573,HIGH,68,23.76393557536326,0.50-0.74,50-74,MID_K_22-24.9,True,NONE,True,k-ladder-reliability-shadow-v1-report-only
2026-08-16,Noah Cameron,702070,5.700107394222463,5,5+,0.7001073942224627,8.0,True,0.6757004929574177,0.10517017026806186,HIGH,77,24.80854159188163,0.50-0.74,75-89,MID_K_22-24.9,True,NONE,True,k-ladder-reliability-shadow-v1-report-only
2026-08-16,Ryan Johnson,696270,4.119426045711611,4,4+,0.1194260457116112,4.0,True,0.5909991592165742,0.16728168776154922,HIGH,60,21.71398100632892,0.00-0.24,50-74,LOW_K_<22,True,NONE,True,k-ladder-reliability-shadow-v1-report-only
2026-08-16,Logan Henderson,701656,5.166586769096899,5,5+,0.16658676909689873,6.0,True,0.5932312301862741,0.16546083209577192,HIGH,68,21.070773457124137,0.00-0.24,50-74,LOW_K_<22,True,NONE,True,k-ladder-reliability-shadow-v1-report-only
2026-08-16,Tarik Skubal,669373,5.825653446777954,5,5+,0.8256534467779542,7.0,True,0.7031090124510261,0.08814425848780498,HIGH,71,21.702129383491613,0.75-0.99,50-74,LOW_K_<22,True,NONE,True,k-ladder-reliability-shadow-v1-report-only
2026-08-16,Bryan Woo,693433,5.01676483607724,5,5+,0.016764836077239664,5.0,True,0.5602173660957969,0.19340876508371835,HIGH,78,19.58200694342229,0.00-0.24,75-89,LOW_K_<22,True,NONE,True,k-ladder-reliability-shadow-v1-report-only
2026-08-16,Hunter Brown,686613,5.072816727384349,5,5+,0.07281672738434875,5.0,True,0.5826466238057282,0.17418384062075737,HIGH,62,20.74584306509969,0.00-0.24,50-74,LOW_K_<22,True,NONE,True,k-ladder-reliability-shadow-v1-report-only
2026-08-17,Rhett Lowder,695076,4.518264999827,4,4+,0.5182649998270001,5.0,True,0.6617108412907352,0.11443955490022215,HIGH,71,20.705664306645787,0.50-0.74,50-74,LOW_K_<22,True,NONE,True,k-ladder-reliability-shadow-v1-report-only
2026-08-17,Brandon Young,687064,4.714334282367846,4,4+,0.7143342823678456,3.0,False,0.7015351507973944,0.49215156780432284,HIGH,74,18.17085615990853,0.50-0.74,50-74,LOW_K_<22,True,NONE,True,k-ladder-reliability-shadow-v1-report-only
2026-08-17,Shane McClanahan,663556,4.666088442026614,4,4+,0.6660884420266138,3.0,False,0.6929807155204217,0.4802222720831957,HIGH,74,24.91752900254053,0.50-0.74,50-74,MID_K_22-24.9,True,NONE,True,k-ladder-reliability-shadow-v1-report-only
2026-08-17,Janson Junk,676083,3.993388375197344,3,3+,0.9933883751973438,2.0,False,0.7670849116861457,0.5884192617365419,HIGH,70,19.917622843470216,0.75-0.99,50-74,LOW_K_<22,True,NONE,True,k-ladder-reliability-shadow-v1-report-only
2026-08-17,Cristopher Sánchez,650911,5.963363872142812,5,5+,0.9633638721428124,6.0,True,0.7145762530787226,0.0814667153065814,HIGH,79,21.22279498272504,0.75-0.99,75-89,LOW_K_<22,True,NONE,True,k-ladder-reliability-shadow-v1-report-only
2026-08-17,Framber Valdez,664285,5.233219003117307,5,5+,0.23321900311730737,5.0,True,0.6015178891426551,0.15878799267332527,HIGH,79,23.233456482732347,0.00-0.24,75-89,MID_K_22-24.9,True,NONE,True,k-ladder-reliability-shadow-v1-report-only
2026-08-17,Carmen Mlodzinski,669387,3.587177619214837,3,3+,0.5871776192148368,3.0,True,0.6592414390257951,0.1161163968772109,HIGH,78,20.143891746063584,0.50-0.74,75-89,LOW_K_<22,True,NONE,True,k-ladder-reliability-shadow-v1-report-only
2026-08-17,Mitch Bratt,683352,4.223785431458687,4,4+,0.2237854314586869,0.0,False,0.5759023492227857,0.33166351584032344,MEDIUM,54,20.98643886745273,0.00-0.24,50-74,LOW_K_<22,True,NONE,True,k-ladder-reliability-shadow-v1-report-only
2026-08-17,Walker Buehler,621111,4.52204327956815,4,4+,0.52204327956815,4.0,True,0.6699508058898216,0.10893247053277823,HIGH,79,22.33840418631468,0.50-0.74,75-89,MID_K_22-24.9,True,NONE,True,k-ladder-reliability-shadow-v1-report-only
2026-08-17,Nolan McLean,690997,5.60565164504754,5,5+,0.6056516450475398,3.0,False,0.6669871538791641,0.4448718634398277,HIGH,79,20.28157710358378,0.50-0.74,75-89,LOW_K_<22,True,NONE,True,k-ladder-reliability-shadow-v1-report-only
2026-08-17,Mason Barnett,686930,4.215105119532577,4,4+,0.21510511953257705,2.0,False,0.5819077575583946,0.3386166383066394,MEDIUM,56,20.915771766309817,0.00-0.24,50-74,LOW_K_<22,True,NONE,True,k-ladder-reliability-shadow-v1-report-only
2026-08-17,Michael Wacha,608379,4.988548340582685,4,4+,0.9885483405826854,3.0,False,0.7459746051504759,0.5564781115294084,HIGH,79,19.53720233538478,0.75-0.99,75-89,LOW_K_<22,True,NONE,True,k-ladder-reliability-shadow-v1-report-only
2026-08-17,Martín Pérez,527048,3.997922197560462,3,3+,0.9979221975604622,3.0,True,0.7517550114502545,0.061625574340063285,HIGH,72,21.734016546000344,0.75-0.99,50-74,LOW_K_<22,True,NONE,True,k-ladder-reliability-shadow-v1-report-only
2026-08-17,Bailey Ober,641927,4.552692426074534,4,4+,0.5526924260745343,4.0,True,0.6503625870334073,0.12224632054597166,HIGH,71,21.653343010487905,0.50-0.74,50-74,LOW_K_<22,True,NONE,True,k-ladder-reliability-shadow-v1-report-only
2026-08-17,Luis Castillo,622491,4.958051101479114,4,4+,0.9580511014791142,1.0,False,0.7371783481006993,0.5434319169084757,HIGH,72,22.146204710436106,0.75-0.99,50-74,MID_K_22-24.9,True,NONE,True,k-ladder-reliability-shadow-v1-report-only
2026-08-17,Shota Imanaga,684007,5.318246670709621,5,5+,0.3182466707096214,10.0,True,0.6170572880387912,0.14664512064420532,HIGH,79,23.232344189016565,0.25-0.49,75-89,MID_K_22-24.9,True,NONE,True,k-ladder-reliability-shadow-v1-report-only
2026-08-17,Blake Snell,605483,5.358647602224803,5,5+,0.35864760222480285,5.0,True,0.5913835255926686,0.16696742315707733,HIGH,64,24.106763070938943,0.25-0.49,50-74,MID_K_22-24.9,True,NONE,True,k-ladder-reliability-shadow-v1-report-only
2026-08-17,Tomoyuki Sugano,608372,3.9399266163000446,3,3+,0.9399266163000446,3.0,True,0.7651087614372849,0.055173893953526336,HIGH,76,21.230136659301643,0.75-0.99,75-89,LOW_K_<22,True,NONE,True,k-ladder-reliability-shadow-v1-report-only
2026-08-17,Quinn Mathews,687273,5.397625398488667,5,5+,0.3976253984886666,7.0,True,0.6320015663810452,0.13542284714600428,MEDIUM,46,24.26701971652553,0.25-0.49,<50,MID_K_22-24.9,True,NONE,True,k-ladder-reliability-shadow-v1-report-only
2026-08-17,Andre Pallante,669467,5.035533662626852,5,5+,0.03553366262685209,5.0,True,0.5724537197314659,0.18279582177145995,HIGH,70,25.19924098671727,0.00-0.24,50-74,HIGH_K_25+,True,NONE,True,k-ladder-reliability-shadow-v1-report-only
2026-08-17,Kent Emanuel,592288,4.658534057548187,4,4+,0.6585340575481871,4.0,True,0.6904975447173063,0.09579176982601582,MEDIUM,46,20.633866695047804,0.50-0.74,<50,LOW_K_<22,True,NONE,True,k-ladder-reliability-shadow-v1-report-only
2026-08-17,Alec Gamboa,687941,4.689950643277936,4,4+,0.6899506432779363,1.0,False,0.6939752181049976,0.481601603343879,MEDIUM,46,20.817064666046907,0.50-0.74,<50,LOW_K_<22,True,NONE,True,k-ladder-reliability-shadow-v1-report-only
2026-08-18,Carlos Rodón,607074,5.61537454976998,5,5+,0.6153745497699799,4.0,False,0.6728037166210498,0.4526648410990978,HIGH,79,25.322880581845425,0.50-0.74,75-89,HIGH_K_25+,True,NONE,True,k-ladder-reliability-shadow-v1-report-only
2026-08-18,Shane Baz,669358,5.414982918719831,5,5+,0.41498291871983106,10.0,True,0.6376840288175156,0.13127286297390686,HIGH,79,24.43381865349852,0.25-0.49,75-89,MID_K_22-24.9,True,NONE,True,k-ladder-reliability-shadow-v1-report-only
2026-08-18,Keider Montero,672456,4.653182668769521,4,4+,0.6531826687695208,3.0,False,0.6901803764181751,0.47634895199273386,HIGH,74,23.88399289693152,0.50-0.74,50-74,MID_K_22-24.9,True,NONE,True,k-ladder-reliability-shadow-v1-report-only
2026-08-18,Braxton Ashcraft,677952,5.346787593098446,5,5+,0.34678759309844587,4.0,False,0.6267721858011464,0.3928433728939467,HIGH,79,20.55205269087232,0.25-0.49,75-89,LOW_K_<22,True,NONE,True,k-ladder-reliability-shadow-v1-report-only
2026-08-18,Carson Whisenhunt,687931,4.140867861084864,4,4+,0.14086786108486393,1.0,False,0.6012364846071816,0.36148531042280174,HIGH,60,20.724142860867417,0.00-0.24,50-74,LOW_K_<22,True,NONE,True,k-ladder-reliability-shadow-v1-report-only
2026-08-18,Foster Griffin,656492,5.459779377135535,5,5+,0.4597793771355354,6.0,True,0.6366893993933493,0.13199459251316523,HIGH,79,24.849948372494257,0.25-0.49,75-89,MID_K_22-24.9,True,NONE,True,k-ladder-reliability-shadow-v1-report-only
2026-08-18,Kyle Leahy,681517,4.94040689536778,4,4+,0.9404068953677802,6.0,True,0.7283763054342127,0.0737794314495681,HIGH,78,25.14447443843592,0.75-0.99,75-89,HIGH_K_25+,True,NONE,True,k-ladder-reliability-shadow-v1-report-only
2026-08-18,Andrew Abbott,671096,4.409029753133487,4,4+,0.40902975313348744,6.0,True,0.6541143289488854,0.11963689743847983,HIGH,79,19.399353336394565,0.25-0.49,75-89,LOW_K_<22,True,NONE,True,k-ladder-reliability-shadow-v1-report-only
2026-08-18,José Soriano,667755,4.674917674843069,4,4+,0.6749176748430692,2.0,False,0.6810094403693399,0.46377385787216147,HIGH,79,18.475063138022666,0.50-0.74,75-89,LOW_K_<22,True,NONE,True,k-ladder-reliability-shadow-v1-report-only
2026-08-18,Nick Martinez,607259,4.219537306215175,4,4+,0.21953730621517487,5.0,True,0.6132028909033581,0.1496120036055195,HIGH,78,19.182688091506847,0.00-0.24,75-89,LOW_K_<22,True,NONE,True,k-ladder-reliability-shadow-v1-report-only
2026-08-18,Zack Wheeler,554430,5.387025936398032,5,5+,0.3870259363980324,7.0,True,0.6112085632922628,0.15115878125726642,HIGH,74,21.78487745115868,0.25-0.49,50-74,LOW_K_<22,True,NONE,True,k-ladder-reliability-shadow-v1-report-only
2026-08-18,Merrill Kelly,518876,4.246455249022981,4,4+,0.246455249022981,2.0,False,0.6200453376457966,0.38445622073628993,HIGH,77,20.66461421413838,0.00-0.24,75-89,LOW_K_<22,True,NONE,True,k-ladder-reliability-shadow-v1-report-only
2026-08-18,Ranger Suarez,624133,4.374293519604724,4,4+,0.37429351960472435,3.0,False,0.6132866542953883,0.37612052033683113,HIGH,76,19.916866485637936,0.25-0.49,75-89,LOW_K_<22,True,NONE,True,k-ladder-reliability-shadow-v1-report-only
2026-08-18,Robbie Ray,592662,4.933170546179699,4,4+,0.9331705461796993,4.0,True,0.7343244863751449,0.07058347853983056,HIGH,78,23.161039006666417,0.75-0.99,75-89,MID_K_22-24.9,True,NONE,True,k-ladder-reliability-shadow-v1-report-only
2026-08-18,Zac Thornton,804267,4.4099868077574325,4,4+,0.40998680775743246,7.0,True,0.6515355437979033,0.12142747723622294,MEDIUM,56,20.974668319033285,0.25-0.49,50-74,LOW_K_<22,True,NONE,True,k-ladder-reliability-shadow-v1-report-only
2026-08-18,Jack Perkins,678022,4.843276836156122,4,4+,0.8432768361561216,4.0,True,0.7214661873203427,0.07758108480586641,MEDIUM,58,20.520943329813445,0.75-0.99,50-74,LOW_K_<22,True,NONE,True,k-ladder-reliability-shadow-v1-report-only
2026-08-18,Tyler Mahle,641816,4.842366678156418,4,4+,0.8423666781564183,3.0,False,0.7224644942780889,0.5219549454924948,HIGH,74,20.013612647855453,0.75-0.99,50-74,LOW_K_<22,True,NONE,True,k-ladder-reliability-shadow-v1-report-only
2026-08-18,Zebby Matthews,805673,5.082791831743988,5,5+,0.08279183174398774,4.0,False,0.5832146220335358,0.34013929535372,HIGH,68,22.622269709549823,0.00-0.24,50-74,MID_K_22-24.9,True,NONE,True,k-ladder-reliability-shadow-v1-report-only
2026-08-18,Bryce Miller,682243,5.4469117040175,5,5+,0.44691170401750036,3.0,False,0.6196149170940703,0.38392264548549165,HIGH,65,22.99280301399021,0.25-0.49,50-74,MID_K_22-24.9,True,NONE,True,k-ladder-reliability-shadow-v1-report-only
2026-08-18,Kyle Harrison,690986,4.9877979754341375,4,4+,0.9877979754341375,8.0,True,0.676450816078473,0.10468407441628609,HIGH,72,22.430522041229484,0.75-0.99,50-74,MID_K_22-24.9,True,NONE,True,k-ladder-reliability-shadow-v1-report-only
2026-08-18,Jackson Kent,800600,4.6131389371797855,4,4+,0.6131389371797855,3.0,False,0.6819290033314633,0.4650271655846429,MEDIUM,46,24.85143545822505,0.50-0.74,<50,MID_K_22-24.9,True,NONE,True,k-ladder-reliability-shadow-v1-report-only
2026-08-18,Cal Quantrill,615698,3.981394497915155,3,3+,0.9813944979151552,5.0,True,0.7638833333570869,0.055751080266560546,HIGH,79,21.30772571226938,0.75-0.99,75-89,LOW_K_<22,True,NONE,True,k-ladder-reliability-shadow-v1-report-only
2026-08-18,Kevin Gausman,592332,5.497617917478005,5,5+,0.49761791747800466,5.0,True,0.6478624126174908,0.12400088044757432,HIGH,79,23.01277648672004,0.25-0.49,75-89,MID_K_22-24.9,True,NONE,True,k-ladder-reliability-shadow-v1-report-only
2026-08-18,George Klassen,691946,4.029905027424963,4,4+,0.029905027424963038,7.0,True,0.5765604760165783,0.17930103047130672,MEDIUM,50,20.87241779254917,0.00-0.24,50-74,LOW_K_<22,True,NONE,True,k-ladder-reliability-shadow-v1-report-only
2026-08-18,Cristian Javier,664299,4.0800288699010405,4,4+,0.08002886990104052,5.0,True,0.579507783918051,0.17681370378550848,HIGH,65,22.249915916773308,0.00-0.24,50-74,MID_K_22-24.9,True,NONE,True,k-ladder-reliability-shadow-v1-report-only
2026-08-18,Eric Lauer,641778,4.436150818968063,4,4+,0.43615081896806274,6.0,True,0.641621397185227,0.1284352229554688,HIGH,68,24.820312761648854,0.25-0.49,50-74,MID_K_22-24.9,True,NONE,True,k-ladder-reliability-shadow-v1-report-only
2026-08-18,Ryan Feltner,663372,4.085502846631547,4,4+,0.08550284663154706,3.0,False,0.5793322678351451,0.33562587655501236,HIGH,71,21.11394098691047,0.00-0.24,50-74,LOW_K_<22,True,NONE,True,k-ladder-reliability-shadow-v1-report-only
2026-08-18,Brady Basso,669620,3.2883440164111546,3,3+,0.2883440164111546,1.0,False,0.6310769899986508,0.3982581673057572,MEDIUM,47,21.878798691646907,0.25-0.49,<50,LOW_K_<22,True,NONE,True,k-ladder-reliability-shadow-v1-report-only
2026-08-18,Daniel Lynch IV,663738,3.285548322264458,3,3+,0.28554832226445814,1.0,False,0.6389631324043334,0.40827388457195773,MEDIUM,50,22.42456280160091,0.25-0.49,50-74,MID_K_22-24.9,True,NONE,True,k-ladder-reliability-shadow-v1-report-only
2026-08-19,Jackson Jobe,695549,4.510444868440044,4,4+,0.510444868440044,3.0,False,0.6699401098522169,0.4488197507888004,HIGH,62,23.40887367743373,0.50-0.74,50-74,MID_K_22-24.9,True,NONE,True,k-ladder-reliability-shadow-v1-report-only
2026-08-19,Paul Skenes,694973,5.443366497409093,5,5+,0.44336649740909273,5.0,True,0.6367344220562755,0.13196188011878818,HIGH,79,20.77110920082456,0.25-0.49,75-89,LOW_K_<22,True,NONE,True,k-ladder-reliability-shadow-v1-report-only
2026-08-19,Michael King,650633,5.073213228237977,5,5+,0.07321322823797694,4.0,False,0.5800105720206274,0.33641226365569543,HIGH,79,22.108177854910544,0.00-0.24,75-89,MID_K_22-24.9,True,NONE,True,k-ladder-reliability-shadow-v1-report-only
2026-08-19,Robert Stock,476594,4.3612403298526,4,4+,0.3612403298525999,6.0,True,0.6434283774234664,0.12714332202686196,MEDIUM,48,20.226733532505573,0.25-0.49,<50,LOW_K_<22,True,NONE,True,k-ladder-reliability-shadow-v1-report-only
2026-08-19,AJ Smith-Shawver,700363,4.233027144207289,4,4+,0.23302714420728865,3.0,False,0.6050797910815902,0.3661215535753408,MEDIUM,59,20.347955010254204,0.00-0.24,50-74,LOW_K_<22,True,NONE,True,k-ladder-reliability-shadow-v1-report-only
2026-08-19,Taj Bradley,671737,5.684919719738696,5,5+,0.684919719738696,7.0,True,0.6709931371209346,0.10824551582152417,HIGH,79,21.80299159068786,0.50-0.74,75-89,LOW_K_<22,True,NONE,True,k-ladder-reliability-shadow-v1-report-only
2026-08-19,Clay Holmes,605280,4.483154365728499,4,4+,0.4831543657284989,1.0,False,0.6646567353550599,0.44176857585284607,HIGH,79,23.192219466516462,0.25-0.49,75-89,MID_K_22-24.9,True,NONE,True,k-ladder-reliability-shadow-v1-report-only
2026-08-19,Brandon Pfaadt,694297,4.378245622636715,4,4+,0.37824562263671524,8.0,True,0.6439832313195522,0.12674793958166752,HIGH,62,21.30023007391956,0.25-0.49,50-74,LOW_K_<22,True,NONE,True,k-ladder-reliability-shadow-v1-report-only
2026-08-19,Payton Tolle,801139,5.173953729346422,5,5+,0.1739537293464224,6.0,True,0.5724976114377731,0.1827582922264092,HIGH,74,19.67750371344257,0.00-0.24,50-74,LOW_K_<22,True,NONE,True,k-ladder-reliability-shadow-v1-report-only
2026-08-19,Sandy Alcantara,645261,5.190362114932669,5,5+,0.19036211493266908,1.0,False,0.6002935064265391,0.3603522938578694,HIGH,79,19.619946684171,0.00-0.24,75-89,LOW_K_<22,True,NONE,True,k-ladder-reliability-shadow-v1-report-only
2026-08-19,Aaron Nola,605400,5.325987810486483,5,5+,0.32598781048648284,8.0,True,0.6251698161507424,0.14049766672446826,HIGH,79,22.09592392160761,0.25-0.49,75-89,MID_K_22-24.9,True,NONE,True,k-ladder-reliability-shadow-v1-report-only
2026-08-19,Will Warren,701542,5.35430306156303,5,5+,0.35430306156303004,5.0,True,0.6151614054766996,0.1481007438346692,HIGH,78,25.48278213025437,0.25-0.49,75-89,HIGH_K_25+,True,NONE,True,k-ladder-reliability-shadow-v1-report-only
2026-08-19,Chris Bassitt,605135,4.745489881531514,4,4+,0.7454898815315136,6.0,True,0.6911658135138293,0.09537855474257484,HIGH,79,24.57296003453145,0.50-0.74,75-89,MID_K_22-24.9,True,NONE,True,k-ladder-reliability-shadow-v1-report-only
2026-08-19,Parker Messick,800048,5.8662311594836645,5,5+,0.8662311594836645,10.0,True,0.7093934186602199,0.08445218511799424,HIGH,79,24.18164113785489,0.75-0.99,75-89,MID_K_22-24.9,True,NONE,True,k-ladder-reliability-shadow-v1-report-only
2026-08-19,Matthew Liberatore,669461,5.0360527737266665,5,5+,0.03605277372666649,9.0,True,0.5703521654123769,0.18459726176583355,HIGH,79,24.321192183174382,0.00-0.24,75-89,MID_K_22-24.9,True,NONE,True,k-ladder-reliability-shadow-v1-report-only
2026-08-19,Chase Burns,695505,5.480226465839715,5,5+,0.4802264658397153,8.0,True,0.6468790214360485,0.12469442550196272,HIGH,78,20.97817422762588,0.25-0.49,75-89,LOW_K_<22,True,NONE,True,k-ladder-reliability-shadow-v1-report-only
2026-08-19,Max Scherzer,453286,3.811104589690931,3,3+,0.811104589690931,1.0,False,0.7027667937337911,0.49388116637487295,HIGH,79,18.11588264916211,0.75-0.99,75-89,LOW_K_<22,True,NONE,True,k-ladder-reliability-shadow-v1-report-only
2026-08-19,Drew Rasmussen,656876,5.224669289701269,5,5+,0.22466928970126876,5.0,True,0.5808672460402895,0.17567226544185122,HIGH,78,21.224056623806355,0.00-0.24,75-89,LOW_K_<22,True,NONE,True,k-ladder-reliability-shadow-v1-report-only
2026-08-19,Logan Gilbert,669302,5.717394751422095,5,5+,0.7173947514220949,5.0,True,0.6873989004942579,0.09771944741219887,HIGH,79,21.22807011897728,0.50-0.74,75-89,LOW_K_<22,True,NONE,True,k-ladder-reliability-shadow-v1-report-only
2026-08-19,Dustin May,669160,4.71223265085526,4,4+,0.7122326508552597,1.0,False,0.6796511704451221,0.46192571348742445,HIGH,78,20.2955970046892,0.50-0.74,75-89,LOW_K_<22,True,NONE,True,k-ladder-reliability-shadow-v1-report-only
2026-08-19,Cade Cavalli,676917,5.596987811813542,5,5+,0.5969878118135421,11.0,True,0.6287744850962453,0.13780838291555778,HIGH,79,23.00949677244176,0.50-0.74,75-89,MID_K_22-24.9,True,NONE,True,k-ladder-reliability-shadow-v1-report-only
2026-08-19,Kumar Rocker,677958,4.5068986117045,4,4+,0.5068986117045,3.0,False,0.6631446621943192,0.4397608429968178,HIGH,76,20.06751203702008,0.50-0.74,75-89,LOW_K_<22,True,NONE,True,k-ladder-reliability-shadow-v1-report-only
2026-08-19,Walbert Ureña,700712,4.70497713729241,4,4+,0.7049771372924099,7.0,True,0.6967577138965118,0.09195588408126983,HIGH,74,21.68695539276606,0.50-0.74,50-74,LOW_K_<22,True,NONE,True,k-ladder-reliability-shadow-v1-report-only
2026-08-19,Roki Sasaki,808963,4.779758171196984,4,4+,0.7797581711969839,6.0,True,0.7155992111131959,0.08088380871943651,HIGH,76,21.61482231091788,0.75-0.99,75-89,LOW_K_<22,True,NONE,True,k-ladder-reliability-shadow-v1-report-only
2026-08-19,Kyle Freeland,607536,4.674067341355391,4,4+,0.674067341355391,5.0,True,0.6921181871365443,0.09479121069208797,HIGH,77,19.612336180682423,0.50-0.74,75-89,LOW_K_<22,True,NONE,True,k-ladder-reliability-shadow-v1-report-only
2026-08-19,Sean Newcomb,656794,3.691783945868399,3,3+,0.6917839458683992,0.0,False,0.6995948978427262,0.4894330210875745,MEDIUM,54,21.19953791009463,0.50-0.74,50-74,LOW_K_<22,True,NONE,True,k-ladder-reliability-shadow-v1-report-only
2026-08-19,Seth Lugo,607625,4.659569149653388,4,4+,0.6595691496533878,3.0,False,0.6908774745189736,0.4773116847977151,HIGH,79,21.09955233241108,0.50-0.74,75-89,LOW_K_<22,True,NONE,True,k-ladder-reliability-shadow-v1-report-only
2026-08-19,Jeffrey Springs,605488,4.03921984202886,4,4+,0.039219842028860086,1.0,False,0.5763187340523268,0.3321432832196766,HIGH,77,21.11021844954611,0.00-0.24,75-89,LOW_K_<22,True,NONE,True,k-ladder-reliability-shadow-v1-report-only
2026-08-19,Matt Wilkinson,683363,4.504782238807596,4,4+,0.5047822388075964,0.0,False,0.6643637465327242,0.44137918770699786,MEDIUM,46,19.05971031536159,0.50-0.74,<50,LOW_K_<22,True,NONE,True,k-ladder-reliability-shadow-v1-report-only
2026-08-19,Ethan Pecko,814490,3.12370571311448,3,3+,0.12370571311448009,4.0,True,0.5922061648465035,0.1662958119891971,LOW,46,23.43186845436612,0.00-0.24,<50,MID_K_22-24.9,True,NONE,True,k-ladder-reliability-shadow-v1-report-only
2026-08-20,Michael McGreevy,700241,4.830287037029995,4,4+,0.8302870370299953,4.0,True,0.7205380913538724,0.07809895838413658,HIGH,79,24.628194176372087,0.75-0.99,75-89,MID_K_22-24.9,True,NONE,True,k-ladder-reliability-shadow-v1-report-only
2026-08-20,Brady Singer,663903,4.975886953872402,4,4+,0.9758869538724024,3.0,False,0.7404401807135985,0.5482516612151864,HIGH,79,21.454865906789124,0.75-0.99,75-89,LOW_K_<22,True,NONE,True,k-ladder-reliability-shadow-v1-report-only
2026-08-20,Landen Roupp,694738,4.892290798953244,4,4+,0.892290798953244,2.0,False,0.7280124613773251,0.5300021439206712,HIGH,79,19.3642166088198,0.75-0.99,75-89,LOW_K_<22,True,NONE,True,k-ladder-reliability-shadow-v1-report-only
2026-08-20,Gavin Williams,668909,5.8766220812787004,5,5+,0.8766220812787004,11.0,True,0.6970598189645958,0.09177275328576348,HIGH,79,21.193570530635263,0.75-0.99,75-89,LOW_K_<22,True,NONE,True,k-ladder-reliability-shadow-v1-report-only
2026-08-20,Shane Bieber,669456,4.371613704416658,4,4+,0.3716137044166583,7.0,True,0.6384308771193807,0.13073223062066036,HIGH,70,18.665306923586265,0.25-0.49,50-74,LOW_K_<22,True,NONE,True,k-ladder-reliability-shadow-v1-report-only
2026-08-20,Ian Seymour,693855,5.177023303035572,5,5+,0.1770233030355719,8.0,True,0.568258848973002,0.18640042149011704,HIGH,66,20.77975028494496,0.00-0.24,50-74,LOW_K_<22,True,NONE,True,k-ladder-reliability-shadow-v1-report-only
2026-08-20,Gage Jump,695611,5.080170290147141,5,5+,0.08017029014714083,3.0,False,0.5651563755483691,0.3194017288229692,HIGH,66,20.400158851489746,0.00-0.24,50-74,LOW_K_<22,True,NONE,True,k-ladder-reliability-shadow-v1-report-only
2026-08-20,Randy Dobnak,677976,4.52780318794702,4,4+,0.5278031879470202,4.0,True,0.668869913636117,0.1096471340953526,MEDIUM,53,21.34715646855429,0.50-0.74,50-74,LOW_K_<22,True,NONE,True,k-ladder-reliability-shadow-v1-report-only
2026-08-20,Grant Holmes,656550,4.405485902472372,4,4+,0.40548590247237204,3.0,False,0.6454259918939533,0.4165747110122935,HIGH,78,22.90283045300412,0.25-0.49,75-89,MID_K_22-24.9,True,NONE,True,k-ladder-reliability-shadow-v1-report-only
2026-08-20,Anthony Kay,641743,4.505969400727092,4,4+,0.5059694007270918,6.0,True,0.668707619116379,0.10975464163153821,HIGH,78,20.96929312518283,0.50-0.74,75-89,LOW_K_<22,True,NONE,True,k-ladder-reliability-shadow-v1-report-only
2026-08-20,George Kirby,669923,5.398152790286933,5,5+,0.3981527902869333,3.0,False,0.6368114123858892,0.4055287749449111,HIGH,78,23.57644316335506,0.25-0.49,75-89,MID_K_22-24.9,True,NONE,True,k-ladder-reliability-shadow-v1-report-only
2026-08-20,Robert Gasser,688107,5.022227145716616,5,5+,0.02222714571661566,4.0,False,0.5683438125808418,0.323014689298927,HIGH,65,21.22341168083344,0.00-0.24,50-74,LOW_K_<22,True,NONE,True,k-ladder-reliability-shadow-v1-report-only
2026-08-20,Gerrit Cole,543037,5.870309529353726,5,5+,0.870309529353726,8.0,True,0.7021729737422564,0.0887009375695307,HIGH,66,24.34323787005277,0.75-0.99,50-74,MID_K_22-24.9,True,NONE,True,k-ladder-reliability-shadow-v1-report-only
2026-08-20,Kyle Bradish,680694,5.209599773673959,5,5+,0.20959977367395943,5.0,True,0.5917259119448717,0.16668773097724668,HIGH,79,23.79503675061057,0.00-0.24,75-89,MID_K_22-24.9,True,NONE,True,k-ladder-reliability-shadow-v1-report-only
2026-08-20,Andrew Alvarez,674841,4.6114686913474525,4,4+,0.6114686913474525,5.0,True,0.6862594048490429,0.09843316104567676,HIGH,66,24.57643853597612,0.50-0.74,50-74,MID_K_22-24.9,True,NONE,True,k-ladder-reliability-shadow-v1-report-only
2026-08-20,Jacob deGrom,594798,5.122795537671218,5,5+,0.12279553767121776,10.0,True,0.5830292807226807,0.17386458073464503,HIGH,78,22.137663922782817,0.00-0.24,75-89,MID_K_22-24.9,True,NONE,True,k-ladder-reliability-shadow-v1-report-only
2026-08-20,Grayson Rodriguez,680570,4.38740661645816,4,4+,0.38740661645816044,6.0,True,0.6365439769171819,0.13210028071517801,HIGH,64,21.59680897916301,0.25-0.49,50-74,LOW_K_<22,True,NONE,True,k-ladder-reliability-shadow-v1-report-only
2026-08-20,Peter Lambert,663567,5.370480024115135,5,5+,0.37048002411513536,3.0,False,0.634381105575012,0.4024393871105746,HIGH,76,22.9241862768066,0.25-0.49,75-89,MID_K_22-24.9,True,NONE,True,k-ladder-reliability-shadow-v1-report-only
2026-08-21,Chris Sale,519242,5.882717730823426,5,5+,0.8827177308234262,6.0,True,0.7045766478543268,0.08727495699298642,HIGH,77,21.369341679061847,0.75-0.99,75-89,LOW_K_<22,True,NONE,True,k-ladder-reliability-shadow-v1-report-only
2026-08-21,Jacob Misiorowski,694819,6.423008680458235,6,6+,0.4230086804582349,6.0,True,0.6304082968911957,0.13659802700686655,HIGH,78,21.52145036210028,0.25-0.49,75-89,LOW_K_<22,True,NONE,True,k-ladder-reliability-shadow-v1-report-only
2026-08-21,Jesús Luzardo,666200,6.223001157677428,6,6+,0.22300115767742756,9.0,True,0.5888214687054583,0.16906778459753644,HIGH,79,20.26867148751642,0.00-0.24,75-89,LOW_K_<22,True,NONE,True,k-ladder-reliability-shadow-v1-report-only
2026-08-21,Cam Schlittler,693645,5.461453981255983,5,5+,0.4614539812559828,4.0,False,0.6456045411498704,0.4168052235533347,HIGH,79,19.29716257655966,0.25-0.49,75-89,LOW_K_<22,True,NONE,True,k-ladder-reliability-shadow-v1-report-only
2026-08-21,Logan Webb,657277,4.97488871043981,4,4+,0.9748887104398101,2.0,False,0.7389832878967476,0.5460962997906874,HIGH,77,20.46654782163388,0.75-0.99,75-89,LOW_K_<22,True,NONE,True,k-ladder-reliability-shadow-v1-report-only
2026-08-21,Sonny Gray,543243,5.237612693677365,5,5+,0.23761269367736482,6.0,True,0.5897337471544328,0.16831839822394284,HIGH,78,21.40815683827125,0.00-0.24,75-89,LOW_K_<22,True,NONE,True,k-ladder-reliability-shadow-v1-report-only
2026-08-21,Brad Lord,695418,3.568349915455668,3,3+,0.5683499154556682,1.0,False,0.6853318620255855,0.46967976110745613,HIGH,77,23.23230156772832,0.50-0.74,75-89,MID_K_22-24.9,True,NONE,True,k-ladder-reliability-shadow-v1-report-only
2026-08-21,Ryan Gusto,687473,4.159985257017219,4,4+,0.15998525701721888,2.0,False,0.5885341260844228,0.34637241756595527,HIGH,79,20.569064108520493,0.00-0.24,75-89,LOW_K_<22,True,NONE,True,k-ladder-reliability-shadow-v1-report-only
2026-08-21,Freddy Peralta,642547,5.038658126621143,5,5+,0.03865812662114276,6.0,True,0.5741875867832471,0.18131621124947472,HIGH,79,25.07428616145394,0.00-0.24,75-89,HIGH_K_25+,True,NONE,True,k-ladder-reliability-shadow-v1-report-only
2026-08-21,Trevor Rogers,669432,4.713536756032543,4,4+,0.7135367560325427,6.0,True,0.6986107029011468,0.0908355084057408,HIGH,78,19.910840576568685,0.50-0.74,75-89,LOW_K_<22,True,NONE,True,k-ladder-reliability-shadow-v1-report-only
2026-08-21,Sean Manaea,640455,5.779149075347374,5,5+,0.779149075347374,4.0,False,0.6975388649483899,0.48656046811348813,HIGH,62,23.46981248113536,0.75-0.99,50-74,MID_K_22-24.9,True,NONE,True,k-ladder-reliability-shadow-v1-report-only
2026-08-21,Sean Burke,680732,5.423076934498678,5,5+,0.42307693449867756,4.0,False,0.6269823565110363,0.3931068753761322,HIGH,76,22.49726472104716,0.25-0.49,75-89,MID_K_22-24.9,True,NONE,True,k-ladder-reliability-shadow-v1-report-only
2026-08-21,Troy Melton,675512,5.011320221929184,5,5+,0.011320221929183916,3.0,False,0.5683850901497869,0.3230616107045814,HIGH,65,20.88024757759811,0.00-0.24,50-74,LOW_K_<22,True,NONE,True,k-ladder-reliability-shadow-v1-report-only
2026-08-21,Noah Cameron,702070,5.710727627732709,5,5+,0.7107276277327088,2.0,False,0.6737929683641373,0.4539969642169553,HIGH,78,23.22783521940472,0.50-0.74,75-89,MID_K_22-24.9,True,NONE,True,k-ladder-reliability-shadow-v1-report-only
2026-08-21,J.T. Ginn,669372,5.095414939915699,5,5+,0.09541493991569894,4.0,False,0.5781989977610646,0.33431408101189963,HIGH,77,20.08150120339639,0.00-0.24,75-89,LOW_K_<22,True,NONE,True,k-ladder-reliability-shadow-v1-report-only
2026-08-21,Hayden Wesneski,669713,4.771083230085481,4,4+,0.7710832300854813,4.0,True,0.7029213483017075,0.0882557252948754,MEDIUM,59,20.82103635624867,0.75-0.99,50-74,LOW_K_<22,True,NONE,True,k-ladder-reliability-shadow-v1-report-only
2026-08-21,Reid Detmers,672282,5.7955591647971785,5,5+,0.7955591647971785,5.0,True,0.6897742955215063,0.09623998771917773,HIGH,79,23.96408425632785,0.75-0.99,75-89,MID_K_22-24.9,True,NONE,True,k-ladder-reliability-shadow-v1-report-only
2026-08-21,MacKenzie Gore,669022,5.994872936028644,5,5+,0.9948729360286439,7.0,True,0.7185670920753608,0.07920448166291842,HIGH,79,24.900876656778884,0.75-0.99,75-89,MID_K_22-24.9,True,NONE,True,k-ladder-reliability-shadow-v1-report-only
2026-08-21,Joey Cantillo,676282,4.510297455989889,4,4+,0.510297455989889,5.0,True,0.6449531863082414,0.12605823991267034,HIGH,79,24.596040023108248,0.50-0.74,75-89,MID_K_22-24.9,True,NONE,True,k-ladder-reliability-shadow-v1-report-only
2026-08-21,Tanner Gordon,685299,3.927938849917356,3,3+,0.9279388499173562,2.0,False,0.7315015816885522,0.5350945640128536,HIGH,74,19.170458336350777,0.75-0.99,50-74,LOW_K_<22,True,NONE,True,k-ladder-reliability-shadow-v1-report-only
2026-08-21,Nick Lodolo,666157,4.1729252123604486,4,4+,0.17292521236044855,2.0,False,0.6025022478884549,0.3630089587106411,HIGH,65,19.734325397599708,0.00-0.24,50-74,LOW_K_<22,True,NONE,True,k-ladder-reliability-shadow-v1-report-only
2026-08-21,Eduardo Rodriguez,593958,5.285165799240996,5,5+,0.28516579924099617,4.0,False,0.613456065279923,0.37632834402872517,HIGH,79,24.3222974362696,0.25-0.49,75-89,MID_K_22-24.9,True,NONE,True,k-ladder-reliability-shadow-v1-report-only
2026-08-21,Connor Prielipp,687570,5.369582042673925,5,5+,0.36958204267392514,7.0,True,0.627895592126857,0.13846169035862238,HIGH,70,21.217135573676707,0.25-0.49,50-74,LOW_K_<22,True,NONE,True,k-ladder-reliability-shadow-v1-report-only
2026-08-21,Bubba Chandler,696149,4.557500793950419,4,4+,0.5575007939504193,6.0,True,0.6749580757362448,0.10565225252908479,HIGH,78,21.0146035179494,0.50-0.74,75-89,LOW_K_<22,True,NONE,True,k-ladder-reliability-shadow-v1-report-only
2026-08-21,Yoshinobu Yamamoto,808967,5.936281163332936,5,5+,0.9362811633329358,9.0,True,0.7186121069196396,0.07917914637220433,HIGH,68,22.46071291682637,0.75-0.99,50-74,MID_K_22-24.9,True,NONE,True,k-ladder-reliability-shadow-v1-report-only
2026-08-21,Matthew Boyd,571510,5.549262858090053,5,5+,0.5492628580900529,3.0,False,0.6553062020611453,0.4294262184598026,HIGH,66,22.470293108527244,0.50-0.74,50-74,MID_K_22-24.9,True,NONE,True,k-ladder-reliability-shadow-v1-report-only
2026-08-21,Emerson Hancock,676106,5.56936311661193,5,5+,0.56936311661193,6.0,True,0.6408942255292303,0.12895695725825135,HIGH,78,22.167717636224538,0.50-0.74,75-89,MID_K_22-24.9,True,NONE,True,k-ladder-reliability-shadow-v1-report-only
2026-08-21,Mason Fluharty,689254,3.08963695242448,3,3+,0.08963695242448022,0.0,False,0.5907872213834218,0.3490295409499442,LOW,48,23.73043848562877,0.00-0.24,<50,MID_K_22-24.9,True,NONE,True,k-ladder-reliability-shadow-v1-report-only
2026-08-21,Hunter Dobbins,690928,4.260417857507303,4,4+,0.26041785750730284,3.0,False,0.6165072954995945,0.38008124540422433,HIGH,71,19.71555672127572,0.25-0.49,50-74,LOW_K_<22,True,NONE,True,k-ladder-reliability-shadow-v1-report-only
2026-08-21,Randy Vásquez,681190,3.6785510929083554,3,3+,0.6785510929083554,3.0,True,0.6740773703080905,0.1062255605452896,HIGH,72,20.462932407571486,0.50-0.74,50-74,LOW_K_<22,True,NONE,True,k-ladder-reliability-shadow-v1-report-only
