game_date,game_pk,pitcher_id,player,team,opponent,Lineup_Source,Lineup_Captured_At_UTC,Game_Time_UTC,Lineage,Authentic_Pregame_Pair,OOS_Eligible,Preconfirm_Projection,Confirmed_Projection,Projection_Delta,Actual_Strikeouts,Materiality_Action,Materiality_Projection,Materiality_Changed,Preconfirm_Absolute_Error,Confirmed_Absolute_Error,Materiality_Absolute_Error,Preconfirm_Error,Confirmed_Error,Materiality_Error,Materiality_Win_vs_Confirmed,Confirmed_Win_vs_Materiality,Materiality_Confirmed_Tie,Evidence_Lane,Counts_For_Promotion,Frozen_Materiality_K,Derivation_Cutoff_Date,Report_Only,Production_Authority,Validation_Version
2026-08-13,824238,800048,Parker Messick,CLE,DET,CONFIRMED_LINEUP,2026-08-13 14:06:44.076106+00:00,2026-08-13 17:10:00+00:00,PRE_GAME_CAPTURE,True,True,5.64747025994898,5.693249422713524,0.0457791627645445,6.0,REVERT_IMMATERIAL_TO_PRECONFIRM,5.64747025994898,True,0.3525297400510201,0.3067505772864756,0.3525297400510201,-0.3525297400510201,-0.3067505772864756,-0.3525297400510201,False,True,False,DERIVATION_BACKTEST,False,0.15,2026-08-17,True,NONE,lineup-materiality-shadow-v1
2026-08-13,824238,672456,Keider Montero,DET,CLE,CONFIRMED_LINEUP,2026-08-13 15:02:19.907250+00:00,2026-08-13 17:10:00+00:00,PRE_GAME_CAPTURE,True,True,4.281416143994887,4.214743913149588,-0.0666722308452989,0.0,REVERT_IMMATERIAL_TO_PRECONFIRM,4.281416143994887,True,4.281416143994887,4.214743913149588,4.281416143994887,4.281416143994887,4.214743913149588,4.281416143994887,False,True,False,DERIVATION_BACKTEST,False,0.15,2026-08-17,True,NONE,lineup-materiality-shadow-v1
2026-08-13,823829,677952,Braxton Ashcraft,PIT,MIA,CONFIRMED_LINEUP,2026-08-13 14:06:44.929579+00:00,2026-08-13 17:10:00+00:00,PRE_GAME_CAPTURE,True,True,5.198406733221772,5.249966977526226,0.0515602443044542,10.0,REVERT_IMMATERIAL_TO_PRECONFIRM,5.198406733221772,True,4.801593266778228,4.750033022473774,4.801593266778228,-4.801593266778228,-4.750033022473774,-4.801593266778228,False,True,False,DERIVATION_BACKTEST,False,0.15,2026-08-17,True,NONE,lineup-materiality-shadow-v1
2026-08-13,823829,663969,Tyler Phillips,MIA,PIT,CONFIRMED_LINEUP,2026-08-13 15:02:20.391363+00:00,2026-08-13 17:10:00+00:00,PRE_GAME_CAPTURE,True,True,3.817930300702181,3.866392782415895,0.048462481713714,6.0,REVERT_IMMATERIAL_TO_PRECONFIRM,3.817930300702181,True,2.182069699297819,2.133607217584105,2.182069699297819,-2.182069699297819,-2.133607217584105,-2.182069699297819,False,True,False,DERIVATION_BACKTEST,False,0.15,2026-08-17,True,NONE,lineup-materiality-shadow-v1
2026-08-13,823508,669302,Logan Gilbert,SEA,NYY,CONFIRMED_LINEUP,2026-08-13 15:47:26.959650+00:00,2026-08-13 17:35:00+00:00,PRE_GAME_CAPTURE,True,True,6.057620705172798,5.999279409012194,-0.058341296160604,7.0,REVERT_IMMATERIAL_TO_PRECONFIRM,6.057620705172798,True,0.9423792948272016,1.0007205909878056,0.9423792948272016,-0.9423792948272016,-1.0007205909878056,-0.9423792948272016,True,False,False,DERIVATION_BACKTEST,False,0.15,2026-08-17,True,NONE,lineup-materiality-shadow-v1
2026-08-13,823508,608331,Max Fried,NYY,SEA,CONFIRMED_LINEUP,2026-08-13 15:02:21.090026+00:00,2026-08-13 17:35:00+00:00,PRE_GAME_CAPTURE,True,True,4.81362585163577,4.8420928252218784,0.0284669735861085,4.0,REVERT_IMMATERIAL_TO_PRECONFIRM,4.81362585163577,True,0.81362585163577,0.8420928252218784,0.81362585163577,0.81362585163577,0.8420928252218784,0.81362585163577,True,False,False,DERIVATION_BACKTEST,False,0.15,2026-08-17,True,NONE,lineup-materiality-shadow-v1
2026-08-13,824561,671096,Andrew Abbott,CIN,CHW,CONFIRMED_LINEUP,2026-08-13 15:02:21.469898+00:00,2026-08-13 18:10:00+00:00,PRE_GAME_CAPTURE,True,True,4.981122212108563,4.790875567489774,-0.1902466446187887,3.0,APPLY_CONFIRMED_MATERIAL,4.790875567489774,False,1.9811222121085628,1.790875567489774,1.790875567489774,1.9811222121085628,1.790875567489774,1.790875567489774,False,False,True,DERIVATION_BACKTEST,False,0.15,2026-08-17,True,NONE,lineup-materiality-shadow-v1
2026-08-13,824561,663436,Davis Martin,CHW,CIN,CONFIRMED_LINEUP,2026-08-13 15:02:21.944132+00:00,2026-08-13 18:10:00+00:00,PRE_GAME_CAPTURE,True,True,4.716470289105828,4.709475301098596,-0.0069949880072321,3.0,REVERT_IMMATERIAL_TO_PRECONFIRM,4.716470289105828,True,1.7164702891058283,1.7094753010985961,1.7164702891058283,1.7164702891058283,1.7094753010985961,1.7164702891058283,False,True,False,DERIVATION_BACKTEST,False,0.15,2026-08-17,True,NONE,lineup-materiality-shadow-v1
2026-08-13,822776,801139,Payton Tolle,BOS,TOR,CONFIRMED_LINEUP,2026-08-13 15:47:27.589262+00:00,2026-08-13 19:07:00+00:00,PRE_GAME_CAPTURE,True,True,5.252115433839874,5.411665879736916,0.1595504458970422,4.0,APPLY_CONFIRMED_MATERIAL,5.411665879736916,False,1.2521154338398741,1.4116658797369164,1.4116658797369164,1.2521154338398741,1.4116658797369164,1.4116658797369164,False,False,True,DERIVATION_BACKTEST,False,0.15,2026-08-17,True,NONE,lineup-materiality-shadow-v1
2026-08-13,823669,605400,Aaron Nola,PHI,MIN,CONFIRMED_LINEUP,2026-08-13 22:26:18.552525+00:00,2026-08-13 23:30:00+00:00,PRE_GAME_CAPTURE,True,True,4.886371109087962,5.058942410672682,0.1725713015847194,9.0,APPLY_CONFIRMED_MATERIAL,5.058942410672682,False,4.113628890912038,3.9410575893273183,3.9410575893273183,-4.113628890912038,-3.9410575893273183,-3.9410575893273183,False,False,True,DERIVATION_BACKTEST,False,0.15,2026-08-17,True,NONE,lineup-materiality-shadow-v1
2026-08-13,823669,671737,Taj Bradley,MIN,PHI,CONFIRMED_LINEUP,2026-08-13 22:26:19.014915+00:00,2026-08-13 23:30:00+00:00,PRE_GAME_CAPTURE,True,True,5.49593085591098,5.521771862741471,0.0258410068304915,3.0,REVERT_IMMATERIAL_TO_PRECONFIRM,5.49593085591098,True,2.49593085591098,2.5217718627414714,2.49593085591098,2.49593085591098,2.5217718627414714,2.49593085591098,True,False,False,DERIVATION_BACKTEST,False,0.15,2026-08-17,True,NONE,lineup-materiality-shadow-v1
2026-08-13,823995,594798,Jacob deGrom,TEX,LAA,CONFIRMED_LINEUP,2026-08-14 01:37:16.058216+00:00,2026-08-14 02:07:00+00:00,PRE_GAME_CAPTURE,True,True,5.728644452405052,5.515084930170935,-0.2135595222341173,3.0,APPLY_CONFIRMED_MATERIAL,5.515084930170935,False,2.728644452405052,2.515084930170935,2.515084930170935,2.728644452405052,2.515084930170935,2.515084930170935,False,False,True,DERIVATION_BACKTEST,False,0.15,2026-08-17,True,NONE,lineup-materiality-shadow-v1
2026-08-13,823995,700712,Walbert Ureña,LAA,TEX,CONFIRMED_LINEUP,2026-08-14 01:37:16.475988+00:00,2026-08-14 02:07:00+00:00,PRE_GAME_CAPTURE,True,True,4.773813957279724,4.713297608881091,-0.0605163483986324,5.0,REVERT_IMMATERIAL_TO_PRECONFIRM,4.773813957279724,True,0.22618604272027643,0.28670239111890883,0.22618604272027643,-0.22618604272027643,-0.28670239111890883,-0.22618604272027643,True,False,False,DERIVATION_BACKTEST,False,0.15,2026-08-17,True,NONE,lineup-materiality-shadow-v1
2026-08-13,823915,675660,Shane Drohan,MIL,LAD,CONFIRMED_LINEUP,2026-08-13 22:26:19.921287+00:00,2026-08-14 02:10:00+00:00,PRE_GAME_CAPTURE,True,True,4.80784665801591,5.09499132605994,0.2871446680440304,5.0,APPLY_CONFIRMED_MATERIAL,5.09499132605994,False,0.19215334198409018,0.0949913260599402,0.0949913260599402,-0.19215334198409018,0.0949913260599402,0.0949913260599402,False,False,True,DERIVATION_BACKTEST,False,0.15,2026-08-17,True,NONE,lineup-materiality-shadow-v1
2026-08-13,823915,808963,Roki Sasaki,LAD,MIL,CONFIRMED_LINEUP,2026-08-14 01:37:16.859510+00:00,2026-08-14 02:10:00+00:00,PRE_GAME_CAPTURE,True,True,5.226919830402448,5.157072926337631,-0.0698469040648168,2.0,REVERT_IMMATERIAL_TO_PRECONFIRM,5.226919830402448,True,3.226919830402448,3.157072926337631,3.226919830402448,3.226919830402448,3.157072926337631,3.226919830402448,False,True,False,DERIVATION_BACKTEST,False,0.15,2026-08-17,True,NONE,lineup-materiality-shadow-v1
2026-08-14,824643,669461,Matthew Liberatore,STL,CHC,CONFIRMED_LINEUP,2026-08-14 17:12:13.892920+00:00,2026-08-14 18:20:00+00:00,PRE_GAME_CAPTURE,True,True,4.762040130344021,4.807385909419322,0.0453457790753013,6.0,REVERT_IMMATERIAL_TO_PRECONFIRM,4.762040130344021,True,1.2379598696559793,1.192614090580678,1.2379598696559793,-1.2379598696559793,-1.192614090580678,-1.2379598696559793,False,True,False,DERIVATION_BACKTEST,False,0.15,2026-08-17,True,NONE,lineup-materiality-shadow-v1
2026-08-14,824643,605280,Clay Holmes,CHC,STL,CONFIRMED_LINEUP,2026-08-14 16:09:02.668564+00:00,2026-08-14 18:20:00+00:00,PRE_GAME_CAPTURE,True,True,4.26198933769421,4.24889813214706,-0.0130912055471501,3.0,REVERT_IMMATERIAL_TO_PRECONFIRM,4.26198933769421,True,1.2619893376942102,1.24889813214706,1.2619893376942102,1.2619893376942102,1.24889813214706,1.2619893376942102,False,True,False,DERIVATION_BACKTEST,False,0.15,2026-08-17,True,NONE,lineup-materiality-shadow-v1
2026-08-14,824479,645261,Sandy Alcantara,MIA,CIN,CONFIRMED_LINEUP,2026-08-14 18:48:38.165263+00:00,2026-08-14 22:10:00+00:00,PRE_GAME_CAPTURE,True,True,5.940118523993084,5.969322268750199,0.0292037447571154,2.0,REVERT_IMMATERIAL_TO_PRECONFIRM,5.940118523993084,True,3.9401185239930836,3.969322268750199,3.9401185239930836,3.9401185239930836,3.969322268750199,3.9401185239930836,True,False,False,DERIVATION_BACKTEST,False,0.15,2026-08-17,True,NONE,lineup-materiality-shadow-v1
2026-08-14,824479,695505,Chase Burns,CIN,MIA,CONFIRMED_LINEUP,2026-08-14 19:41:09.335294+00:00,2026-08-14 22:10:00+00:00,PRE_GAME_CAPTURE,True,True,5.3976443786842,5.558449164509395,0.1608047858251948,8.0,APPLY_CONFIRMED_MATERIAL,5.558449164509395,False,2.6023556213158,2.441550835490605,2.441550835490605,-2.6023556213158,-2.441550835490605,-2.441550835490605,False,False,True,DERIVATION_BACKTEST,False,0.15,2026-08-17,True,NONE,lineup-materiality-shadow-v1
2026-08-14,823346,687562,Jake Bennett,BOS,PIT,CONFIRMED_LINEUP,2026-08-14 19:41:09.780861+00:00,2026-08-14 22:40:00+00:00,PRE_GAME_CAPTURE,True,True,5.184746568288318,5.136651373886729,-0.048095194401589,6.0,REVERT_IMMATERIAL_TO_PRECONFIRM,5.184746568288318,True,0.8152534317116817,0.8633486261132708,0.8152534317116817,-0.8152534317116817,-0.8633486261132708,-0.8152534317116817,True,False,False,DERIVATION_BACKTEST,False,0.15,2026-08-17,True,NONE,lineup-materiality-shadow-v1
2026-08-14,823346,696149,Bubba Chandler,PIT,BOS,CONFIRMED_LINEUP,2026-08-14 19:41:10.208409+00:00,2026-08-14 22:40:00+00:00,PRE_GAME_CAPTURE,True,True,4.578395173644202,4.53317940662322,-0.0452157670209816,5.0,REVERT_IMMATERIAL_TO_PRECONFIRM,4.578395173644202,True,0.4216048263557983,0.46682059337677995,0.4216048263557983,-0.4216048263557983,-0.46682059337677995,-0.4216048263557983,True,False,False,DERIVATION_BACKTEST,False,0.15,2026-08-17,True,NONE,lineup-materiality-shadow-v1
2026-08-14,824237,656794,Sean Newcomb,CHW,DET,CONFIRMED_LINEUP,2026-08-14 18:48:39.426868+00:00,2026-08-14 22:40:00+00:00,PRE_GAME_CAPTURE,True,True,4.30251554439311,4.293658542998768,-0.0088570013943414,2.0,REVERT_IMMATERIAL_TO_PRECONFIRM,4.30251554439311,True,2.30251554439311,2.2936585429987684,2.30251554439311,2.30251554439311,2.2936585429987684,2.30251554439311,False,True,False,DERIVATION_BACKTEST,False,0.15,2026-08-17,True,NONE,lineup-materiality-shadow-v1
2026-08-14,824237,695549,Jackson Jobe,DET,CHW,CONFIRMED_LINEUP,2026-08-14 19:41:10.674522+00:00,2026-08-14 22:40:00+00:00,PRE_GAME_CAPTURE,True,True,4.531694877066149,4.509072904569642,-0.0226219724965073,4.0,REVERT_IMMATERIAL_TO_PRECONFIRM,4.531694877066149,True,0.5316948770661494,0.509072904569642,0.5316948770661494,0.5316948770661494,0.509072904569642,0.5316948770661494,False,True,False,DERIVATION_BACKTEST,False,0.15,2026-08-17,True,NONE,lineup-materiality-shadow-v1
2026-08-14,823591,674841,Andrew Alvarez,WSH,NYM,CONFIRMED_LINEUP,2026-08-14 19:41:11.138044+00:00,2026-08-14 23:10:00+00:00,PRE_GAME_CAPTURE,True,True,4.655559425578288,4.411414403822503,-0.2441450217557852,4.0,APPLY_CONFIRMED_MATERIAL,4.411414403822503,False,0.6555594255782884,0.41141440382250316,0.41141440382250316,0.6555594255782884,0.41141440382250316,0.41141440382250316,False,False,True,DERIVATION_BACKTEST,False,0.15,2026-08-17,True,NONE,lineup-materiality-shadow-v1
2026-08-14,823591,476594,Robert Stock,NYM,WSH,CONFIRMED_LINEUP,2026-08-14 20:43:55.675854+00:00,2026-08-14 23:10:00+00:00,PRE_GAME_CAPTURE,True,True,4.317257140431908,4.350693049617538,0.0334359091856306,5.0,REVERT_IMMATERIAL_TO_PRECONFIRM,4.317257140431908,True,0.6827428595680924,0.6493069503824618,0.6827428595680924,-0.6827428595680924,-0.6493069503824618,-0.6827428595680924,False,True,False,DERIVATION_BACKTEST,False,0.15,2026-08-17,True,NONE,lineup-materiality-shadow-v1
2026-08-14,824399,650633,Michael King,SDP,CLE,CONFIRMED_LINEUP,2026-08-14 19:41:11.779545+00:00,2026-08-14 23:10:00+00:00,PRE_GAME_CAPTURE,True,True,4.745971027844099,4.756564500312371,0.0105934724682716,4.0,REVERT_IMMATERIAL_TO_PRECONFIRM,4.745971027844099,True,0.7459710278440994,0.7565645003123711,0.7459710278440994,0.7459710278440994,0.7565645003123711,0.7459710278440994,True,False,False,DERIVATION_BACKTEST,False,0.15,2026-08-17,True,NONE,lineup-materiality-shadow-v1
2026-08-14,824399,668909,Gavin Williams,CLE,SDP,CONFIRMED_LINEUP,2026-08-14 20:05:24.679227+00:00,2026-08-14 23:10:00+00:00,PRE_GAME_CAPTURE,True,True,5.810501297244628,5.778883370854544,-0.0316179263900844,5.0,REVERT_IMMATERIAL_TO_PRECONFIRM,5.810501297244628,True,0.8105012972446284,0.778883370854544,0.8105012972446284,0.8105012972446284,0.778883370854544,0.8105012972446284,False,True,False,DERIVATION_BACKTEST,False,0.15,2026-08-17,True,NONE,lineup-materiality-shadow-v1
2026-08-14,824882,694297,Brandon Pfaadt,ARI,ATL,CONFIRMED_LINEUP,2026-08-14 19:41:12.480351+00:00,2026-08-14 23:15:00+00:00,PRE_GAME_CAPTURE,True,True,4.701965735730616,4.695923424536369,-0.0060423111942471,7.0,REVERT_IMMATERIAL_TO_PRECONFIRM,4.701965735730616,True,2.2980342642693836,2.3040765754636308,2.2980342642693836,-2.2980342642693836,-2.3040765754636308,-2.2980342642693836,True,False,False,DERIVATION_BACKTEST,False,0.15,2026-08-17,True,NONE,lineup-materiality-shadow-v1
2026-08-14,822777,543037,Gerrit Cole,NYY,TOR,CONFIRMED_LINEUP,2026-08-14 19:41:12.903971+00:00,2026-08-14 23:15:00+00:00,PRE_GAME_CAPTURE,True,True,5.07889103064942,5.1837125225898735,0.1048214919404531,5.0,REVERT_IMMATERIAL_TO_PRECONFIRM,5.07889103064942,True,0.07889103064942038,0.18371252258987347,0.07889103064942038,0.07889103064942038,0.18371252258987347,0.07889103064942038,True,False,False,DERIVATION_BACKTEST,False,0.15,2026-08-17,True,NONE,lineup-materiality-shadow-v1
2026-08-14,822777,669456,Shane Bieber,TOR,NYY,CONFIRMED_LINEUP,2026-08-14 20:43:55.971743+00:00,2026-08-14 23:15:00+00:00,PRE_GAME_CAPTURE,True,True,4.758458272469989,4.789902636901819,0.03144436443183,5.0,REVERT_IMMATERIAL_TO_PRECONFIRM,4.758458272469989,True,0.24154172753001113,0.21009736309818106,0.24154172753001113,-0.24154172753001113,-0.21009736309818106,-0.24154172753001113,False,True,False,DERIVATION_BACKTEST,False,0.15,2026-08-17,True,NONE,lineup-materiality-shadow-v1
2026-08-14,824159,669923,George Kirby,SEA,HOU,CONFIRMED_LINEUP,2026-08-14 20:05:25.424227+00:00,2026-08-15 00:10:00+00:00,PRE_GAME_CAPTURE,True,True,4.927242972592867,5.055233311872689,0.1279903392798216,2.0,REVERT_IMMATERIAL_TO_PRECONFIRM,4.927242972592867,True,2.9272429725928673,3.055233311872689,2.9272429725928673,2.9272429725928673,3.055233311872689,2.9272429725928673,True,False,False,DERIVATION_BACKTEST,False,0.15,2026-08-17,True,NONE,lineup-materiality-shadow-v1
2026-08-14,824159,663567,Peter Lambert,HOU,SEA,CONFIRMED_LINEUP,2026-08-14 20:43:56.255639+00:00,2026-08-15 00:10:00+00:00,PRE_GAME_CAPTURE,True,True,5.074486359039691,4.964871980644212,-0.109614378395479,6.0,REVERT_IMMATERIAL_TO_PRECONFIRM,5.074486359039691,True,0.9255136409603093,1.0351280193557884,0.9255136409603093,-0.9255136409603093,-1.0351280193557884,-0.9255136409603093,True,False,False,DERIVATION_BACKTEST,False,0.15,2026-08-17,True,NONE,lineup-materiality-shadow-v1
2026-08-14,823993,607625,Seth Lugo,KCR,LAA,CONFIRMED_LINEUP,2026-08-14 21:49:30.157592+00:00,2026-08-15 01:38:00+00:00,PRE_GAME_CAPTURE,True,True,5.055455356389977,4.862892118380245,-0.1925632380097326,4.0,APPLY_CONFIRMED_MATERIAL,4.862892118380245,False,1.0554553563899773,0.8628921183802447,0.8628921183802447,1.0554553563899773,0.8628921183802447,0.8628921183802447,False,False,True,DERIVATION_BACKTEST,False,0.15,2026-08-17,True,NONE,lineup-materiality-shadow-v1
2026-08-14,823993,680570,Grayson Rodriguez,LAA,KCR,CONFIRMED_LINEUP,2026-08-14 21:49:30.612261+00:00,2026-08-15 01:38:00+00:00,PRE_GAME_CAPTURE,True,True,4.517470199722485,4.497707170109626,-0.019763029612859,5.0,REVERT_IMMATERIAL_TO_PRECONFIRM,4.517470199722485,True,0.4825298002775149,0.5022928298903739,0.4825298002775149,-0.4825298002775149,-0.5022928298903739,-0.4825298002775149,True,False,False,DERIVATION_BACKTEST,False,0.15,2026-08-17,True,NONE,lineup-materiality-shadow-v1
2026-08-14,824968,677958,Kumar Rocker,TEX,ATH,CONFIRMED_LINEUP,2026-08-14 21:54:24.310805+00:00,2026-08-15 01:40:00+00:00,PRE_GAME_CAPTURE,True,True,4.3945731625946,4.395781761680474,0.0012085990858734,3.0,REVERT_IMMATERIAL_TO_PRECONFIRM,4.3945731625946,True,1.3945731625946003,1.3957817616804737,1.3945731625946003,1.3945731625946003,1.3957817616804737,1.3945731625946003,True,False,False,DERIVATION_BACKTEST,False,0.15,2026-08-17,True,NONE,lineup-materiality-shadow-v1
2026-08-14,823913,688107,Robert Gasser,MIL,LAD,CONFIRMED_LINEUP,2026-08-14 22:35:07.164537+00:00,2026-08-15 02:10:00+00:00,PRE_GAME_CAPTURE,True,True,4.4317586117190775,4.7466171474424845,0.314858535723407,7.0,APPLY_CONFIRMED_MATERIAL,4.7466171474424845,False,2.5682413882809225,2.2533828525575155,2.2533828525575155,-2.5682413882809225,-2.2533828525575155,-2.2533828525575155,False,False,True,DERIVATION_BACKTEST,False,0.15,2026-08-17,True,NONE,lineup-materiality-shadow-v1
2026-08-14,823913,808967,Yoshinobu Yamamoto,LAD,MIL,CONFIRMED_LINEUP,2026-08-15 00:21:24.991421+00:00,2026-08-15 02:10:00+00:00,PRE_GAME_CAPTURE,True,True,6.019416351195652,5.946600628694665,-0.0728157225009864,9.0,REVERT_IMMATERIAL_TO_PRECONFIRM,6.019416351195652,True,2.9805836488043482,3.0533993713053347,2.9805836488043482,-2.9805836488043482,-3.0533993713053347,-2.9805836488043482,True,False,False,DERIVATION_BACKTEST,False,0.15,2026-08-17,True,NONE,lineup-materiality-shadow-v1
2026-08-14,823185,607536,Kyle Freeland,COL,SFG,CONFIRMED_LINEUP,2026-08-14 21:54:25.033811+00:00,2026-08-15 02:15:00+00:00,PRE_GAME_CAPTURE,True,True,5.9939860490522285,5.705471119678161,-0.2885149293740676,2.0,APPLY_CONFIRMED_MATERIAL,5.705471119678161,False,3.9939860490522285,3.705471119678161,3.705471119678161,3.9939860490522285,3.705471119678161,3.705471119678161,False,False,True,DERIVATION_BACKTEST,False,0.15,2026-08-17,True,NONE,lineup-materiality-shadow-v1
2026-08-14,823185,694738,Landen Roupp,SFG,COL,CONFIRMED_LINEUP,2026-08-14 20:43:57.346103+00:00,2026-08-15 02:15:00+00:00,PRE_GAME_CAPTURE,True,True,5.234142537406657,5.18952142514298,-0.0446211122636768,5.0,REVERT_IMMATERIAL_TO_PRECONFIRM,5.234142537406657,True,0.23414253740665725,0.18952142514298043,0.23414253740665725,0.23414253740665725,0.18952142514298043,0.23414253740665725,False,True,False,DERIVATION_BACKTEST,False,0.15,2026-08-17,True,NONE,lineup-materiality-shadow-v1
2026-08-14,824882,519242,Chris Sale,ATL,ARI,CONFIRMED_LINEUP,2026-08-14 19:41:15.616860+00:00,2026-08-14 23:15:00+00:00,PRE_GAME_CAPTURE,True,True,5.080231041881671,5.485459497169694,0.4052284552880234,9.0,APPLY_CONFIRMED_MATERIAL,5.485459497169694,False,3.919768958118329,3.5145405028303056,3.5145405028303056,-3.919768958118329,-3.5145405028303056,-3.5145405028303056,False,False,True,DERIVATION_BACKTEST,False,0.15,2026-08-17,True,NONE,lineup-materiality-shadow-v1
2026-08-14,822942,605135,Chris Bassitt,BAL,TBR,CONFIRMED_LINEUP,2026-08-14 19:41:16.099033+00:00,2026-08-14 23:10:00+00:00,PRE_GAME_CAPTURE,True,True,3.976685214012029,4.100788408450873,0.1241031944388439,3.0,REVERT_IMMATERIAL_TO_PRECONFIRM,3.976685214012029,True,0.9766852140120288,1.1007884084508728,0.9766852140120288,0.9766852140120288,1.1007884084508728,0.9766852140120288,True,False,False,DERIVATION_BACKTEST,False,0.15,2026-08-17,True,NONE,lineup-materiality-shadow-v1
2026-08-14,822942,571927,Steven Matz,TBR,BAL,CONFIRMED_LINEUP,2026-08-14 20:43:57.726250+00:00,2026-08-14 23:10:00+00:00,PRE_GAME_CAPTURE,True,True,4.300704762689051,4.256740631891617,-0.0439641307974341,1.0,REVERT_IMMATERIAL_TO_PRECONFIRM,4.300704762689051,True,3.300704762689051,3.256740631891617,3.300704762689051,3.300704762689051,3.256740631891617,3.300704762689051,False,True,False,DERIVATION_BACKTEST,False,0.15,2026-08-17,True,NONE,lineup-materiality-shadow-v1
2026-08-15,824239,641743,Anthony Kay,CHW,DET,CONFIRMED_LINEUP,2026-08-15 15:06:36.029269+00:00,2026-08-15 17:10:00+00:00,PRE_GAME_CAPTURE,True,True,4.773763885028314,4.794158051567684,0.0203941665393694,4.0,REVERT_IMMATERIAL_TO_PRECONFIRM,4.773763885028314,True,0.7737638850283144,0.7941580515676838,0.7737638850283144,0.7737638850283144,0.7941580515676838,0.7737638850283144,True,False,False,DERIVATION_BACKTEST,False,0.15,2026-08-17,True,NONE,lineup-materiality-shadow-v1
2026-08-15,824239,675512,Troy Melton,DET,CHW,CONFIRMED_LINEUP,2026-08-15 15:06:36.478763+00:00,2026-08-15 17:10:00+00:00,PRE_GAME_CAPTURE,True,True,5.366447223701473,5.350953547943936,-0.0154936757575372,4.0,REVERT_IMMATERIAL_TO_PRECONFIRM,5.366447223701473,True,1.3664472237014733,1.350953547943936,1.3664472237014733,1.3664472237014733,1.350953547943936,1.3664472237014733,False,True,False,DERIVATION_BACKTEST,False,0.15,2026-08-17,True,NONE,lineup-materiality-shadow-v1
2026-08-15,824644,700241,Michael McGreevy,STL,CHC,CONFIRMED_LINEUP,2026-08-15 16:58:29.651307+00:00,2026-08-15 18:20:00+00:00,PRE_GAME_CAPTURE,True,True,4.359465746456151,4.488471728532872,0.1290059820767206,6.0,REVERT_IMMATERIAL_TO_PRECONFIRM,4.359465746456151,True,1.6405342535438487,1.511528271467128,1.6405342535438487,-1.6405342535438487,-1.511528271467128,-1.6405342535438487,False,True,False,DERIVATION_BACKTEST,False,0.15,2026-08-17,True,NONE,lineup-materiality-shadow-v1
2026-08-15,824644,571510,Matthew Boyd,CHC,STL,CONFIRMED_LINEUP,2026-08-15 16:58:30.044135+00:00,2026-08-15 18:20:00+00:00,PRE_GAME_CAPTURE,True,True,4.792668201735664,5.168619874051423,0.3759516723157592,2.0,APPLY_CONFIRMED_MATERIAL,5.168619874051423,False,2.7926682017356637,3.168619874051423,3.168619874051423,2.7926682017356637,3.168619874051423,3.168619874051423,False,False,True,DERIVATION_BACKTEST,False,0.15,2026-08-17,True,NONE,lineup-materiality-shadow-v1
2026-08-15,822775,693645,Cam Schlittler,NYY,TOR,CONFIRMED_LINEUP,2026-08-15 16:58:30.446485+00:00,2026-08-15 19:07:00+00:00,PRE_GAME_CAPTURE,True,True,5.333340153016165,5.76531356803126,0.4319734150150953,7.0,APPLY_CONFIRMED_MATERIAL,5.76531356803126,False,1.6666598469838352,1.2346864319687398,1.2346864319687398,-1.6666598469838352,-1.2346864319687398,-1.2346864319687398,False,False,True,DERIVATION_BACKTEST,False,0.15,2026-08-17,True,NONE,lineup-materiality-shadow-v1
2026-08-15,822775,680755,Braydon Fisher,TOR,NYY,CONFIRMED_LINEUP,2026-08-15 16:58:30.901889+00:00,2026-08-15 19:07:00+00:00,PRE_GAME_CAPTURE,True,True,3.135071725966476,3.1565460243819308,0.0214742984154545,0.0,REVERT_IMMATERIAL_TO_PRECONFIRM,3.135071725966476,True,3.135071725966476,3.1565460243819308,3.135071725966476,3.135071725966476,3.1565460243819308,3.135071725966476,True,False,False,DERIVATION_BACKTEST,False,0.15,2026-08-17,True,NONE,lineup-materiality-shadow-v1
2026-08-15,823184,547179,Michael Lorenzen,COL,SFG,CONFIRMED_LINEUP,2026-08-15 16:58:31.300515+00:00,2026-08-15 20:05:00+00:00,PRE_GAME_CAPTURE,True,True,4.1359044476717255,4.173256011909386,0.0373515642376602,1.0,REVERT_IMMATERIAL_TO_PRECONFIRM,4.1359044476717255,True,3.1359044476717255,3.1732560119093858,3.1359044476717255,3.1359044476717255,3.1732560119093858,3.1359044476717255,True,False,False,DERIVATION_BACKTEST,False,0.15,2026-08-17,True,NONE,lineup-materiality-shadow-v1
2026-08-15,823184,657277,Logan Webb,SFG,COL,CONFIRMED_LINEUP,2026-08-15 17:24:16.144796+00:00,2026-08-15 20:05:00+00:00,PRE_GAME_CAPTURE,True,True,5.425968066287931,5.51839318904492,0.092425122756989,7.0,REVERT_IMMATERIAL_TO_PRECONFIRM,5.425968066287931,True,1.5740319337120692,1.4816068109550802,1.5740319337120692,-1.5740319337120692,-1.4816068109550802,-1.5740319337120692,False,True,False,DERIVATION_BACKTEST,False,0.15,2026-08-17,True,NONE,lineup-materiality-shadow-v1
2026-08-15,823588,695418,Brad Lord,WSH,NYM,CONFIRMED_LINEUP,2026-08-15 18:10:19.424897+00:00,2026-08-15 20:10:00+00:00,PRE_GAME_CAPTURE,True,True,3.874838168127233,3.8440168524749634,-0.0308213156522696,1.0,REVERT_IMMATERIAL_TO_PRECONFIRM,3.874838168127233,True,2.874838168127233,2.8440168524749634,2.874838168127233,2.874838168127233,2.8440168524749634,2.874838168127233,False,True,False,DERIVATION_BACKTEST,False,0.15,2026-08-17,True,NONE,lineup-materiality-shadow-v1
2026-08-15,823588,640455,Sean Manaea,NYM,WSH,CONFIRMED_LINEUP,2026-08-15 17:24:16.921311+00:00,2026-08-15 20:10:00+00:00,PRE_GAME_CAPTURE,True,True,5.303898043359171,5.368189786752298,0.0642917433931273,7.0,REVERT_IMMATERIAL_TO_PRECONFIRM,5.303898043359171,True,1.6961019566408293,1.631810213247702,1.6961019566408293,-1.6961019566408293,-1.631810213247702,-1.6961019566408293,False,True,False,DERIVATION_BACKTEST,False,0.15,2026-08-17,True,NONE,lineup-materiality-shadow-v1
2026-08-15,822941,680694,Kyle Bradish,BAL,TBR,CONFIRMED_LINEUP,2026-08-15 18:10:19.882491+00:00,2026-08-15 22:10:00+00:00,PRE_GAME_CAPTURE,True,True,4.417216517610424,4.529826520715504,0.1126100031050807,3.0,REVERT_IMMATERIAL_TO_PRECONFIRM,4.417216517610424,True,1.4172165176104237,1.5298265207155044,1.4172165176104237,1.4172165176104237,1.5298265207155044,1.4172165176104237,True,False,False,DERIVATION_BACKTEST,False,0.15,2026-08-17,True,NONE,lineup-materiality-shadow-v1
2026-08-15,822941,693855,Ian Seymour,TBR,BAL,CONFIRMED_LINEUP,2026-08-15 19:11:20.146344+00:00,2026-08-15 22:10:00+00:00,PRE_GAME_CAPTURE,True,True,5.547156804676546,5.399951571868048,-0.1472052328084983,9.0,REVERT_IMMATERIAL_TO_PRECONFIRM,5.547156804676546,True,3.452843195323454,3.6000484281319522,3.452843195323454,-3.452843195323454,-3.6000484281319522,-3.452843195323454,True,False,False,DERIVATION_BACKTEST,False,0.15,2026-08-17,True,NONE,lineup-materiality-shadow-v1
2026-08-15,824480,687473,Ryan Gusto,MIA,CIN,CONFIRMED_LINEUP,2026-08-15 18:10:20.632308+00:00,2026-08-15 22:40:00+00:00,PRE_GAME_CAPTURE,True,True,4.560655170740607,4.531679633410276,-0.0289755373303313,6.0,REVERT_IMMATERIAL_TO_PRECONFIRM,4.560655170740607,True,1.4393448292593929,1.4683203665897242,1.4393448292593929,-1.4393448292593929,-1.4683203665897242,-1.4393448292593929,True,False,False,DERIVATION_BACKTEST,False,0.15,2026-08-17,True,NONE,lineup-materiality-shadow-v1
2026-08-15,824480,663903,Brady Singer,CIN,MIA,CONFIRMED_LINEUP,2026-08-15 20:58:53.994006+00:00,2026-08-15 22:40:00+00:00,PRE_GAME_CAPTURE,True,True,4.886084691128236,5.221973800020474,0.3358891088922382,4.0,APPLY_CONFIRMED_MATERIAL,5.221973800020474,False,0.8860846911282358,1.221973800020474,1.221973800020474,0.8860846911282358,1.221973800020474,1.221973800020474,False,False,True,DERIVATION_BACKTEST,False,0.15,2026-08-17,True,NONE,lineup-materiality-shadow-v1
2026-08-15,824400,676282,Joey Cantillo,CLE,SDP,CONFIRMED_LINEUP,2026-08-15 20:58:54.539682+00:00,2026-08-15 23:10:00+00:00,PRE_GAME_CAPTURE,True,True,4.384648886689494,4.399320485164076,0.0146715984745826,7.0,REVERT_IMMATERIAL_TO_PRECONFIRM,4.384648886689494,True,2.6153511133105063,2.6006795148359236,2.6153511133105063,-2.6153511133105063,-2.6006795148359236,-2.6153511133105063,False,True,False,DERIVATION_BACKTEST,False,0.15,2026-08-17,True,NONE,lineup-materiality-shadow-v1
2026-08-15,824157,676106,Emerson Hancock,SEA,HOU,CONFIRMED_LINEUP,2026-08-15 19:11:21.441387+00:00,2026-08-15 23:10:00+00:00,PRE_GAME_CAPTURE,True,True,4.936524330189809,5.06781795311276,0.1312936229229508,8.0,REVERT_IMMATERIAL_TO_PRECONFIRM,4.936524330189809,True,3.063475669810191,2.93218204688724,3.063475669810191,-3.063475669810191,-2.93218204688724,-3.063475669810191,False,True,False,DERIVATION_BACKTEST,False,0.15,2026-08-17,True,NONE,lineup-materiality-shadow-v1
2026-08-15,824157,669713,Hayden Wesneski,HOU,SEA,CONFIRMED_LINEUP,2026-08-15 19:39:06.736064+00:00,2026-08-15 23:10:00+00:00,PRE_GAME_CAPTURE,True,True,4.645026523522146,4.639624601441137,-0.0054019220810088,6.0,REVERT_IMMATERIAL_TO_PRECONFIRM,4.645026523522146,True,1.3549734764778538,1.3603753985588627,1.3549734764778538,-1.3549734764778538,-1.3603753985588627,-1.3549734764778538,True,False,False,DERIVATION_BACKTEST,False,0.15,2026-08-17,True,NONE,lineup-materiality-shadow-v1
2026-08-15,823671,666200,Jesús Luzardo,PHI,MIN,CONFIRMED_LINEUP,2026-08-15 18:10:21.930015+00:00,2026-08-15 23:10:00+00:00,PRE_GAME_CAPTURE,True,True,6.115106115333436,6.146693838277013,0.031587722943577,9.0,REVERT_IMMATERIAL_TO_PRECONFIRM,6.115106115333436,True,2.884893884666564,2.853306161722987,2.884893884666564,-2.884893884666564,-2.853306161722987,-2.884893884666564,False,True,False,DERIVATION_BACKTEST,False,0.15,2026-08-17,True,NONE,lineup-materiality-shadow-v1
2026-08-15,823671,687570,Connor Prielipp,MIN,PHI,CONFIRMED_LINEUP,2026-08-15 20:58:55.032524+00:00,2026-08-15 23:10:00+00:00,PRE_GAME_CAPTURE,True,True,5.139768057521837,5.01449363583585,-0.1252744216859875,6.0,REVERT_IMMATERIAL_TO_PRECONFIRM,5.139768057521837,True,0.8602319424781628,0.9855063641641504,0.8602319424781628,-0.8602319424781628,-0.9855063641641504,-0.8602319424781628,True,False,False,DERIVATION_BACKTEST,False,0.15,2026-08-17,True,NONE,lineup-materiality-shadow-v1
2026-08-15,823347,543243,Sonny Gray,BOS,PIT,CONFIRMED_LINEUP,2026-08-15 19:49:10.891900+00:00,2026-08-15 23:15:00+00:00,PRE_GAME_CAPTURE,True,True,5.307180514871231,5.404713263895313,0.097532749024082,7.0,REVERT_IMMATERIAL_TO_PRECONFIRM,5.307180514871231,True,1.6928194851287692,1.5952867361046872,1.6928194851287692,-1.6928194851287692,-1.5952867361046872,-1.6928194851287692,False,True,False,DERIVATION_BACKTEST,False,0.15,2026-08-17,True,NONE,lineup-materiality-shadow-v1
2026-08-15,823347,683003,Jared Jones,PIT,BOS,CONFIRMED_LINEUP,2026-08-15 20:58:55.576900+00:00,2026-08-15 23:15:00+00:00,PRE_GAME_CAPTURE,True,True,4.434577404406031,4.369522756824493,-0.0650546475815385,7.0,REVERT_IMMATERIAL_TO_PRECONFIRM,4.434577404406031,True,2.5654225955939687,2.6304772431755072,2.5654225955939687,-2.5654225955939687,-2.6304772431755072,-2.5654225955939687,True,False,False,DERIVATION_BACKTEST,False,0.15,2026-08-17,True,NONE,lineup-materiality-shadow-v1
2026-08-15,824884,593958,Eduardo Rodriguez,ARI,ATL,CONFIRMED_LINEUP,2026-08-15 20:58:56.080564+00:00,2026-08-15 23:15:00+00:00,PRE_GAME_CAPTURE,True,True,4.893167925369018,5.003575211179797,0.1104072858107789,5.0,REVERT_IMMATERIAL_TO_PRECONFIRM,4.893167925369018,True,0.1068320746309821,0.0035752111797968666,0.1068320746309821,-0.1068320746309821,0.0035752111797968666,-0.1068320746309821,False,True,False,DERIVATION_BACKTEST,False,0.15,2026-08-17,True,NONE,lineup-materiality-shadow-v1
2026-08-15,824884,656550,Grant Holmes,ATL,ARI,CONFIRMED_LINEUP,2026-08-15 19:11:23.807433+00:00,2026-08-15 23:15:00+00:00,PRE_GAME_CAPTURE,True,True,4.075455303937192,4.209018734059028,0.1335634301218364,3.0,REVERT_IMMATERIAL_TO_PRECONFIRM,4.075455303937192,True,1.0754553039371917,1.2090187340590282,1.0754553039371917,1.0754553039371917,1.2090187340590282,1.0754553039371917,True,False,False,DERIVATION_BACKTEST,False,0.15,2026-08-17,True,NONE,lineup-materiality-shadow-v1
2026-08-15,823914,694819,Jacob Misiorowski,MIL,LAD,CONFIRMED_LINEUP,2026-08-15 19:11:24.363341+00:00,2026-08-15 23:15:00+00:00,PRE_GAME_CAPTURE,True,True,6.19510966107114,6.337775222291999,0.1426655612208591,6.0,REVERT_IMMATERIAL_TO_PRECONFIRM,6.19510966107114,True,0.19510966107113958,0.33777522229199874,0.19510966107113958,0.19510966107113958,0.33777522229199874,0.19510966107113958,True,False,False,DERIVATION_BACKTEST,False,0.15,2026-08-17,True,NONE,lineup-materiality-shadow-v1
2026-08-15,823914,680736,Justin Wrobleski,LAD,MIL,CONFIRMED_LINEUP,2026-08-15 20:58:56.666049+00:00,2026-08-15 23:15:00+00:00,PRE_GAME_CAPTURE,True,True,5.175624373748716,5.040592301170672,-0.1350320725780447,6.0,REVERT_IMMATERIAL_TO_PRECONFIRM,5.175624373748716,True,0.8243756262512836,0.9594076988293283,0.8243756262512836,-0.8243756262512836,-0.9594076988293283,-0.8243756262512836,True,False,False,DERIVATION_BACKTEST,False,0.15,2026-08-17,True,NONE,lineup-materiality-shadow-v1
2026-08-15,823990,677976,Randy Dobnak,KCR,LAA,CONFIRMED_LINEUP,2026-08-15 22:56:00.485067+00:00,2026-08-16 01:38:00+00:00,PRE_GAME_CAPTURE,True,True,4.713473951847496,4.623363071899023,-0.0901108799484733,6.0,REVERT_IMMATERIAL_TO_PRECONFIRM,4.713473951847496,True,1.2865260481525036,1.376636928100977,1.2865260481525036,-1.2865260481525036,-1.376636928100977,-1.2865260481525036,True,False,False,DERIVATION_BACKTEST,False,0.15,2026-08-17,True,NONE,lineup-materiality-shadow-v1
2026-08-15,823990,672282,Reid Detmers,LAA,KCR,CONFIRMED_LINEUP,2026-08-15 22:56:00.883993+00:00,2026-08-16 01:38:00+00:00,PRE_GAME_CAPTURE,True,True,5.326618677728842,5.304542788020525,-0.0220758897083168,11.0,REVERT_IMMATERIAL_TO_PRECONFIRM,5.326618677728842,True,5.673381322271158,5.695457211979475,5.673381322271158,-5.673381322271158,-5.695457211979475,-5.673381322271158,True,False,False,DERIVATION_BACKTEST,False,0.15,2026-08-17,True,NONE,lineup-materiality-shadow-v1
2026-08-15,824966,669022,MacKenzie Gore,TEX,ATH,CONFIRMED_LINEUP,2026-08-15 22:56:01.307913+00:00,2026-08-16 01:40:00+00:00,PRE_GAME_CAPTURE,True,True,5.68711610370498,5.728918305023873,0.0418022013188927,5.0,REVERT_IMMATERIAL_TO_PRECONFIRM,5.68711610370498,True,0.6871161037049802,0.728918305023873,0.6871161037049802,0.6871161037049802,0.728918305023873,0.6871161037049802,True,False,False,DERIVATION_BACKTEST,False,0.15,2026-08-17,True,NONE,lineup-materiality-shadow-v1
2026-08-15,824966,669372,J.T. Ginn,ATH,TEX,CONFIRMED_LINEUP,2026-08-15 22:56:01.770246+00:00,2026-08-16 01:40:00+00:00,PRE_GAME_CAPTURE,True,True,5.333122787997791,5.2555044065094165,-0.0776183814883744,7.0,REVERT_IMMATERIAL_TO_PRECONFIRM,5.333122787997791,True,1.666877212002209,1.7444955934905835,1.666877212002209,-1.666877212002209,-1.7444955934905835,-1.666877212002209,True,False,False,DERIVATION_BACKTEST,False,0.15,2026-08-17,True,NONE,lineup-materiality-shadow-v1
2026-08-16,822940,669432,Trevor Rogers,BAL,TBR,CONFIRMED_LINEUP,2026-08-16 13:59:13.183332+00:00,2026-08-16 16:15:00+00:00,PRE_GAME_CAPTURE,True,True,4.448348883097701,4.653793981338421,0.2054450982407196,6.0,APPLY_CONFIRMED_MATERIAL,4.653793981338421,False,1.551651116902299,1.3462060186615794,1.3462060186615794,-1.551651116902299,-1.3462060186615794,-1.3462060186615794,False,False,True,DERIVATION_BACKTEST,False,0.15,2026-08-17,True,NONE,lineup-materiality-shadow-v1
2026-08-16,822940,642547,Freddy Peralta,TBR,BAL,CONFIRMED_LINEUP,2026-08-16 14:46:39.688221+00:00,2026-08-16 16:15:00+00:00,PRE_GAME_CAPTURE,True,True,5.280639935851484,5.157942880566768,-0.1226970552847159,2.0,REVERT_IMMATERIAL_TO_PRECONFIRM,5.280639935851484,True,3.280639935851484,3.157942880566768,3.280639935851484,3.280639935851484,3.157942880566768,3.280639935851484,False,True,False,DERIVATION_BACKTEST,False,0.15,2026-08-17,True,NONE,lineup-materiality-shadow-v1
2026-08-16,823344,663776,Patrick Sandoval,BOS,PIT,CONFIRMED_LINEUP,2026-08-16 15:58:39.596289+00:00,2026-08-16 17:35:00+00:00,PRE_GAME_CAPTURE,True,True,5.31105971565915,5.361548644646005,0.050488928986855,6.0,REVERT_IMMATERIAL_TO_PRECONFIRM,5.31105971565915,True,0.6889402843408501,0.638451355353995,0.6889402843408501,-0.6889402843408501,-0.638451355353995,-0.6889402843408501,False,True,False,DERIVATION_BACKTEST,False,0.15,2026-08-17,True,NONE,lineup-materiality-shadow-v1
2026-08-16,823344,669199,Lake Bachar,PIT,BOS,CONFIRMED_LINEUP,2026-08-16 14:05:35.339234+00:00,2026-08-16 17:35:00+00:00,PRE_GAME_CAPTURE,True,True,3.05029368917055,3.0540215443291974,0.0037278551586474,4.0,REVERT_IMMATERIAL_TO_PRECONFIRM,3.05029368917055,True,0.9497063108294501,0.9459784556708026,0.9497063108294501,-0.9497063108294501,-0.9459784556708026,-0.9497063108294501,False,True,False,DERIVATION_BACKTEST,False,0.15,2026-08-17,True,NONE,lineup-materiality-shadow-v1
2026-08-16,824880,647336,Michael Soroka,ARI,ATL,CONFIRMED_LINEUP,2026-08-16 14:37:26.695324+00:00,2026-08-16 17:35:00+00:00,PRE_GAME_CAPTURE,True,True,4.621974834561344,4.638304993677666,0.0163301591163218,5.0,REVERT_IMMATERIAL_TO_PRECONFIRM,4.621974834561344,True,0.3780251654386557,0.36169500632233387,0.3780251654386557,-0.3780251654386557,-0.36169500632233387,-0.3780251654386557,False,True,False,DERIVATION_BACKTEST,False,0.15,2026-08-17,True,NONE,lineup-materiality-shadow-v1
2026-08-16,824880,693821,Bryce Elder,ATL,ARI,CONFIRMED_LINEUP,2026-08-16 15:46:52.662235+00:00,2026-08-16 17:35:00+00:00,PRE_GAME_CAPTURE,True,True,4.766708538378873,5.006204567084418,0.2394960287055445,5.0,APPLY_CONFIRMED_MATERIAL,5.006204567084418,False,0.23329146162112657,0.006204567084417967,0.006204567084417967,-0.23329146162112657,0.006204567084417967,0.006204567084417967,False,False,True,DERIVATION_BACKTEST,False,0.15,2026-08-17,True,NONE,lineup-materiality-shadow-v1
2026-08-16,822774,677960,Ryan Weathers,NYY,TOR,CONFIRMED_LINEUP,2026-08-16 14:37:27.128892+00:00,2026-08-16 17:37:00+00:00,PRE_GAME_CAPTURE,True,True,5.111349192218855,5.199156922758577,0.0878077305397226,4.0,REVERT_IMMATERIAL_TO_PRECONFIRM,5.111349192218855,True,1.1113491922188548,1.1991569227585774,1.1113491922188548,1.1113491922188548,1.1991569227585774,1.1113491922188548,True,False,False,DERIVATION_BACKTEST,False,0.15,2026-08-17,True,NONE,lineup-materiality-shadow-v1
2026-08-16,822774,656302,Dylan Cease,TOR,NYY,CONFIRMED_LINEUP,2026-08-16 15:46:53.186281+00:00,2026-08-16 17:37:00+00:00,PRE_GAME_CAPTURE,True,True,6.878658431433899,6.797942636173971,-0.0807157952599277,10.0,REVERT_IMMATERIAL_TO_PRECONFIRM,6.878658431433899,True,3.121341568566101,3.202057363826029,3.121341568566101,-3.121341568566101,-3.202057363826029,-3.121341568566101,True,False,False,DERIVATION_BACKTEST,False,0.15,2026-08-17,True,NONE,lineup-materiality-shadow-v1
2026-08-16,823590,663623,Jake Irvin,WSH,NYM,CONFIRMED_LINEUP,2026-08-16 15:46:53.748673+00:00,2026-08-16 17:40:00+00:00,PRE_GAME_CAPTURE,True,True,4.479761360891319,4.414384550836889,-0.0653768100544303,6.0,REVERT_IMMATERIAL_TO_PRECONFIRM,4.479761360891319,True,1.5202386391086806,1.585615449163111,1.5202386391086806,-1.5202386391086806,-1.585615449163111,-1.5202386391086806,True,False,False,DERIVATION_BACKTEST,False,0.15,2026-08-17,True,NONE,lineup-materiality-shadow-v1
2026-08-16,823590,681035,Christian Scott,NYM,WSH,CONFIRMED_LINEUP,2026-08-16 15:46:54.321136+00:00,2026-08-16 17:40:00+00:00,PRE_GAME_CAPTURE,True,True,4.868754324633967,4.8926211615611,0.0238668369271328,7.0,REVERT_IMMATERIAL_TO_PRECONFIRM,4.868754324633967,True,2.131245675366033,2.1073788384389003,2.131245675366033,-2.131245675366033,-2.1073788384389003,-2.131245675366033,False,True,False,DERIVATION_BACKTEST,False,0.15,2026-08-17,True,NONE,lineup-materiality-shadow-v1
2026-08-16,824397,663554,Casey Mize,SDP,CLE,CONFIRMED_LINEUP,2026-08-16 14:37:27.780510+00:00,2026-08-16 17:40:00+00:00,PRE_GAME_CAPTURE,True,True,4.573679430073421,4.626856302479892,0.0531768724064711,3.0,REVERT_IMMATERIAL_TO_PRECONFIRM,4.573679430073421,True,1.5736794300734207,1.6268563024798919,1.5736794300734207,1.5736794300734207,1.6268563024798919,1.5736794300734207,True,False,False,DERIVATION_BACKTEST,False,0.15,2026-08-17,True,NONE,lineup-materiality-shadow-v1
2026-08-16,824397,676440,Tanner Bibee,CLE,SDP,CONFIRMED_LINEUP,2026-08-16 14:46:41.246066+00:00,2026-08-16 17:40:00+00:00,PRE_GAME_CAPTURE,True,True,4.918449180008032,4.900820874019503,-0.0176283059885289,3.0,REVERT_IMMATERIAL_TO_PRECONFIRM,4.918449180008032,True,1.9184491800080323,1.9008208740195034,1.9184491800080323,1.9184491800080323,1.9008208740195034,1.9184491800080323,False,True,False,DERIVATION_BACKTEST,False,0.15,2026-08-17,True,NONE,lineup-materiality-shadow-v1
2026-08-16,824236,680732,Sean Burke,CHW,DET,CONFIRMED_LINEUP,2026-08-16 14:37:28.226910+00:00,2026-08-16 17:40:00+00:00,PRE_GAME_CAPTURE,True,True,5.256531060910636,5.372787716023881,0.1162566551132444,2.0,REVERT_IMMATERIAL_TO_PRECONFIRM,5.256531060910636,True,3.2565310609106364,3.372787716023881,3.2565310609106364,3.2565310609106364,3.372787716023881,3.2565310609106364,True,False,False,DERIVATION_BACKTEST,False,0.15,2026-08-17,True,NONE,lineup-materiality-shadow-v1
2026-08-16,824236,623454,Drew Anderson,DET,CHW,CONFIRMED_LINEUP,2026-08-16 14:37:28.532481+00:00,2026-08-16 17:40:00+00:00,PRE_GAME_CAPTURE,True,True,3.704974428468119,3.6685559209445335,-0.0364185075235856,5.0,REVERT_IMMATERIAL_TO_PRECONFIRM,3.704974428468119,True,1.2950255715318808,1.3314440790554665,1.2950255715318808,-1.2950255715318808,-1.3314440790554665,-1.2950255715318808,True,False,False,DERIVATION_BACKTEST,False,0.15,2026-08-17,True,NONE,lineup-materiality-shadow-v1
2026-08-16,824477,691587,Eury Pérez,MIA,CIN,CONFIRMED_LINEUP,2026-08-16 14:37:28.826518+00:00,2026-08-16 17:40:00+00:00,PRE_GAME_CAPTURE,True,True,5.82141317182796,5.708494599050562,-0.1129185727773975,5.0,REVERT_IMMATERIAL_TO_PRECONFIRM,5.82141317182796,True,0.8214131718279596,0.708494599050562,0.8214131718279596,0.8214131718279596,0.708494599050562,0.8214131718279596,False,True,False,DERIVATION_BACKTEST,False,0.15,2026-08-17,True,NONE,lineup-materiality-shadow-v1
2026-08-16,824477,666157,Nick Lodolo,CIN,MIA,CONFIRMED_LINEUP,2026-08-16 15:46:54.870349+00:00,2026-08-16 17:40:00+00:00,PRE_GAME_CAPTURE,True,True,4.5557734292574175,4.500722335947863,-0.0550510933095544,2.0,REVERT_IMMATERIAL_TO_PRECONFIRM,4.5557734292574175,True,2.5557734292574175,2.500722335947863,2.5557734292574175,2.5557734292574175,2.500722335947863,2.5557734292574175,False,True,False,DERIVATION_BACKTEST,False,0.15,2026-08-17,True,NONE,lineup-materiality-shadow-v1
2026-08-16,823670,691725,Andrew Painter,PHI,MIN,CONFIRMED_LINEUP,2026-08-16 14:50:37.529995+00:00,2026-08-16 18:10:00+00:00,PRE_GAME_CAPTURE,True,True,4.072744112368925,4.161655880868947,0.0889117685000222,2.0,REVERT_IMMATERIAL_TO_PRECONFIRM,4.072744112368925,True,2.072744112368925,2.161655880868947,2.072744112368925,2.072744112368925,2.161655880868947,2.072744112368925,True,False,False,DERIVATION_BACKTEST,False,0.15,2026-08-17,True,NONE,lineup-materiality-shadow-v1
2026-08-16,823670,665152,Dean Kremer,MIN,PHI,CONFIRMED_LINEUP,2026-08-16 15:46:55.462814+00:00,2026-08-16 18:10:00+00:00,PRE_GAME_CAPTURE,True,True,4.434847365704585,4.432639319822826,-0.0022080458817592,6.0,REVERT_IMMATERIAL_TO_PRECONFIRM,4.434847365704585,True,1.5651526342954147,1.567360680177174,1.5651526342954147,-1.5651526342954147,-1.567360680177174,-1.5651526342954147,True,False,False,DERIVATION_BACKTEST,False,0.15,2026-08-17,True,NONE,lineup-materiality-shadow-v1
2026-08-16,824642,690928,Hunter Dobbins,STL,CHC,CONFIRMED_LINEUP,2026-08-16 17:58:02.911274+00:00,2026-08-16 19:15:00+00:00,PRE_GAME_CAPTURE,True,True,4.4308387723110325,4.539976940292121,0.1091381679810883,7.0,REVERT_IMMATERIAL_TO_PRECONFIRM,4.4308387723110325,True,2.5691612276889675,2.460023059707879,2.5691612276889675,-2.5691612276889675,-2.460023059707879,-2.5691612276889675,False,True,False,DERIVATION_BACKTEST,False,0.15,2026-08-17,True,NONE,lineup-materiality-shadow-v1
2026-08-16,824642,665795,Edward Cabrera,CHC,STL,CONFIRMED_LINEUP,2026-08-16 16:58:53.697603+00:00,2026-08-16 19:15:00+00:00,PRE_GAME_CAPTURE,True,True,4.48331971125352,4.565164903313475,0.081845192059955,2.0,REVERT_IMMATERIAL_TO_PRECONFIRM,4.48331971125352,True,2.48331971125352,2.565164903313475,2.48331971125352,2.48331971125352,2.565164903313475,2.48331971125352,True,False,False,DERIVATION_BACKTEST,False,0.15,2026-08-17,True,NONE,lineup-materiality-shadow-v1
2026-08-16,823182,687312,Gabriel Hughes,COL,SFG,CONFIRMED_LINEUP,2026-08-16 16:30:42.322404+00:00,2026-08-16 20:05:00+00:00,PRE_GAME_CAPTURE,True,True,4.790068677181461,4.825934159552915,0.0358654823714541,2.0,REVERT_IMMATERIAL_TO_PRECONFIRM,4.790068677181461,True,2.790068677181461,2.825934159552915,2.790068677181461,2.790068677181461,2.825934159552915,2.790068677181461,True,False,False,DERIVATION_BACKTEST,False,0.15,2026-08-17,True,NONE,lineup-materiality-shadow-v1
2026-08-16,823182,694918,Blade Tidwell,SFG,COL,CONFIRMED_LINEUP,2026-08-16 16:58:54.170615+00:00,2026-08-16 20:05:00+00:00,PRE_GAME_CAPTURE,True,True,4.5974331953091205,4.555084306412306,-0.0423488888968144,1.0,REVERT_IMMATERIAL_TO_PRECONFIRM,4.5974331953091205,True,3.5974331953091205,3.555084306412306,3.5974331953091205,3.5974331953091205,3.555084306412306,3.5974331953091205,False,True,False,DERIVATION_BACKTEST,False,0.15,2026-08-17,True,NONE,lineup-materiality-shadow-v1
2026-08-16,824965,674003,Cody Bradford,TEX,ATH,CONFIRMED_LINEUP,2026-08-16 17:01:22.365816+00:00,2026-08-16 20:05:00+00:00,PRE_GAME_CAPTURE,True,True,4.845748832344375,4.845734792117946,-1.404022642947922e-05,4.0,REVERT_IMMATERIAL_TO_PRECONFIRM,4.845748832344375,True,0.8457488323443751,0.8457347921179457,0.8457488323443751,0.8457488323443751,0.8457347921179457,0.8457488323443751,False,True,False,DERIVATION_BACKTEST,False,0.15,2026-08-17,True,NONE,lineup-materiality-shadow-v1
2026-08-16,824965,682052,Jacob Lopez,ATH,TEX,CONFIRMED_LINEUP,2026-08-16 17:58:03.337680+00:00,2026-08-16 20:05:00+00:00,PRE_GAME_CAPTURE,True,True,4.830039829092231,4.715502572247446,-0.1145372568447848,6.0,REVERT_IMMATERIAL_TO_PRECONFIRM,4.830039829092231,True,1.1699601709077694,1.2844974277525543,1.1699601709077694,-1.1699601709077694,-1.2844974277525543,-1.1699601709077694,True,False,False,DERIVATION_BACKTEST,False,0.15,2026-08-17,True,NONE,lineup-materiality-shadow-v1
2026-08-16,823991,702070,Noah Cameron,KCR,LAA,CONFIRMED_LINEUP,2026-08-16 17:58:03.802317+00:00,2026-08-16 20:07:00+00:00,PRE_GAME_CAPTURE,True,True,5.646897540841573,5.700107394222463,0.0532098533808893,8.0,REVERT_IMMATERIAL_TO_PRECONFIRM,5.646897540841573,True,2.3531024591584266,2.2998926057775373,2.3531024591584266,-2.3531024591584266,-2.2998926057775373,-2.3531024591584266,False,True,False,DERIVATION_BACKTEST,False,0.15,2026-08-17,True,NONE,lineup-materiality-shadow-v1
2026-08-16,823991,696270,Ryan Johnson,LAA,KCR,CONFIRMED_LINEUP,2026-08-16 16:58:55.358172+00:00,2026-08-16 20:07:00+00:00,PRE_GAME_CAPTURE,True,True,4.105051707737026,4.119426045711611,0.0143743379745853,4.0,REVERT_IMMATERIAL_TO_PRECONFIRM,4.105051707737026,True,0.10505170773702588,0.1194260457116112,0.10505170773702588,0.10505170773702588,0.1194260457116112,0.10505170773702588,True,False,False,DERIVATION_BACKTEST,False,0.15,2026-08-17,True,NONE,lineup-materiality-shadow-v1
2026-08-16,823912,701656,Logan Henderson,MIL,LAD,CONFIRMED_LINEUP,2026-08-16 17:01:23.599138+00:00,2026-08-16 20:10:00+00:00,PRE_GAME_CAPTURE,True,True,5.088601501884529,5.166586769096899,0.0779852672123695,6.0,REVERT_IMMATERIAL_TO_PRECONFIRM,5.088601501884529,True,0.9113984981154708,0.8334132309031013,0.9113984981154708,-0.9113984981154708,-0.8334132309031013,-0.9113984981154708,False,True,False,DERIVATION_BACKTEST,False,0.15,2026-08-17,True,NONE,lineup-materiality-shadow-v1
2026-08-16,823912,669373,Tarik Skubal,LAD,MIL,CONFIRMED_LINEUP,2026-08-16 17:58:04.291062+00:00,2026-08-16 20:10:00+00:00,PRE_GAME_CAPTURE,True,True,6.024956236015088,5.825653446777954,-0.1993027892371337,7.0,APPLY_CONFIRMED_MATERIAL,5.825653446777954,False,0.9750437639849121,1.1743465532220458,1.1743465532220458,-0.9750437639849121,-1.1743465532220458,-1.1743465532220458,False,False,True,DERIVATION_BACKTEST,False,0.15,2026-08-17,True,NONE,lineup-materiality-shadow-v1
2026-08-16,824156,693433,Bryan Woo,SEA,HOU,CONFIRMED_LINEUP,2026-08-16 20:13:44.318364+00:00,2026-08-16 23:20:00+00:00,PRE_GAME_CAPTURE,True,True,5.10260083156275,5.01676483607724,-0.0858359954855103,5.0,REVERT_IMMATERIAL_TO_PRECONFIRM,5.10260083156275,True,0.10260083156275002,0.016764836077239664,0.10260083156275002,0.10260083156275002,0.016764836077239664,0.10260083156275002,False,True,False,DERIVATION_BACKTEST,False,0.15,2026-08-17,True,NONE,lineup-materiality-shadow-v1
2026-08-16,824156,686613,Hunter Brown,HOU,SEA,CONFIRMED_LINEUP,2026-08-16 21:38:21.113132+00:00,2026-08-16 23:20:00+00:00,PRE_GAME_CAPTURE,True,True,4.954290684402521,5.072816727384349,0.118526042981828,5.0,REVERT_IMMATERIAL_TO_PRECONFIRM,4.954290684402521,True,0.04570931559747926,0.07281672738434875,0.04570931559747926,-0.04570931559747926,0.07281672738434875,-0.04570931559747926,True,False,False,DERIVATION_BACKTEST,False,0.15,2026-08-17,True,NONE,lineup-materiality-shadow-v1
2026-08-17,824478,695076,Rhett Lowder,CIN,STL,CONFIRMED_LINEUP,2026-08-17 21:05:17.293197+00:00,2026-08-17 22:40:00+00:00,PRE_GAME_CAPTURE,True,True,4.457154761604724,4.518264999827,0.0611102382222759,5.0,REVERT_IMMATERIAL_TO_PRECONFIRM,4.457154761604724,True,0.5428452383952758,0.48173500017299986,0.5428452383952758,-0.5428452383952758,-0.48173500017299986,-0.5428452383952758,False,True,False,DERIVATION_BACKTEST,False,0.15,2026-08-17,True,NONE,lineup-materiality-shadow-v1
2026-08-17,822939,687064,Brandon Young,BAL,TBR,CONFIRMED_LINEUP,2026-08-17 19:45:19.559589+00:00,2026-08-17 22:05:00+00:00,PRE_GAME_CAPTURE,True,True,4.607630751120569,4.714334282367846,0.1067035312472768,3.0,REVERT_IMMATERIAL_TO_PRECONFIRM,4.607630751120569,True,1.6076307511205687,1.7143342823678456,1.6076307511205687,1.6076307511205687,1.7143342823678456,1.6076307511205687,True,False,False,DERIVATION_BACKTEST,False,0.15,2026-08-17,True,NONE,lineup-materiality-shadow-v1
2026-08-17,822939,663556,Shane McClanahan,TBR,BAL,CONFIRMED_LINEUP,2026-08-17 21:05:17.628805+00:00,2026-08-17 22:05:00+00:00,PRE_GAME_CAPTURE,True,True,4.816761463963193,4.666088442026614,-0.150673021936579,3.0,APPLY_CONFIRMED_MATERIAL,4.666088442026614,False,1.8167614639631928,1.6660884420266138,1.6660884420266138,1.8167614639631928,1.6660884420266138,1.6660884420266138,False,False,True,DERIVATION_BACKTEST,False,0.15,2026-08-17,True,NONE,lineup-materiality-shadow-v1
2026-08-17,823427,676083,Janson Junk,MIA,PHI,CONFIRMED_LINEUP,2026-08-17 19:45:20.213752+00:00,2026-08-17 22:40:00+00:00,PRE_GAME_CAPTURE,True,True,3.9693292430633607,3.993388375197344,0.0240591321339831,2.0,REVERT_IMMATERIAL_TO_PRECONFIRM,3.9693292430633607,True,1.9693292430633607,1.9933883751973438,1.9693292430633607,1.9693292430633607,1.9933883751973438,1.9693292430633607,True,False,False,DERIVATION_BACKTEST,False,0.15,2026-08-17,True,NONE,lineup-materiality-shadow-v1
2026-08-17,823427,650911,Cristopher Sánchez,PHI,MIA,CONFIRMED_LINEUP,2026-08-17 21:05:18.016118+00:00,2026-08-17 22:40:00+00:00,PRE_GAME_CAPTURE,True,True,6.039954880666508,5.963363872142812,-0.076591008523696,6.0,REVERT_IMMATERIAL_TO_PRECONFIRM,6.039954880666508,True,0.03995488066650843,0.03663612785718762,0.03995488066650843,0.03995488066650843,-0.03663612785718762,0.03995488066650843,False,True,False,DERIVATION_BACKTEST,False,0.15,2026-08-17,True,NONE,lineup-materiality-shadow-v1
2026-08-17,823343,664285,Framber Valdez,DET,PIT,CONFIRMED_LINEUP,2026-08-17 19:45:20.858697+00:00,2026-08-17 23:05:00+00:00,PRE_GAME_CAPTURE,True,True,5.286067220785055,5.233219003117307,-0.0528482176677478,5.0,REVERT_IMMATERIAL_TO_PRECONFIRM,5.286067220785055,True,0.2860672207850552,0.23321900311730737,0.2860672207850552,0.2860672207850552,0.23321900311730737,0.2860672207850552,False,True,False,DERIVATION_BACKTEST,False,0.15,2026-08-17,True,NONE,lineup-materiality-shadow-v1
2026-08-17,823343,669387,Carmen Mlodzinski,PIT,DET,CONFIRMED_LINEUP,2026-08-17 21:05:18.420807+00:00,2026-08-17 23:05:00+00:00,PRE_GAME_CAPTURE,True,True,3.557344421886224,3.587177619214837,0.029833197328613,3.0,REVERT_IMMATERIAL_TO_PRECONFIRM,3.557344421886224,True,0.5573444218862238,0.5871776192148368,0.5573444218862238,0.5573444218862238,0.5871776192148368,0.5573444218862238,True,False,False,DERIVATION_BACKTEST,False,0.15,2026-08-17,True,NONE,lineup-materiality-shadow-v1
2026-08-17,824725,683352,Mitch Bratt,ARI,BOS,CONFIRMED_LINEUP,2026-08-17 21:05:18.895195+00:00,2026-08-17 23:10:00+00:00,PRE_GAME_CAPTURE,True,True,4.168240411161382,4.223785431458687,0.0555450202973046,0.0,REVERT_IMMATERIAL_TO_PRECONFIRM,4.168240411161382,True,4.168240411161382,4.223785431458687,4.168240411161382,4.168240411161382,4.223785431458687,4.168240411161382,True,False,False,DERIVATION_BACKTEST,False,0.15,2026-08-17,True,NONE,lineup-materiality-shadow-v1
2026-08-17,823589,621111,Walker Buehler,SDP,NYM,CONFIRMED_LINEUP,2026-08-17 19:45:21.661178+00:00,2026-08-17 23:10:00+00:00,PRE_GAME_CAPTURE,True,True,4.566612146616526,4.52204327956815,-0.0445688670483761,4.0,REVERT_IMMATERIAL_TO_PRECONFIRM,4.566612146616526,True,0.5666121466165261,0.52204327956815,0.5666121466165261,0.5666121466165261,0.52204327956815,0.5666121466165261,False,True,False,DERIVATION_BACKTEST,False,0.15,2026-08-17,True,NONE,lineup-materiality-shadow-v1
2026-08-17,823589,690997,Nolan McLean,NYM,SDP,CONFIRMED_LINEUP,2026-08-17 23:00:54.298824+00:00,2026-08-17 23:10:00+00:00,PRE_GAME_CAPTURE,True,True,5.623039024492195,5.60565164504754,-0.0173873794446555,3.0,REVERT_IMMATERIAL_TO_PRECONFIRM,5.623039024492195,True,2.6230390244921953,2.6056516450475398,2.6230390244921953,2.6230390244921953,2.6056516450475398,2.6230390244921953,False,True,False,DERIVATION_BACKTEST,False,0.15,2026-08-17,True,NONE,lineup-materiality-shadow-v1
2026-08-17,824077,686930,Mason Barnett,ATH,KCR,CONFIRMED_LINEUP,2026-08-17 21:05:19.582118+00:00,2026-08-17 23:40:00+00:00,PRE_GAME_CAPTURE,True,True,4.280126110101165,4.215105119532577,-0.0650209905685876,2.0,REVERT_IMMATERIAL_TO_PRECONFIRM,4.280126110101165,True,2.2801261101011647,2.215105119532577,2.2801261101011647,2.2801261101011647,2.215105119532577,2.2801261101011647,False,True,False,DERIVATION_BACKTEST,False,0.15,2026-08-17,True,NONE,lineup-materiality-shadow-v1
2026-08-17,824077,608379,Michael Wacha,KCR,ATH,CONFIRMED_LINEUP,2026-08-17 21:05:19.937193+00:00,2026-08-17 23:40:00+00:00,PRE_GAME_CAPTURE,True,True,5.0057219969081785,4.988548340582685,-0.0171736563254931,3.0,REVERT_IMMATERIAL_TO_PRECONFIRM,5.0057219969081785,True,2.0057219969081785,1.9885483405826854,2.0057219969081785,2.0057219969081785,1.9885483405826854,2.0057219969081785,False,True,False,DERIVATION_BACKTEST,False,0.15,2026-08-17,True,NONE,lineup-materiality-shadow-v1
2026-08-17,823668,527048,Martín Pérez,ATL,MIN,CONFIRMED_LINEUP,2026-08-17 19:45:22.688800+00:00,2026-08-17 23:40:00+00:00,PRE_GAME_CAPTURE,True,True,3.890325099181649,3.997922197560462,0.1075970983788132,3.0,REVERT_IMMATERIAL_TO_PRECONFIRM,3.890325099181649,True,0.8903250991816489,0.9979221975604622,0.8903250991816489,0.8903250991816489,0.9979221975604622,0.8903250991816489,True,False,False,DERIVATION_BACKTEST,False,0.15,2026-08-17,True,NONE,lineup-materiality-shadow-v1
2026-08-17,823668,641927,Bailey Ober,MIN,ATL,CONFIRMED_LINEUP,2026-08-17 21:05:20.329443+00:00,2026-08-17 23:40:00+00:00,PRE_GAME_CAPTURE,True,True,4.558583262928405,4.552692426074534,-0.0058908368538705,4.0,REVERT_IMMATERIAL_TO_PRECONFIRM,4.558583262928405,True,0.5585832629284049,0.5526924260745343,0.5585832629284049,0.5585832629284049,0.5526924260745343,0.5585832629284049,False,True,False,DERIVATION_BACKTEST,False,0.15,2026-08-17,True,NONE,lineup-materiality-shadow-v1
2026-08-17,824641,622491,Luis Castillo,CHW,CHC,CONFIRMED_LINEUP,2026-08-17 23:00:54.820306+00:00,2026-08-18 00:05:00+00:00,PRE_GAME_CAPTURE,True,True,4.909112267293223,4.958051101479114,0.0489388341858916,1.0,REVERT_IMMATERIAL_TO_PRECONFIRM,4.909112267293223,True,3.9091122672932226,3.958051101479114,3.9091122672932226,3.9091122672932226,3.958051101479114,3.9091122672932226,True,False,False,DERIVATION_BACKTEST,False,0.15,2026-08-17,True,NONE,lineup-materiality-shadow-v1
2026-08-17,824641,684007,Shota Imanaga,CHC,CHW,CONFIRMED_LINEUP,2026-08-17 21:05:20.933743+00:00,2026-08-18 00:05:00+00:00,PRE_GAME_CAPTURE,True,True,5.419876597381361,5.318246670709621,-0.1016299266717393,10.0,REVERT_IMMATERIAL_TO_PRECONFIRM,5.419876597381361,True,4.580123402618639,4.681753329290379,4.580123402618639,-4.580123402618639,-4.681753329290379,-4.580123402618639,True,False,False,DERIVATION_BACKTEST,False,0.15,2026-08-17,True,NONE,lineup-materiality-shadow-v1
2026-08-17,824320,605483,Blake Snell,LAD,COL,CONFIRMED_LINEUP,2026-08-17 21:05:21.355344+00:00,2026-08-18 00:40:00+00:00,PRE_GAME_CAPTURE,True,True,5.425057223416752,5.358647602224803,-0.0664096211919487,5.0,REVERT_IMMATERIAL_TO_PRECONFIRM,5.425057223416752,True,0.42505722341675156,0.35864760222480285,0.42505722341675156,0.42505722341675156,0.35864760222480285,0.42505722341675156,False,True,False,DERIVATION_BACKTEST,False,0.15,2026-08-17,True,NONE,lineup-materiality-shadow-v1
2026-08-17,824320,608372,Tomoyuki Sugano,COL,LAD,CONFIRMED_LINEUP,2026-08-17 23:00:55.312619+00:00,2026-08-18 00:40:00+00:00,PRE_GAME_CAPTURE,True,True,3.868688512814584,3.9399266163000446,0.0712381034854607,3.0,REVERT_IMMATERIAL_TO_PRECONFIRM,3.868688512814584,True,0.8686885128145838,0.9399266163000446,0.8686885128145838,0.8686885128145838,0.9399266163000446,0.8686885128145838,True,False,False,DERIVATION_BACKTEST,False,0.15,2026-08-17,True,NONE,lineup-materiality-shadow-v1
2026-08-17,824514,687273,Quinn Mathews,STL,CIN,CONFIRMED_LINEUP,2026-08-17 14:30:07.515470+00:00,2026-08-17 17:40:00+00:00,PRE_GAME_CAPTURE,True,True,5.559287257682445,5.397625398488667,-0.1616618591937779,7.0,APPLY_CONFIRMED_MATERIAL,5.397625398488667,False,1.4407127423175554,1.6023746015113334,1.6023746015113334,-1.4407127423175554,-1.6023746015113334,-1.6023746015113334,False,False,True,DERIVATION_BACKTEST,False,0.15,2026-08-17,True,NONE,lineup-materiality-shadow-v1
2026-08-18,824803,607074,Carlos Rodón,NYY,BAL,CONFIRMED_LINEUP,2026-08-18 19:42:23.099722+00:00,2026-08-18 22:35:00+00:00,PRE_GAME_CAPTURE,True,True,5.753957352784598,5.61537454976998,-0.1385828030146179,4.0,REVERT_IMMATERIAL_TO_PRECONFIRM,5.753957352784598,True,1.7539573527845977,1.6153745497699799,1.7539573527845977,1.7539573527845977,1.6153745497699799,1.7539573527845977,False,True,False,FORWARD_OOS,True,0.15,2026-08-17,True,NONE,lineup-materiality-shadow-v1
2026-08-18,824803,669358,Shane Baz,BAL,NYY,CONFIRMED_LINEUP,2026-08-18 19:42:23.395228+00:00,2026-08-18 22:35:00+00:00,PRE_GAME_CAPTURE,True,True,5.386210220963464,5.414982918719831,0.0287726977563673,10.0,REVERT_IMMATERIAL_TO_PRECONFIRM,5.386210220963464,True,4.613789779036536,4.585017081280169,4.613789779036536,-4.613789779036536,-4.585017081280169,-4.613789779036536,False,True,False,FORWARD_OOS,True,0.15,2026-08-17,True,NONE,lineup-materiality-shadow-v1
2026-08-18,823341,672456,Keider Montero,DET,PIT,CONFIRMED_LINEUP,2026-08-18 21:02:33.574346+00:00,2026-08-18 22:40:00+00:00,PRE_GAME_CAPTURE,True,True,4.528468674393789,4.653182668769521,0.1247139943757318,3.0,REVERT_IMMATERIAL_TO_PRECONFIRM,4.528468674393789,True,1.528468674393789,1.6531826687695208,1.528468674393789,1.528468674393789,1.6531826687695208,1.528468674393789,True,False,False,FORWARD_OOS,True,0.15,2026-08-17,True,NONE,lineup-materiality-shadow-v1
2026-08-18,823341,677952,Braxton Ashcraft,PIT,DET,CONFIRMED_LINEUP,2026-08-18 19:42:23.826158+00:00,2026-08-18 22:40:00+00:00,PRE_GAME_CAPTURE,True,True,5.226446482179903,5.346787593098446,0.1203411109185426,4.0,REVERT_IMMATERIAL_TO_PRECONFIRM,5.226446482179903,True,1.2264464821799033,1.3467875930984459,1.2264464821799033,1.2264464821799033,1.3467875930984459,1.2264464821799033,True,False,False,FORWARD_OOS,True,0.15,2026-08-17,True,NONE,lineup-materiality-shadow-v1
2026-08-18,824398,687931,Carson Whisenhunt,SFG,CLE,CONFIRMED_LINEUP,2026-08-18 19:42:24.146095+00:00,2026-08-18 22:40:00+00:00,PRE_GAME_CAPTURE,True,True,3.9576213923483055,4.140867861084864,0.1832464687365584,1.0,APPLY_CONFIRMED_MATERIAL,4.140867861084864,False,2.9576213923483055,3.140867861084864,3.140867861084864,2.9576213923483055,3.140867861084864,3.140867861084864,False,False,True,FORWARD_OOS,True,0.15,2026-08-17,True,NONE,lineup-materiality-shadow-v1
2026-08-18,824398,656492,Foster Griffin,CLE,SFG,CONFIRMED_LINEUP,2026-08-18 19:42:24.445465+00:00,2026-08-18 22:40:00+00:00,PRE_GAME_CAPTURE,True,True,5.622827687897041,5.459779377135535,-0.1630483107615052,6.0,APPLY_CONFIRMED_MATERIAL,5.459779377135535,False,0.3771723121029593,0.5402206228644646,0.5402206228644646,-0.3771723121029593,-0.5402206228644646,-0.5402206228644646,False,False,True,FORWARD_OOS,True,0.15,2026-08-17,True,NONE,lineup-materiality-shadow-v1
2026-08-18,824475,681517,Kyle Leahy,STL,CIN,CONFIRMED_LINEUP,2026-08-18 19:42:24.730538+00:00,2026-08-18 22:40:00+00:00,PRE_GAME_CAPTURE,True,True,4.960333000693087,4.94040689536778,-0.0199261053253065,6.0,REVERT_IMMATERIAL_TO_PRECONFIRM,4.960333000693087,True,1.0396669993069132,1.0595931046322198,1.0396669993069132,-1.0396669993069132,-1.0595931046322198,-1.0396669993069132,True,False,False,FORWARD_OOS,True,0.15,2026-08-17,True,NONE,lineup-materiality-shadow-v1
2026-08-18,824475,671096,Andrew Abbott,CIN,STL,CONFIRMED_LINEUP,2026-08-18 19:42:25.019681+00:00,2026-08-18 22:40:00+00:00,PRE_GAME_CAPTURE,True,True,4.233235195339145,4.409029753133487,0.175794557794342,6.0,APPLY_CONFIRMED_MATERIAL,4.409029753133487,False,1.7667648046608546,1.5909702468665126,1.5909702468665126,-1.7667648046608546,-1.5909702468665126,-1.5909702468665126,False,False,True,FORWARD_OOS,True,0.15,2026-08-17,True,NONE,lineup-materiality-shadow-v1
2026-08-18,822938,667755,José Soriano,TOR,TBR,CONFIRMED_LINEUP,2026-08-18 19:42:25.327574+00:00,2026-08-18 22:40:00+00:00,PRE_GAME_CAPTURE,True,True,4.540327200570182,4.674917674843069,0.1345904742728869,2.0,REVERT_IMMATERIAL_TO_PRECONFIRM,4.540327200570182,True,2.5403272005701822,2.674917674843069,2.5403272005701822,2.5403272005701822,2.674917674843069,2.5403272005701822,True,False,False,FORWARD_OOS,True,0.15,2026-08-17,True,NONE,lineup-materiality-shadow-v1
2026-08-18,822938,607259,Nick Martinez,TBR,TOR,CONFIRMED_LINEUP,2026-08-18 19:42:25.639372+00:00,2026-08-18 22:40:00+00:00,PRE_GAME_CAPTURE,True,True,4.185628597857633,4.219537306215175,0.0339087083575417,5.0,REVERT_IMMATERIAL_TO_PRECONFIRM,4.185628597857633,True,0.8143714021423669,0.7804626937848251,0.8143714021423669,-0.8143714021423669,-0.7804626937848251,-0.8143714021423669,False,True,False,FORWARD_OOS,True,0.15,2026-08-17,True,NONE,lineup-materiality-shadow-v1
2026-08-18,823423,806188,Cade Gibson,MIA,PHI,CONFIRMED_LINEUP,2026-08-18 19:42:25.974351+00:00,2026-08-18 22:40:00+00:00,PRE_GAME_CAPTURE,True,True,2.994923254429974,2.932904529638229,-0.0620187247917449,1.0,REVERT_IMMATERIAL_TO_PRECONFIRM,2.994923254429974,True,1.994923254429974,1.932904529638229,1.994923254429974,1.994923254429974,1.932904529638229,1.994923254429974,False,True,False,FORWARD_OOS,True,0.15,2026-08-17,True,NONE,lineup-materiality-shadow-v1
2026-08-18,823423,554430,Zack Wheeler,PHI,MIA,CONFIRMED_LINEUP,2026-08-18 21:02:34.099091+00:00,2026-08-18 22:40:00+00:00,PRE_GAME_CAPTURE,True,True,5.24418001360972,5.387025936398032,0.1428459227883127,7.0,REVERT_IMMATERIAL_TO_PRECONFIRM,5.24418001360972,True,1.7558199863902804,1.6129740636019676,1.7558199863902804,-1.7558199863902804,-1.6129740636019676,-1.7558199863902804,False,True,False,FORWARD_OOS,True,0.15,2026-08-17,True,NONE,lineup-materiality-shadow-v1
2026-08-18,824723,518876,Merrill Kelly,ARI,BOS,CONFIRMED_LINEUP,2026-08-18 19:42:26.396030+00:00,2026-08-18 23:10:00+00:00,PRE_GAME_CAPTURE,True,True,4.323286793085068,4.246455249022981,-0.0768315440620872,2.0,REVERT_IMMATERIAL_TO_PRECONFIRM,4.323286793085068,True,2.3232867930850682,2.246455249022981,2.3232867930850682,2.3232867930850682,2.246455249022981,2.3232867930850682,False,True,False,FORWARD_OOS,True,0.15,2026-08-17,True,NONE,lineup-materiality-shadow-v1
2026-08-18,824723,624133,Ranger Suarez,BOS,ARI,CONFIRMED_LINEUP,2026-08-18 19:42:26.680751+00:00,2026-08-18 23:10:00+00:00,PRE_GAME_CAPTURE,True,True,4.100906627132147,4.374293519604724,0.2733868924725771,3.0,APPLY_CONFIRMED_MATERIAL,4.374293519604724,False,1.1009066271321473,1.3742935196047243,1.3742935196047243,1.1009066271321473,1.3742935196047243,1.3742935196047243,False,False,True,FORWARD_OOS,True,0.15,2026-08-17,True,NONE,lineup-materiality-shadow-v1
2026-08-18,823586,592662,Robbie Ray,SDP,NYM,CONFIRMED_LINEUP,2026-08-18 19:42:26.971467+00:00,2026-08-18 23:10:00+00:00,PRE_GAME_CAPTURE,True,True,5.07251983188524,4.933170546179699,-0.1393492857055402,4.0,REVERT_IMMATERIAL_TO_PRECONFIRM,5.07251983188524,True,1.0725198318852396,0.9331705461796993,1.0725198318852396,1.0725198318852396,0.9331705461796993,1.0725198318852396,False,True,False,FORWARD_OOS,True,0.15,2026-08-17,True,NONE,lineup-materiality-shadow-v1
2026-08-18,823586,804267,Zac Thornton,NYM,SDP,CONFIRMED_LINEUP,2026-08-18 21:02:34.630005+00:00,2026-08-18 23:10:00+00:00,PRE_GAME_CAPTURE,True,True,4.438792913443283,4.4099868077574325,-0.0288061056858506,7.0,REVERT_IMMATERIAL_TO_PRECONFIRM,4.438792913443283,True,2.561207086556717,2.5900131922425675,2.561207086556717,-2.561207086556717,-2.5900131922425675,-2.561207086556717,True,False,False,FORWARD_OOS,True,0.15,2026-08-17,True,NONE,lineup-materiality-shadow-v1
2026-08-18,823667,641816,Tyler Mahle,ATL,MIN,CONFIRMED_LINEUP,2026-08-18 19:42:27.552246+00:00,2026-08-18 23:40:00+00:00,PRE_GAME_CAPTURE,True,True,4.816865371158722,4.842366678156418,0.0255013069976959,3.0,REVERT_IMMATERIAL_TO_PRECONFIRM,4.816865371158722,True,1.8168653711587224,1.8423666781564183,1.8168653711587224,1.8168653711587224,1.8423666781564183,1.8168653711587224,True,False,False,FORWARD_OOS,True,0.15,2026-08-17,True,NONE,lineup-materiality-shadow-v1
2026-08-18,823667,805673,Zebby Matthews,MIN,ATL,CONFIRMED_LINEUP,2026-08-18 21:02:35.093587+00:00,2026-08-18 23:40:00+00:00,PRE_GAME_CAPTURE,True,True,4.977978556701439,5.082791831743988,0.1048132750425487,4.0,REVERT_IMMATERIAL_TO_PRECONFIRM,4.977978556701439,True,0.977978556701439,1.0827918317439877,0.977978556701439,0.977978556701439,1.0827918317439877,0.977978556701439,True,False,False,FORWARD_OOS,True,0.15,2026-08-17,True,NONE,lineup-materiality-shadow-v1
2026-08-18,823749,682243,Bryce Miller,SEA,MIL,CONFIRMED_LINEUP,2026-08-18 21:02:35.552670+00:00,2026-08-18 23:40:00+00:00,PRE_GAME_CAPTURE,True,True,5.450456926115255,5.4469117040175,-0.0035452220977543,3.0,REVERT_IMMATERIAL_TO_PRECONFIRM,5.450456926115255,True,2.4504569261152547,2.4469117040175004,2.4504569261152547,2.4504569261152547,2.4469117040175004,2.4504569261152547,False,True,False,FORWARD_OOS,True,0.15,2026-08-17,True,NONE,lineup-materiality-shadow-v1
2026-08-18,823749,690986,Kyle Harrison,MIL,SEA,CONFIRMED_LINEUP,2026-08-18 21:02:35.978156+00:00,2026-08-18 23:40:00+00:00,PRE_GAME_CAPTURE,True,True,4.938806909011296,4.9877979754341375,0.0489910664228414,8.0,REVERT_IMMATERIAL_TO_PRECONFIRM,4.938806909011296,True,3.061193090988704,3.0122020245658625,3.061193090988704,-3.061193090988704,-3.0122020245658625,-3.061193090988704,False,True,False,FORWARD_OOS,True,0.15,2026-08-17,True,NONE,lineup-materiality-shadow-v1
2026-08-18,822859,800600,Jackson Kent,WSH,TEX,CONFIRMED_LINEUP,2026-08-18 21:02:36.549735+00:00,2026-08-19 00:05:00+00:00,PRE_GAME_CAPTURE,True,True,4.647213149295057,4.6131389371797855,-0.0340742121152715,3.0,REVERT_IMMATERIAL_TO_PRECONFIRM,4.647213149295057,True,1.647213149295057,1.6131389371797855,1.647213149295057,1.647213149295057,1.6131389371797855,1.647213149295057,False,True,False,FORWARD_OOS,True,0.15,2026-08-17,True,NONE,lineup-materiality-shadow-v1
2026-08-18,822859,615698,Cal Quantrill,TEX,WSH,CONFIRMED_LINEUP,2026-08-18 21:02:37.103487+00:00,2026-08-19 00:05:00+00:00,PRE_GAME_CAPTURE,True,True,3.893722871275374,3.981394497915155,0.0876716266397812,5.0,REVERT_IMMATERIAL_TO_PRECONFIRM,3.893722871275374,True,1.106277128724626,1.0186055020848448,1.106277128724626,-1.106277128724626,-1.0186055020848448,-1.106277128724626,False,True,False,FORWARD_OOS,True,0.15,2026-08-17,True,NONE,lineup-materiality-shadow-v1
2026-08-18,824639,592332,Kevin Gausman,CHC,CHW,CONFIRMED_LINEUP,2026-08-18 21:02:37.571832+00:00,2026-08-19 00:05:00+00:00,PRE_GAME_CAPTURE,True,True,5.556759936138189,5.497617917478005,-0.059142018660184,5.0,REVERT_IMMATERIAL_TO_PRECONFIRM,5.556759936138189,True,0.5567599361381887,0.49761791747800466,0.5567599361381887,0.5567599361381887,0.49761791747800466,0.5567599361381887,False,True,False,FORWARD_OOS,True,0.15,2026-08-17,True,NONE,lineup-materiality-shadow-v1
2026-08-18,824154,691946,George Klassen,LAA,HOU,CONFIRMED_LINEUP,2026-08-18 23:00:29.276304+00:00,2026-08-19 00:10:00+00:00,PRE_GAME_CAPTURE,True,True,3.978461345383727,4.029905027424963,0.0514436820412358,7.0,REVERT_IMMATERIAL_TO_PRECONFIRM,3.978461345383727,True,3.021538654616273,2.970094972575037,3.021538654616273,-3.021538654616273,-2.970094972575037,-3.021538654616273,False,True,False,FORWARD_OOS,True,0.15,2026-08-17,True,NONE,lineup-materiality-shadow-v1
2026-08-18,824154,664299,Cristian Javier,HOU,LAA,CONFIRMED_LINEUP,2026-08-18 21:02:38.301516+00:00,2026-08-19 00:10:00+00:00,PRE_GAME_CAPTURE,True,True,4.235024000111908,4.0800288699010405,-0.1549951302108674,5.0,APPLY_CONFIRMED_MATERIAL,4.0800288699010405,False,0.7649759998880921,0.9199711300989595,0.9199711300989595,-0.7649759998880921,-0.9199711300989595,-0.9199711300989595,False,False,True,FORWARD_OOS,True,0.15,2026-08-17,True,NONE,lineup-materiality-shadow-v1
2026-08-18,824319,641778,Eric Lauer,LAD,COL,CONFIRMED_LINEUP,2026-08-18 23:00:29.602413+00:00,2026-08-19 00:40:00+00:00,PRE_GAME_CAPTURE,True,True,4.412956933212147,4.436150818968063,0.0231938857559157,6.0,REVERT_IMMATERIAL_TO_PRECONFIRM,4.412956933212147,True,1.587043066787853,1.5638491810319373,1.587043066787853,-1.587043066787853,-1.5638491810319373,-1.587043066787853,False,True,False,FORWARD_OOS,True,0.15,2026-08-17,True,NONE,lineup-materiality-shadow-v1
2026-08-18,824319,663372,Ryan Feltner,COL,LAD,CONFIRMED_LINEUP,2026-08-18 23:00:29.910634+00:00,2026-08-19 00:40:00+00:00,PRE_GAME_CAPTURE,True,True,4.006191595921354,4.085502846631547,0.0793112507101927,3.0,REVERT_IMMATERIAL_TO_PRECONFIRM,4.006191595921354,True,1.0061915959213543,1.085502846631547,1.0061915959213543,1.0061915959213543,1.085502846631547,1.0061915959213543,True,False,False,FORWARD_OOS,True,0.15,2026-08-17,True,NONE,lineup-materiality-shadow-v1
2026-08-19,823342,695549,Jackson Jobe,DET,PIT,CONFIRMED_LINEUP,2026-08-19 14:14:01.442608+00:00,2026-08-19 16:35:00+00:00,PRE_GAME_CAPTURE,True,True,4.429214916885249,4.510444868440044,0.0812299515547954,3.0,REVERT_IMMATERIAL_TO_PRECONFIRM,4.429214916885249,True,1.4292149168852486,1.510444868440044,1.4292149168852486,1.4292149168852486,1.510444868440044,1.4292149168852486,True,False,False,FORWARD_OOS,True,0.15,2026-08-17,True,NONE,lineup-materiality-shadow-v1
2026-08-19,823342,694973,Paul Skenes,PIT,DET,CONFIRMED_LINEUP,2026-08-19 14:01:07.774937+00:00,2026-08-19 16:35:00+00:00,PRE_GAME_CAPTURE,True,True,5.281211637275041,5.443366497409093,0.1621548601340521,5.0,APPLY_CONFIRMED_MATERIAL,5.443366497409093,False,0.2812116372750406,0.44336649740909273,0.44336649740909273,0.2812116372750406,0.44336649740909273,0.44336649740909273,False,False,True,FORWARD_OOS,True,0.15,2026-08-17,True,NONE,lineup-materiality-shadow-v1
2026-08-19,823587,650633,Michael King,SDP,NYM,CONFIRMED_LINEUP,2026-08-19 14:48:09.922633+00:00,2026-08-19 17:10:00+00:00,PRE_GAME_CAPTURE,True,True,5.1195837960771,5.073213228237977,-0.0463705678391228,4.0,REVERT_IMMATERIAL_TO_PRECONFIRM,5.1195837960771,True,1.1195837960770998,1.073213228237977,1.1195837960770998,1.1195837960770998,1.073213228237977,1.1195837960770998,False,True,False,FORWARD_OOS,True,0.15,2026-08-17,True,NONE,lineup-materiality-shadow-v1
2026-08-19,823587,476594,Robert Stock,NYM,SDP,CONFIRMED_LINEUP,2026-08-19 14:01:08.470523+00:00,2026-08-19 17:10:00+00:00,PRE_GAME_CAPTURE,True,True,4.370228511069534,4.3612403298526,-0.0089881812169343,6.0,REVERT_IMMATERIAL_TO_PRECONFIRM,4.370228511069534,True,1.6297714889304658,1.6387596701474,1.6297714889304658,-1.6297714889304658,-1.6387596701474,-1.6297714889304658,True,False,False,FORWARD_OOS,True,0.15,2026-08-17,True,NONE,lineup-materiality-shadow-v1
2026-08-19,823664,700363,AJ Smith-Shawver,ATL,MIN,CONFIRMED_LINEUP,2026-08-19 17:05:29.053852+00:00,2026-08-19 17:40:00+00:00,PRE_GAME_CAPTURE,True,True,4.1692009407589525,4.233027144207289,0.0638262034483361,3.0,REVERT_IMMATERIAL_TO_PRECONFIRM,4.1692009407589525,True,1.1692009407589525,1.2330271442072887,1.1692009407589525,1.1692009407589525,1.2330271442072887,1.1692009407589525,True,False,False,FORWARD_OOS,True,0.15,2026-08-17,True,NONE,lineup-materiality-shadow-v1
2026-08-19,823664,671737,Taj Bradley,MIN,ATL,CONFIRMED_LINEUP,2026-08-19 15:05:17.053132+00:00,2026-08-19 17:40:00+00:00,PRE_GAME_CAPTURE,True,True,5.6725271829978166,5.684919719738696,0.0123925367408794,7.0,REVERT_IMMATERIAL_TO_PRECONFIRM,5.6725271829978166,True,1.3274728170021834,1.315080280261304,1.3274728170021834,-1.3274728170021834,-1.315080280261304,-1.3274728170021834,False,True,False,FORWARD_OOS,True,0.15,2026-08-17,True,NONE,lineup-materiality-shadow-v1
2026-08-19,824640,605280,Clay Holmes,CHC,CHW,CONFIRMED_LINEUP,2026-08-19 14:37:09.552329+00:00,2026-08-19 18:20:00+00:00,PRE_GAME_CAPTURE,True,True,4.513116953364586,4.483154365728499,-0.0299625876360867,1.0,REVERT_IMMATERIAL_TO_PRECONFIRM,4.513116953364586,True,3.5131169533645856,3.483154365728499,3.5131169533645856,3.5131169533645856,3.483154365728499,3.5131169533645856,False,True,False,FORWARD_OOS,True,0.15,2026-08-17,True,NONE,lineup-materiality-shadow-v1
2026-08-19,824722,694297,Brandon Pfaadt,ARI,BOS,CONFIRMED_LINEUP,2026-08-19 17:05:29.378912+00:00,2026-08-19 20:10:00+00:00,PRE_GAME_CAPTURE,True,True,4.366250250102188,4.378245622636715,0.0119953725345274,8.0,REVERT_IMMATERIAL_TO_PRECONFIRM,4.366250250102188,True,3.633749749897812,3.6217543773632848,3.633749749897812,-3.633749749897812,-3.6217543773632848,-3.633749749897812,False,True,False,FORWARD_OOS,True,0.15,2026-08-17,True,NONE,lineup-materiality-shadow-v1
2026-08-19,824722,801139,Payton Tolle,BOS,ARI,CONFIRMED_LINEUP,2026-08-19 19:38:08.754839+00:00,2026-08-19 20:10:00+00:00,PRE_GAME_CAPTURE,True,True,4.871376995149667,5.173953729346422,0.3025767341967551,6.0,APPLY_CONFIRMED_MATERIAL,5.173953729346422,False,1.1286230048503327,0.8260462706535776,0.8260462706535776,-1.1286230048503327,-0.8260462706535776,-0.8260462706535776,False,False,True,FORWARD_OOS,True,0.15,2026-08-17,True,NONE,lineup-materiality-shadow-v1
2026-08-19,823424,645261,Sandy Alcantara,MIA,PHI,CONFIRMED_LINEUP,2026-08-19 19:38:09.336821+00:00,2026-08-19 22:05:00+00:00,PRE_GAME_CAPTURE,True,True,5.1852296381955645,5.190362114932669,0.0051324767371045,1.0,REVERT_IMMATERIAL_TO_PRECONFIRM,5.1852296381955645,True,4.1852296381955645,4.190362114932669,4.1852296381955645,4.1852296381955645,4.190362114932669,4.1852296381955645,True,False,False,FORWARD_OOS,True,0.15,2026-08-17,True,NONE,lineup-materiality-shadow-v1
2026-08-19,823424,605400,Aaron Nola,PHI,MIA,CONFIRMED_LINEUP,2026-08-19 19:38:09.938802+00:00,2026-08-19 22:05:00+00:00,PRE_GAME_CAPTURE,True,True,5.156475944944622,5.325987810486483,0.1695118655418612,8.0,APPLY_CONFIRMED_MATERIAL,5.325987810486483,False,2.8435240550553784,2.674012189513517,2.674012189513517,-2.8435240550553784,-2.674012189513517,-2.674012189513517,False,False,True,FORWARD_OOS,True,0.15,2026-08-17,True,NONE,lineup-materiality-shadow-v1
2026-08-19,824801,701542,Will Warren,NYY,BAL,CONFIRMED_LINEUP,2026-08-19 20:55:46.658130+00:00,2026-08-19 22:35:00+00:00,PRE_GAME_CAPTURE,True,True,5.3375649858402525,5.35430306156303,0.0167380757227775,5.0,REVERT_IMMATERIAL_TO_PRECONFIRM,5.3375649858402525,True,0.3375649858402525,0.35430306156303004,0.3375649858402525,0.3375649858402525,0.35430306156303004,0.3375649858402525,True,False,False,FORWARD_OOS,True,0.15,2026-08-17,True,NONE,lineup-materiality-shadow-v1
2026-08-19,824801,605135,Chris Bassitt,BAL,NYY,CONFIRMED_LINEUP,2026-08-19 19:38:10.925087+00:00,2026-08-19 22:35:00+00:00,PRE_GAME_CAPTURE,True,True,4.723953274303815,4.745489881531514,0.0215366072276985,6.0,REVERT_IMMATERIAL_TO_PRECONFIRM,4.723953274303815,True,1.276046725696185,1.2545101184684864,1.276046725696185,-1.276046725696185,-1.2545101184684864,-1.276046725696185,False,True,False,FORWARD_OOS,True,0.15,2026-08-17,True,NONE,lineup-materiality-shadow-v1
2026-08-19,824394,800048,Parker Messick,CLE,SFG,CONFIRMED_LINEUP,2026-08-19 20:12:35.240570+00:00,2026-08-19 22:40:00+00:00,PRE_GAME_CAPTURE,True,True,6.144916051179709,5.8662311594836645,-0.2786848916960442,10.0,APPLY_CONFIRMED_MATERIAL,5.8662311594836645,False,3.8550839488202913,4.1337688405163355,4.1337688405163355,-3.8550839488202913,-4.1337688405163355,-4.1337688405163355,False,False,True,FORWARD_OOS,True,0.15,2026-08-17,True,NONE,lineup-materiality-shadow-v1
2026-08-19,824476,669461,Matthew Liberatore,STL,CIN,CONFIRMED_LINEUP,2026-08-19 19:38:11.988908+00:00,2026-08-19 22:40:00+00:00,PRE_GAME_CAPTURE,True,True,5.141055260689958,5.0360527737266665,-0.1050024869632917,9.0,REVERT_IMMATERIAL_TO_PRECONFIRM,5.141055260689958,True,3.858944739310042,3.9639472262733335,3.858944739310042,-3.858944739310042,-3.9639472262733335,-3.858944739310042,True,False,False,FORWARD_OOS,True,0.15,2026-08-17,True,NONE,lineup-materiality-shadow-v1
2026-08-19,824476,695505,Chase Burns,CIN,STL,CONFIRMED_LINEUP,2026-08-19 19:38:12.617587+00:00,2026-08-19 22:40:00+00:00,PRE_GAME_CAPTURE,True,True,5.386097125600318,5.480226465839715,0.0941293402393972,8.0,REVERT_IMMATERIAL_TO_PRECONFIRM,5.386097125600318,True,2.613902874399682,2.5197735341602847,2.613902874399682,-2.613902874399682,-2.5197735341602847,-2.613902874399682,False,True,False,FORWARD_OOS,True,0.15,2026-08-17,True,NONE,lineup-materiality-shadow-v1
2026-08-19,822937,453286,Max Scherzer,TOR,TBR,CONFIRMED_LINEUP,2026-08-19 19:38:13.301511+00:00,2026-08-19 22:40:00+00:00,PRE_GAME_CAPTURE,True,True,3.726462050175973,3.811104589690931,0.0846425395149581,1.0,REVERT_IMMATERIAL_TO_PRECONFIRM,3.726462050175973,True,2.726462050175973,2.811104589690931,2.726462050175973,2.726462050175973,2.811104589690931,2.726462050175973,True,False,False,FORWARD_OOS,True,0.15,2026-08-17,True,NONE,lineup-materiality-shadow-v1
2026-08-19,822937,656876,Drew Rasmussen,TBR,TOR,CONFIRMED_LINEUP,2026-08-19 20:12:35.730842+00:00,2026-08-19 22:40:00+00:00,PRE_GAME_CAPTURE,True,True,4.922993525617498,5.224669289701269,0.3016757640837708,5.0,APPLY_CONFIRMED_MATERIAL,5.224669289701269,False,0.07700647438250208,0.22466928970126876,0.22466928970126876,-0.07700647438250208,0.22466928970126876,0.22466928970126876,False,False,True,FORWARD_OOS,True,0.15,2026-08-17,True,NONE,lineup-materiality-shadow-v1
2026-08-19,823748,669302,Logan Gilbert,SEA,MIL,CONFIRMED_LINEUP,2026-08-19 20:55:47.420324+00:00,2026-08-19 23:40:00+00:00,PRE_GAME_CAPTURE,True,True,5.930503223954446,5.717394751422095,-0.2131084725323511,5.0,APPLY_CONFIRMED_MATERIAL,5.717394751422095,False,0.930503223954446,0.7173947514220949,0.7173947514220949,0.930503223954446,0.7173947514220949,0.7173947514220949,False,False,True,FORWARD_OOS,True,0.15,2026-08-17,True,NONE,lineup-materiality-shadow-v1
2026-08-19,823748,669160,Dustin May,MIL,SEA,CONFIRMED_LINEUP,2026-08-19 20:55:47.998333+00:00,2026-08-19 23:40:00+00:00,PRE_GAME_CAPTURE,True,True,4.645478974561191,4.71223265085526,0.066753676294069,1.0,REVERT_IMMATERIAL_TO_PRECONFIRM,4.645478974561191,True,3.6454789745611906,3.7122326508552597,3.6454789745611906,3.6454789745611906,3.7122326508552597,3.6454789745611906,True,False,False,FORWARD_OOS,True,0.15,2026-08-17,True,NONE,lineup-materiality-shadow-v1
2026-08-19,822860,676917,Cade Cavalli,WSH,TEX,CONFIRMED_LINEUP,2026-08-19 20:12:36.733217+00:00,2026-08-20 00:05:00+00:00,PRE_GAME_CAPTURE,True,True,5.64637779983196,5.596987811813542,-0.0493899880184178,11.0,REVERT_IMMATERIAL_TO_PRECONFIRM,5.64637779983196,True,5.35362220016804,5.403012188186458,5.35362220016804,-5.35362220016804,-5.403012188186458,-5.35362220016804,True,False,False,FORWARD_OOS,True,0.15,2026-08-17,True,NONE,lineup-materiality-shadow-v1
2026-08-19,822860,677958,Kumar Rocker,TEX,WSH,CONFIRMED_LINEUP,2026-08-19 20:55:48.638300+00:00,2026-08-20 00:05:00+00:00,PRE_GAME_CAPTURE,True,True,4.545764559391824,4.5068986117045,-0.0388659476873236,3.0,REVERT_IMMATERIAL_TO_PRECONFIRM,4.545764559391824,True,1.5457645593918237,1.5068986117045,1.5457645593918237,1.5457645593918237,1.5068986117045,1.5457645593918237,False,True,False,FORWARD_OOS,True,0.15,2026-08-17,True,NONE,lineup-materiality-shadow-v1
2026-08-19,824155,700712,Walbert Ureña,LAA,HOU,CONFIRMED_LINEUP,2026-08-19 20:12:37.435046+00:00,2026-08-20 00:10:00+00:00,PRE_GAME_CAPTURE,True,True,4.570218679869265,4.70497713729241,0.1347584574231444,7.0,REVERT_IMMATERIAL_TO_PRECONFIRM,4.570218679869265,True,2.4297813201307346,2.29502286270759,2.4297813201307346,-2.4297813201307346,-2.29502286270759,-2.4297813201307346,False,True,False,FORWARD_OOS,True,0.15,2026-08-17,True,NONE,lineup-materiality-shadow-v1
2026-08-19,824318,808963,Roki Sasaki,LAD,COL,CONFIRMED_LINEUP,2026-08-19 22:09:22.052113+00:00,2026-08-20 00:40:00+00:00,PRE_GAME_CAPTURE,True,True,4.712828697209759,4.779758171196984,0.0669294739872246,6.0,REVERT_IMMATERIAL_TO_PRECONFIRM,4.712828697209759,True,1.2871713027902407,1.2202418288030161,1.2871713027902407,-1.2871713027902407,-1.2202418288030161,-1.2871713027902407,False,True,False,FORWARD_OOS,True,0.15,2026-08-17,True,NONE,lineup-materiality-shadow-v1
2026-08-19,824318,607536,Kyle Freeland,COL,LAD,CONFIRMED_LINEUP,2026-08-19 21:31:15.609854+00:00,2026-08-20 00:40:00+00:00,PRE_GAME_CAPTURE,True,True,4.574485685921468,4.674067341355391,0.0995816554339228,5.0,REVERT_IMMATERIAL_TO_PRECONFIRM,4.574485685921468,True,0.4255143140785318,0.32593265864460896,0.4255143140785318,-0.4255143140785318,-0.32593265864460896,-0.4255143140785318,False,True,False,FORWARD_OOS,True,0.15,2026-08-17,True,NONE,lineup-materiality-shadow-v1
2026-08-19,824640,656794,Sean Newcomb,CHW,CHC,CONFIRMED_LINEUP,2026-08-19 17:05:32.120155+00:00,2026-08-19 18:20:00+00:00,PRE_GAME_CAPTURE,True,True,3.680061813834752,3.691783945868399,0.0117221320336473,0.0,REVERT_IMMATERIAL_TO_PRECONFIRM,3.680061813834752,True,3.680061813834752,3.691783945868399,3.680061813834752,3.680061813834752,3.691783945868399,3.680061813834752,True,False,False,FORWARD_OOS,True,0.15,2026-08-17,True,NONE,lineup-materiality-shadow-v1
2026-08-19,824076,607625,Seth Lugo,KCR,ATH,CONFIRMED_LINEUP,2026-08-19 20:55:50.035988+00:00,2026-08-19 23:40:00+00:00,PRE_GAME_CAPTURE,True,True,4.471507884232253,4.659569149653388,0.1880612654211351,3.0,APPLY_CONFIRMED_MATERIAL,4.659569149653388,False,1.4715078842322526,1.6595691496533878,1.6595691496533878,1.4715078842322526,1.6595691496533878,1.6595691496533878,False,False,True,FORWARD_OOS,True,0.15,2026-08-17,True,NONE,lineup-materiality-shadow-v1
2026-08-20,824474,700241,Michael McGreevy,STL,CIN,CONFIRMED_LINEUP,2026-08-20 15:08:43.081255+00:00,2026-08-20 16:40:00+00:00,PRE_GAME_CAPTURE,True,True,4.925937902947446,4.830287037029995,-0.0956508659174506,4.0,REVERT_IMMATERIAL_TO_PRECONFIRM,4.925937902947446,True,0.9259379029474459,0.8302870370299953,0.9259379029474459,0.9259379029474459,0.8302870370299953,0.9259379029474459,False,True,False,FORWARD_OOS,True,0.15,2026-08-17,True,NONE,lineup-materiality-shadow-v1
2026-08-20,824474,663903,Brady Singer,CIN,STL,CONFIRMED_LINEUP,2026-08-20 13:37:42.542364+00:00,2026-08-20 16:40:00+00:00,PRE_GAME_CAPTURE,True,True,4.853113377657136,4.975886953872402,0.1227735762152661,3.0,REVERT_IMMATERIAL_TO_PRECONFIRM,4.853113377657136,True,1.8531133776571362,1.9758869538724024,1.8531133776571362,1.8531133776571362,1.9758869538724024,1.8531133776571362,True,False,False,FORWARD_OOS,True,0.15,2026-08-17,True,NONE,lineup-materiality-shadow-v1
2026-08-20,824395,694738,Landen Roupp,SFG,CLE,CONFIRMED_LINEUP,2026-08-20 15:08:43.401609+00:00,2026-08-20 17:10:00+00:00,PRE_GAME_CAPTURE,True,True,4.804772784809908,4.892290798953244,0.0875180141433356,2.0,REVERT_IMMATERIAL_TO_PRECONFIRM,4.804772784809908,True,2.8047727848099084,2.892290798953244,2.8047727848099084,2.8047727848099084,2.892290798953244,2.8047727848099084,True,False,False,FORWARD_OOS,True,0.15,2026-08-17,True,NONE,lineup-materiality-shadow-v1
2026-08-20,824395,668909,Gavin Williams,CLE,SFG,CONFIRMED_LINEUP,2026-08-20 15:08:43.734325+00:00,2026-08-20 17:10:00+00:00,PRE_GAME_CAPTURE,True,True,5.807380935477437,5.8766220812787004,0.0692411458012633,11.0,REVERT_IMMATERIAL_TO_PRECONFIRM,5.807380935477437,True,5.192619064522563,5.1233779187212996,5.192619064522563,-5.192619064522563,-5.1233779187212996,-5.192619064522563,False,True,False,FORWARD_OOS,True,0.15,2026-08-17,True,NONE,lineup-materiality-shadow-v1
2026-08-20,822934,669456,Shane Bieber,TOR,TBR,CONFIRMED_LINEUP,2026-08-20 15:08:44.111900+00:00,2026-08-20 17:10:00+00:00,PRE_GAME_CAPTURE,True,True,4.1675463189772834,4.371613704416658,0.2040673854393748,7.0,APPLY_CONFIRMED_MATERIAL,4.371613704416658,False,2.8324536810227166,2.6283862955833417,2.6283862955833417,-2.8324536810227166,-2.6283862955833417,-2.6283862955833417,False,False,True,FORWARD_OOS,True,0.15,2026-08-17,True,NONE,lineup-materiality-shadow-v1
2026-08-20,822934,693855,Ian Seymour,TBR,TOR,CONFIRMED_LINEUP,2026-08-20 15:08:44.469955+00:00,2026-08-20 17:10:00+00:00,PRE_GAME_CAPTURE,True,True,5.05529504585044,5.177023303035572,0.1217282571851319,8.0,REVERT_IMMATERIAL_TO_PRECONFIRM,5.05529504585044,True,2.94470495414956,2.822976696964428,2.94470495414956,-2.94470495414956,-2.822976696964428,-2.94470495414956,False,True,False,FORWARD_OOS,True,0.15,2026-08-17,True,NONE,lineup-materiality-shadow-v1
