game_date,game_pk,pitcher_id,player,team,opponent,Opponent_K_Rate,Opponent_K_Delta_PP,Opponent_K_Extremity,Matchup_PA,Matchup_PA_Band,Matchup_Batters,Lineup_State,Data_Quality,Quality_Band,Neutral_Opponent_Projection,Neutral_K_Projection_Level,Applied_Projection,Matchup_Adjustment_K,Reduction_Magnitude_K,Reduction_Magnitude_Band,Actual_Strikeouts,Weak_Reduce_Eligible,Neutralized_Projection,Applied_Absolute_Error,Neutralized_Absolute_Error,Applied_Error,Neutralized_Error,Neutralized_Win_vs_Applied,Applied_Win_vs_Neutralized,Neutralized_Applied_Tie,Evidence_Lane,Counts_For_Promotion,Report_Only,Production_Authority,Validation_Version
2026-08-12,824967,656876,Drew Rasmussen,TBR,ATH,0.2192034834421512,-0.4796516557848795,-0.25–0.99pp,1481.0,"1,000–1,999 PA",9.0,CONFIRMED,77,70–79,5.437349349706047,5.0–5.99 K,5.378819291726495,-0.058530057979552,0.058530057979552,<0.10 K,3.0,True,5.437349349706047,2.3788192917264954,2.4373493497060474,2.3788192917264954,2.4373493497060474,False,True,False,DERIVATION_BACKTEST,False,True,NONE,opponent-matchup-weak-reduce-neutral-shadow-v1
2026-08-12,823263,592662,Robbie Ray,SDP,MIL,0.2175661857187382,-0.6433814281261774,-0.25–0.99pp,816.0,"<1,000 PA",9.0,CONFIRMED,77,70–79,5.126483664234522,5.0–5.99 K,5.052324860965883,-0.0741588032686388,0.0741588032686388,<0.10 K,4.0,True,5.126483664234522,1.052324860965883,1.126483664234522,1.052324860965883,1.126483664234522,False,True,False,DERIVATION_BACKTEST,False,True,NONE,opponent-matchup-weak-reduce-neutral-shadow-v1
2026-08-12,823833,676083,Janson Junk,MIA,PIT,0.2193068421228486,-0.4693157877151382,-0.25–0.99pp,2014.0,"2,000–2,999 PA",9.0,CONFIRMED,68,60–69,4.225222295652576,4.0–4.99 K,4.180725412905703,-0.0444968827468725,0.0444968827468725,<0.10 K,2.0,True,4.225222295652576,2.180725412905703,2.225222295652576,2.180725412905703,2.225222295652576,False,True,False,DERIVATION_BACKTEST,False,True,NONE,opponent-matchup-weak-reduce-neutral-shadow-v1
2026-08-13,824561,671096,Andrew Abbott,CIN,CHW,0.2204903618972196,-0.3509638102780404,-0.25–0.99pp,935.0,"<1,000 PA",9.0,CONFIRMED,79,70–79,4.828854227269734,4.0–4.99 K,4.790875567489774,-0.0379786597799602,0.0379786597799602,<0.10 K,3.0,True,4.828854227269734,1.790875567489774,1.8288542272697343,1.790875567489774,1.8288542272697343,False,True,False,DERIVATION_BACKTEST,False,True,NONE,opponent-matchup-weak-reduce-neutral-shadow-v1
2026-08-13,822696,676917,Cade Cavalli,WSH,CHC,0.2161016949152542,-0.789830508474576,-0.25–0.99pp,3304.0,"3,000+ PA",13.0,PROJECTED/ROSTER,70,70–79,5.379962558931762,5.0–5.99 K,5.284261858257167,-0.0957007006745946,0.0957007006745946,<0.10 K,10.0,True,5.379962558931762,4.715738141742833,4.620037441068238,-4.715738141742833,-4.620037441068238,True,False,False,DERIVATION_BACKTEST,False,True,NONE,opponent-matchup-weak-reduce-neutral-shadow-v1
2026-08-14,824479,695505,Chase Burns,CIN,MIA,0.2179597160509253,-0.6040283949074715,-0.25–0.99pp,2261.0,"2,000–2,999 PA",9.0,CONFIRMED,77,70–79,5.634943042080677,5.0–5.99 K,5.558449164509395,-0.0764938775712824,0.0764938775712824,<0.10 K,8.0,True,5.634943042080677,2.441550835490605,2.3650569579193226,-2.441550835490605,-2.3650569579193226,True,False,False,DERIVATION_BACKTEST,False,True,NONE,opponent-matchup-weak-reduce-neutral-shadow-v1
2026-08-14,824882,694297,Brandon Pfaadt,ARI,ATL,0.2161275537442103,-0.7872446255789672,-0.25–0.99pp,2357.0,"2,000–2,999 PA",9.0,CONFIRMED,79,70–79,4.78068299269797,4.0–4.99 K,4.695923424536369,-0.0847595681616004,0.0847595681616004,<0.10 K,7.0,True,4.78068299269797,2.3040765754636308,2.2193170073020303,-2.3040765754636308,-2.2193170073020303,True,False,False,DERIVATION_BACKTEST,False,True,NONE,opponent-matchup-weak-reduce-neutral-shadow-v1
2026-08-14,823913,688107,Robert Gasser,MIL,LAD,0.2141393421271099,-0.9860657872890088,-0.25–0.99pp,877.0,"<1,000 PA",9.0,CONFIRMED,64,60–69,4.854672986677297,4.0–4.99 K,4.7466171474424845,-0.1080558392348125,0.1080558392348125,0.10–0.24 K,7.0,True,4.854672986677297,2.2533828525575155,2.145327013322703,-2.2533828525575155,-2.145327013322703,True,False,False,DERIVATION_BACKTEST,False,True,NONE,opponent-matchup-weak-reduce-neutral-shadow-v1
2026-08-14,823185,694738,Landen Roupp,SFG,COL,0.2180213737473146,-0.597862625268536,-0.25–0.99pp,2019.0,"2,000–2,999 PA",9.0,CONFIRMED,78,70–79,5.260194254340972,5.0–5.99 K,5.18952142514298,-0.0706728291979912,0.0706728291979912,<0.10 K,5.0,True,5.260194254340972,0.18952142514298043,0.26019425434097165,0.18952142514298043,0.26019425434097165,False,True,False,DERIVATION_BACKTEST,False,True,NONE,opponent-matchup-weak-reduce-neutral-shadow-v1
2026-08-15,823914,680736,Justin Wrobleski,LAD,MIL,0.2154922601120775,-0.85077398879225,-0.25–0.99pp,736.0,"<1,000 PA",9.0,CONFIRMED,72,70–79,5.139131645889583,5.0–5.99 K,5.040592301170672,-0.0985393447189109,0.0985393447189109,<0.10 K,6.0,True,5.139131645889583,0.9594076988293283,0.8608683541104174,-0.9594076988293283,-0.8608683541104174,True,False,False,DERIVATION_BACKTEST,False,True,NONE,opponent-matchup-weak-reduce-neutral-shadow-v1
2026-08-16,824880,647336,Michael Soroka,ARI,ATL,0.2189442057067619,-0.5055794293238103,-0.25–0.99pp,2326.0,"2,000–2,999 PA",9.0,CONFIRMED,68,60–69,4.691552531695018,4.0–4.99 K,4.638304993677666,-0.0532475380173522,0.0532475380173522,<0.10 K,5.0,True,4.691552531695018,0.36169500632233387,0.3084474683049816,-0.36169500632233387,-0.3084474683049816,True,False,False,DERIVATION_BACKTEST,False,True,NONE,opponent-matchup-weak-reduce-neutral-shadow-v1
2026-08-16,823590,663623,Jake Irvin,WSH,NYM,0.2207675214072664,-0.3232478592733595,-0.25–0.99pp,2105.0,"2,000–2,999 PA",9.0,CONFIRMED,65,60–69,4.446584824782525,4.0–4.99 K,4.414384550836889,-0.0322002739456355,0.0322002739456355,<0.10 K,6.0,True,4.446584824782525,1.585615449163111,1.5534151752174754,-1.585615449163111,-1.5534151752174754,True,False,False,DERIVATION_BACKTEST,False,True,NONE,opponent-matchup-weak-reduce-neutral-shadow-v1
2026-08-16,824477,666157,Nick Lodolo,CIN,MIA,0.2148718983466158,-0.9128101653384124,-0.25–0.99pp,765.0,"<1,000 PA",9.0,CONFIRMED,64,60–69,4.59532698566719,4.0–4.99 K,4.500722335947863,-0.0946046497193267,0.0946046497193267,<0.10 K,2.0,True,4.59532698566719,2.500722335947863,2.5953269856671897,2.500722335947863,2.5953269856671897,False,True,False,DERIVATION_BACKTEST,False,True,NONE,opponent-matchup-weak-reduce-neutral-shadow-v1
2026-08-16,823182,694918,Blade Tidwell,SFG,COL,0.219183959430592,-0.4816040569407986,-0.25–0.99pp,1460.0,"1,000–1,999 PA",9.0,CONFIRMED,50,<60,4.604855902574358,4.0–4.99 K,4.555084306412306,-0.0497715961620519,0.0497715961620519,<0.10 K,1.0,True,4.604855902574358,3.555084306412306,3.604855902574358,3.555084306412306,3.604855902574358,False,True,False,DERIVATION_BACKTEST,False,True,NONE,opponent-matchup-weak-reduce-neutral-shadow-v1
2026-08-16,823991,696270,Ryan Johnson,LAA,KCR,0.2171398100632892,-0.6860189936710809,-0.25–0.99pp,2238.0,"2,000–2,999 PA",9.0,CONFIRMED,60,60–69,4.183993420610594,4.0–4.99 K,4.119426045711611,-0.0645673748989832,0.0645673748989832,<0.10 K,4.0,True,4.183993420610594,0.1194260457116112,0.18399342061059443,0.1194260457116112,0.18399342061059443,False,True,False,DERIVATION_BACKTEST,False,True,NONE,opponent-matchup-weak-reduce-neutral-shadow-v1
2026-08-16,823912,669373,Tarik Skubal,LAD,MIL,0.2170212938349161,-0.6978706165083864,-0.25–0.99pp,706.0,"<1,000 PA",9.0,CONFIRMED,71,70–79,5.918579437937701,5.0–5.99 K,5.825653446777954,-0.0929259911597464,0.0929259911597464,<0.10 K,7.0,True,5.918579437937701,1.1743465532220458,1.0814205620622994,-1.1743465532220458,-1.0814205620622994,True,False,False,DERIVATION_BACKTEST,False,True,NONE,opponent-matchup-weak-reduce-neutral-shadow-v1
2026-08-17,823668,527048,Martín Pérez,ATL,MIN,0.2173401654600034,-0.6659834539996551,-0.25–0.99pp,875.0,"<1,000 PA",9.0,CONFIRMED,72,70–79,4.058713075999724,4.0–4.99 K,3.997922197560462,-0.0607908784392616,0.0607908784392616,<0.10 K,3.0,True,4.058713075999724,0.9979221975604622,1.0587130759997239,0.9979221975604622,1.0587130759997239,False,True,False,DERIVATION_BACKTEST,False,True,NONE,opponent-matchup-weak-reduce-neutral-shadow-v1
2026-08-17,823668,641927,Bailey Ober,MIN,ATL,0.216533430104879,-0.7466569895120956,-0.25–0.99pp,2414.0,"2,000–2,999 PA",9.0,CONFIRMED,71,70–79,4.630520831278347,4.0–4.99 K,4.552692426074534,-0.0778284052038129,0.0778284052038129,<0.10 K,4.0,True,4.630520831278347,0.5526924260745343,0.6305208312783472,0.5526924260745343,0.6305208312783472,False,True,False,DERIVATION_BACKTEST,False,True,NONE,opponent-matchup-weak-reduce-neutral-shadow-v1
2026-08-18,823423,554430,Zack Wheeler,PHI,MIA,0.2178487745115868,-0.6151225488413209,-0.25–0.99pp,2170.0,"2,000–2,999 PA",9.0,CONFIRMED,74,70–79,5.46255113052202,5.0–5.99 K,5.387025936398032,-0.0755251941239878,0.0755251941239878,<0.10 K,7.0,True,5.46255113052202,1.6129740636019676,1.5374488694779798,-1.6129740636019676,-1.5374488694779798,True,False,False,FORWARD_OOS,True,True,NONE,opponent-matchup-weak-reduce-neutral-shadow-v1
2026-08-18,824075,669620,Brady Basso,ATH,KCR,0.218787986916469,-0.5212013083530947,-0.25–0.99pp,933.0,"<1,000 PA",9.0,CONFIRMED,47,<60,3.3272812969516834,<4.0 K,3.2883440164111546,-0.0389372805405288,0.0389372805405288,<0.10 K,1.0,True,3.3272812969516834,2.2883440164111546,2.3272812969516834,2.2883440164111546,2.3272812969516834,False,True,False,FORWARD_OOS,True,True,NONE,opponent-matchup-weak-reduce-neutral-shadow-v1
2026-08-19,823587,650633,Michael King,SDP,NYM,0.2210817785491054,-0.291822145089457,-0.25–0.99pp,2460.0,"2,000–2,999 PA",9.0,CONFIRMED,79,70–79,5.106586002846806,5.0–5.99 K,5.073213228237977,-0.0333727746088294,0.0333727746088294,<0.10 K,4.0,True,5.106586002846806,1.073213228237977,1.1065860028468064,1.073213228237977,1.1065860028468064,False,True,False,FORWARD_OOS,True,True,NONE,opponent-matchup-weak-reduce-neutral-shadow-v1
2026-08-19,823664,671737,Taj Bradley,MIN,ATL,0.2180299159068786,-0.5970084093121414,-0.25–0.99pp,2411.0,"2,000–2,999 PA",9.0,CONFIRMED,79,70–79,5.762226184821226,5.0–5.99 K,5.684919719738696,-0.0773064650825299,0.0773064650825299,<0.10 K,7.0,True,5.762226184821226,1.315080280261304,1.237773815178774,-1.315080280261304,-1.237773815178774,True,False,False,FORWARD_OOS,True,True,NONE,opponent-matchup-weak-reduce-neutral-shadow-v1
2026-08-19,823424,605400,Aaron Nola,PHI,MIA,0.2209592392160761,-0.3040760783923901,-0.25–0.99pp,2358.0,"2,000–2,999 PA",9.0,CONFIRMED,79,70–79,5.362509744188549,5.0–5.99 K,5.325987810486483,-0.0365219337020663,0.0365219337020663,<0.10 K,8.0,True,5.362509744188549,2.674012189513517,2.637490255811451,-2.674012189513517,-2.637490255811451,True,False,False,FORWARD_OOS,True,True,NONE,opponent-matchup-weak-reduce-neutral-shadow-v1
2026-08-19,824155,700712,Walbert Ureña,LAA,HOU,0.2168695539276605,-0.7130446072339425,-0.25–0.99pp,2540.0,"2,000–2,999 PA",9.0,CONFIRMED,74,70–79,4.781698988666106,4.0–4.99 K,4.70497713729241,-0.076721851373696,0.076721851373696,<0.10 K,7.0,True,4.781698988666106,2.29502286270759,2.218301011333894,-2.29502286270759,-2.218301011333894,True,False,False,FORWARD_OOS,True,True,NONE,opponent-matchup-weak-reduce-neutral-shadow-v1
2026-08-19,824318,808963,Roki Sasaki,LAD,COL,0.2161482231091788,-0.7851776890821199,-0.25–0.99pp,1687.0,"1,000–1,999 PA",9.0,CONFIRMED,76,70–79,4.8657982586973,4.0–4.99 K,4.779758171196984,-0.086040087500316,0.086040087500316,<0.10 K,6.0,True,4.8657982586973,1.2202418288030161,1.1342017413027001,-1.2202418288030161,-1.1342017413027001,True,False,False,FORWARD_OOS,True,True,NONE,opponent-matchup-weak-reduce-neutral-shadow-v1
2026-08-20,824474,663903,Brady Singer,CIN,STL,0.2145486590678912,-0.9451340932108782,-0.25–0.99pp,2123.0,"2,000–2,999 PA",9.0,CONFIRMED,79,70–79,5.084305195499701,5.0–5.99 K,4.975886953872402,-0.1084182416272989,0.1084182416272989,0.10–0.24 K,3.0,True,5.084305195499701,1.9758869538724024,2.0843051954997014,1.9758869538724024,2.0843051954997014,False,True,False,FORWARD_OOS,True,True,NONE,opponent-matchup-weak-reduce-neutral-shadow-v1
2026-08-20,822861,594798,Jacob deGrom,TEX,WSH,0.2213766392278281,-0.2623360772171845,-0.25–0.99pp,1527.0,"1,000–1,999 PA",9.0,CONFIRMED,78,70–79,5.153059258103594,5.0–5.99 K,5.122795537671218,-0.0302637204323765,0.0302637204323765,<0.10 K,10.0,True,5.153059258103594,4.877204462328782,4.846940741896406,-4.877204462328782,-4.846940741896406,True,False,False,FORWARD_OOS,True,True,NONE,opponent-matchup-weak-reduce-neutral-shadow-v1
2026-08-20,824153,680570,Grayson Rodriguez,LAA,HOU,0.2159680897916301,-0.803191020836988,-0.25–0.99pp,2315.0,"2,000–2,999 PA",9.0,CONFIRMED,64,60–69,4.4682462701042125,4.0–4.99 K,4.38740661645816,-0.080839653646052,0.080839653646052,<0.10 K,6.0,True,4.4682462701042125,1.6125933835418396,1.5317537298957875,-1.6125933835418396,-1.5317537298957875,True,False,False,FORWARD_OOS,True,True,NONE,opponent-matchup-weak-reduce-neutral-shadow-v1
2026-08-21,823746,694819,Jacob Misiorowski,MIL,ATL,0.2152145036210027,-0.8785496378997226,-0.25–0.99pp,2656.0,"2,000–2,999 PA",9.0,CONFIRMED,78,70–79,6.552797545552767,6.0+ K,6.423008680458235,-0.1297888650945324,0.1297888650945324,0.10–0.24 K,6.0,True,6.552797545552767,0.4230086804582349,0.5527975455527674,0.4230086804582349,0.5527975455527674,False,True,False,FORWARD_OOS,True,True,NONE,opponent-matchup-weak-reduce-neutral-shadow-v1
2026-08-21,824721,543243,Sonny Gray,BOS,SFG,0.2140815683827125,-0.9918431617287504,-0.25–0.99pp,1771.0,"1,000–1,999 PA",9.0,CONFIRMED,78,70–79,5.357568725050056,5.0–5.99 K,5.237612693677365,-0.1199560313726912,0.1199560313726912,0.10–0.24 K,6.0,True,5.357568725050056,0.7623873063226352,0.6424312749499439,-0.7623873063226352,-0.6424312749499439,True,False,False,FORWARD_OOS,True,True,NONE,opponent-matchup-weak-reduce-neutral-shadow-v1
2026-08-22,823743,701656,Logan Henderson,MIL,ATL,0.2181269723623897,-0.5873027637610301,-0.25–0.99pp,2541.0,"2,000–2,999 PA",9.0,CONFIRMED,62,60–69,5.34248571209711,5.0–5.99 K,5.271983542566202,-0.0705021695309078,0.0705021695309078,<0.10 K,4.0,True,5.34248571209711,1.2719835425662023,1.34248571209711,1.2719835425662023,1.34248571209711,False,True,False,FORWARD_OOS,True,True,NONE,opponent-matchup-weak-reduce-neutral-shadow-v1
