game_date,game_pk,pitcher_id,player,team,opponent,Opponent_K_Rate,Opponent_K_Delta_PP,Matchup_PA,Lineup_State,Data_Quality,Quality_Band,Neutral_Opponent_Projection,Applied_Projection,Matchup_Adjustment_K,Actual_Strikeouts,Cap_K,Capped_Adjustment_K,Cap_Was_Binding,Capped_Projection,Applied_Absolute_Error,Capped_Absolute_Error,Neutral_Absolute_Error,Applied_Error,Capped_Error,Neutral_Error,Capped_Win_vs_Applied,Applied_Win_vs_Capped,Capped_Applied_Tie,Capped_Win_vs_Neutral,Neutral_Win_vs_Capped,Capped_Neutral_Tie,Evidence_Lane,Counts_For_Promotion,Report_Only,Production_Authority,Validation_Version
2026-08-12,823672,805673,Zebby Matthews,MIN,BAL,0.2408718085532845,1.6871808553284515,1687.0,CONFIRMED,66,60–69,5.103671903583426,5.292388596361408,0.1887166927779819,4.0,0.1,0.1,True,5.203671903583426,1.2923885963614081,1.2036719035834258,1.1036719035834262,1.2923885963614081,1.2036719035834258,1.1036719035834262,True,False,False,False,True,False,DERIVATION_BACKTEST,False,True,NONE,opponent-matchup-boost-cap-shadow-v1
2026-08-12,823833,669387,Carmen Mlodzinski,PIT,MIA,0.2296676443999393,0.5667644399939359,2073.0,CONFIRMED,77,70–79,3.995692269901818,4.0459259725286,0.0502337026267825,1.0,0.1,0.0502337026267825,False,4.0459259725286,3.0459259725286003,3.0459259725286003,2.995692269901818,3.0459259725286003,3.0459259725286003,2.995692269901818,False,False,True,False,True,False,DERIVATION_BACKTEST,False,True,NONE,opponent-matchup-boost-cap-shadow-v1
2026-08-12,823511,682243,Bryce Miller,SEA,NYY,0.242949088134427,1.8949088134427028,2035.0,CONFIRMED,64,60–69,5.265121560506034,5.483300285566592,0.2181787250605582,5.0,0.1,0.1,True,5.365121560506034,0.48330028556659244,0.36512156050603384,0.2651215605060342,0.48330028556659244,0.36512156050603384,0.2651215605060342,True,False,False,False,True,False,DERIVATION_BACKTEST,False,True,NONE,opponent-matchup-boost-cap-shadow-v1
2026-08-12,824562,695076,Rhett Lowder,CIN,CHW,0.2430011806749064,1.900118067490644,2198.0,CONFIRMED,70,70–79,4.65221648170295,4.845516739681388,0.1933002579784384,4.0,0.1,0.1,True,4.752216481702949,0.8455167396813881,0.7522164817029493,0.6522164817029497,0.8455167396813881,0.7522164817029493,0.6522164817029497,True,False,False,False,True,False,DERIVATION_BACKTEST,False,True,NONE,opponent-matchup-boost-cap-shadow-v1
2026-08-12,824562,622491,Luis Castillo,CHW,CIN,0.2435060277647861,1.950602776478613,1814.0,CONFIRMED,71,70–79,4.869807478115292,5.077414760392842,0.2076072822775501,10.0,0.1,0.1,True,4.969807478115292,4.922585239607158,5.030192521884708,5.130192521884708,-4.922585239607158,-5.030192521884708,-5.130192521884708,False,True,False,True,False,False,DERIVATION_BACKTEST,False,True,NONE,opponent-matchup-boost-cap-shadow-v1
2026-08-12,823994,615698,Cal Quantrill,TEX,LAA,0.2332171163295863,0.92171163295863,2075.0,CONFIRMED,79,70–79,4.055603796471237,4.138202343473262,0.0825985470020249,6.0,0.1,0.0825985470020249,False,4.138202343473262,1.861797656526738,1.861797656526738,1.944396203528763,-1.861797656526738,-1.861797656526738,-1.944396203528763,False,False,True,True,False,False,DERIVATION_BACKTEST,False,True,NONE,opponent-matchup-boost-cap-shadow-v1
2026-08-12,823994,691946,George Klassen,LAA,TEX,0.2332912180234725,0.9291218023472492,2138.0,CONFIRMED,48,<60,3.78064411316174,3.858255496642796,0.0776113834810559,5.0,0.1,0.0776113834810559,False,3.858255496642796,1.141744503357204,1.141744503357204,1.21935588683826,-1.141744503357204,-1.141744503357204,-1.21935588683826,False,False,True,True,False,False,DERIVATION_BACKTEST,False,True,NONE,opponent-matchup-boost-cap-shadow-v1
2026-08-13,824238,800048,Parker Messick,CLE,DET,0.2286229888972531,0.4622988897253099,690.0,CONFIRMED,78,70–79,5.635393813146095,5.693249422713524,0.0578556095674294,6.0,0.1,0.0578556095674294,False,5.693249422713524,0.3067505772864756,0.3067505772864756,0.364606186853905,-0.3067505772864756,-0.3067505772864756,-0.364606186853905,False,False,True,True,False,False,DERIVATION_BACKTEST,False,True,NONE,opponent-matchup-boost-cap-shadow-v1
2026-08-13,823508,669302,Logan Gilbert,SEA,NYY,0.2352373323893833,1.1237332389383292,1870.0,CONFIRMED,78,70–79,5.8542326214396505,5.999279409012194,0.1450467875725438,7.0,0.1,0.1,True,5.95423262143965,1.0007205909878056,1.0457673785603498,1.1457673785603495,-1.0007205909878056,-1.0457673785603498,-1.1457673785603495,False,True,False,True,False,False,DERIVATION_BACKTEST,False,True,NONE,opponent-matchup-boost-cap-shadow-v1
2026-08-13,823508,608331,Max Fried,NYY,SEA,0.2291229904678114,0.5122990467811478,745.0,CONFIRMED,65,60–69,4.787654316855943,4.8420928252218784,0.0544385083659353,4.0,0.1,0.0544385083659353,False,4.8420928252218784,0.8420928252218784,0.8420928252218784,0.7876543168559431,0.8420928252218784,0.8420928252218784,0.7876543168559431,False,False,True,False,True,False,DERIVATION_BACKTEST,False,True,NONE,opponent-matchup-boost-cap-shadow-v1
2026-08-13,824561,663436,Davis Martin,CHW,CIN,0.254054946668788,3.0054946668787967,2058.0,CONFIRMED,78,70–79,4.422142212607431,4.709475301098596,0.2873330884911649,3.0,0.1,0.1,True,4.522142212607431,1.7094753010985961,1.5221422126074309,1.4221422126074312,1.7094753010985961,1.5221422126074309,1.4221422126074312,True,False,False,False,True,False,DERIVATION_BACKTEST,False,True,NONE,opponent-matchup-boost-cap-shadow-v1
2026-08-14,824479,645261,Sandy Alcantara,MIA,CIN,0.2552687178603017,3.1268717860301694,2085.0,CONFIRMED,79,70–79,5.591782062845516,5.969322268750199,0.3775402059046833,2.0,0.1,0.1,True,5.691782062845515,3.969322268750199,3.6917820628455154,3.5917820628455157,3.969322268750199,3.6917820628455154,3.5917820628455157,True,False,False,False,True,False,DERIVATION_BACKTEST,False,True,NONE,opponent-matchup-boost-cap-shadow-v1
2026-08-14,823346,687562,Jake Bennett,BOS,PIT,0.2293411645468545,0.5341164546854515,817.0,CONFIRMED,64,60–69,5.076484838752455,5.136651373886729,0.0601665351342743,6.0,0.1,0.0601665351342743,False,5.136651373886729,0.8633486261132708,0.8633486261132708,0.9235151612475452,-0.8633486261132708,-0.8633486261132708,-0.9235151612475452,False,False,True,True,False,False,DERIVATION_BACKTEST,False,True,NONE,opponent-matchup-boost-cap-shadow-v1
2026-08-14,824237,695549,Jackson Jobe,DET,CHW,0.2316752109781281,0.7675210978128122,2501.0,CONFIRMED,60,60–69,4.433752871917761,4.509072904569642,0.0753200326518808,4.0,0.1,0.0753200326518808,False,4.509072904569642,0.509072904569642,0.509072904569642,0.43375287191776124,0.509072904569642,0.509072904569642,0.43375287191776124,False,False,True,False,True,False,DERIVATION_BACKTEST,False,True,NONE,opponent-matchup-boost-cap-shadow-v1
2026-08-14,822777,669456,Shane Bieber,TOR,NYY,0.2440258906288931,2.0025890628893124,2089.0,CONFIRMED,68,60–69,4.589155161331202,4.789902636901819,0.2007474755706173,5.0,0.1,0.1,True,4.689155161331201,0.21009736309818106,0.31084483866879875,0.4108448386687984,-0.21009736309818106,-0.31084483866879875,-0.4108448386687984,False,True,False,True,False,False,DERIVATION_BACKTEST,False,True,NONE,opponent-matchup-boost-cap-shadow-v1
2026-08-14,823185,607536,Kyle Freeland,COL,SFG,0.2448012631936205,2.0801263193620496,481.0,CONFIRMED,76,70–79,5.457687856723011,5.705471119678161,0.2477832629551501,2.0,0.1,0.1,True,5.55768785672301,3.705471119678161,3.5576878567230104,3.4576878567230107,3.705471119678161,3.5576878567230104,3.4576878567230107,True,False,False,False,True,False,DERIVATION_BACKTEST,False,True,NONE,opponent-matchup-boost-cap-shadow-v1
2026-08-14,822942,571927,Steven Matz,TBR,BAL,0.2611599085278673,3.71599085278673,818.0,CONFIRMED,62,60–69,3.942284333765032,4.256740631891617,0.3144562981265846,1.0,0.1,0.1,True,4.042284333765032,3.256740631891617,3.042284333765032,2.942284333765032,3.256740631891617,3.042284333765032,2.942284333765032,True,False,False,False,True,False,DERIVATION_BACKTEST,False,True,NONE,opponent-matchup-boost-cap-shadow-v1
2026-08-14,824968,695611,Gage Jump,ATH,TEX,0.2451995332115285,2.119953321152848,713.0,CONFIRMED,65,60–69,5.413117925395665,5.663479055047671,0.2503611296520063,1.0,0.1,0.1,True,5.513117925395664,4.663479055047671,4.513117925395664,4.413117925395665,4.663479055047671,4.513117925395664,4.413117925395665,True,False,False,False,True,False,DERIVATION_BACKTEST,False,True,NONE,opponent-matchup-boost-cap-shadow-v1
2026-08-15,824239,641743,Anthony Kay,CHW,DET,0.2298993930276515,0.5899393027651495,706.0,CONFIRMED,77,70–79,4.732247433744136,4.794158051567684,0.061910617823548,4.0,0.1,0.061910617823548,False,4.794158051567684,0.7941580515676838,0.7941580515676838,0.7322474337441358,0.7941580515676838,0.7941580515676838,0.7322474337441358,False,False,True,False,True,False,DERIVATION_BACKTEST,False,True,NONE,opponent-matchup-boost-cap-shadow-v1
2026-08-15,824239,675512,Troy Melton,DET,CHW,0.2317671596370065,0.7767159637006499,2499.0,CONFIRMED,64,60–69,5.26052684032373,5.350953547943936,0.0904267076202058,4.0,0.1,0.0904267076202058,False,5.350953547943936,1.350953547943936,1.350953547943936,1.2605268403237302,1.350953547943936,1.350953547943936,1.2605268403237302,False,False,True,False,True,False,DERIVATION_BACKTEST,False,True,NONE,opponent-matchup-boost-cap-shadow-v1
2026-08-15,824644,700241,Michael McGreevy,STL,CHC,0.2296724049815955,0.5672404981595547,2712.0,CONFIRMED,78,70–79,4.432697493513059,4.488471728532872,0.0557742350198129,6.0,0.1,0.0557742350198129,False,4.488471728532872,1.511528271467128,1.511528271467128,1.567302506486941,-1.511528271467128,-1.511528271467128,-1.567302506486941,False,False,True,True,False,False,DERIVATION_BACKTEST,False,True,NONE,opponent-matchup-boost-cap-shadow-v1
2026-08-15,822775,680755,Braydon Fisher,TOR,NYY,0.2433876440330708,1.9387644033070808,2119.0,CONFIRMED,56,<60,3.0282161532759413,3.1565460243819308,0.1283298711059894,0.0,0.1,0.1,True,3.1282161532759414,3.1565460243819308,3.1282161532759414,3.0282161532759413,3.1565460243819308,3.1282161532759414,3.0282161532759413,True,False,False,False,True,False,DERIVATION_BACKTEST,False,True,NONE,opponent-matchup-boost-cap-shadow-v1
2026-08-15,823184,657277,Logan Webb,SFG,COL,0.2292811687318266,0.528116873182663,2080.0,CONFIRMED,76,70–79,5.454468735505233,5.51839318904492,0.0639244535396867,7.0,0.1,0.0639244535396867,False,5.51839318904492,1.4816068109550802,1.4816068109550802,1.545531264494767,-1.4816068109550802,-1.4816068109550802,-1.545531264494767,False,False,True,True,False,False,DERIVATION_BACKTEST,False,True,NONE,opponent-matchup-boost-cap-shadow-v1
2026-08-15,822941,693855,Ian Seymour,TBR,BAL,0.2531342791309677,2.9134279130967693,791.0,CONFIRMED,65,60–69,5.079703854551221,5.399951571868048,0.3202477173168265,9.0,0.1,0.1,True,5.179703854551221,3.6000484281319522,3.820296145448779,3.920296145448779,-3.6000484281319522,-3.820296145448779,-3.920296145448779,False,True,False,True,False,False,DERIVATION_BACKTEST,False,True,NONE,opponent-matchup-boost-cap-shadow-v1
2026-08-15,824480,687473,Ryan Gusto,MIA,CIN,0.24735702548816,2.335702548815999,2250.0,CONFIRMED,79,70–79,4.312420323839072,4.531679633410276,0.2192593095712043,6.0,0.1,0.1,True,4.412420323839072,1.4683203665897242,1.587579676160928,1.6875796761609276,-1.4683203665897242,-1.587579676160928,-1.6875796761609276,False,True,False,True,False,False,DERIVATION_BACKTEST,False,True,NONE,opponent-matchup-boost-cap-shadow-v1
2026-08-15,824480,663903,Brady Singer,CIN,MIA,0.2356241731301588,1.1624173130158817,2145.0,CONFIRMED,78,70–79,5.09153549737101,5.221973800020474,0.1304383026494644,4.0,0.1,0.1,True,5.191535497371009,1.221973800020474,1.1915354973710093,1.0915354973710096,1.221973800020474,1.1915354973710093,1.0915354973710096,True,False,False,False,True,False,DERIVATION_BACKTEST,False,True,NONE,opponent-matchup-boost-cap-shadow-v1
2026-08-15,823990,677976,Randy Dobnak,KCR,LAA,0.2311314232678908,0.7131423267890818,1956.0,CONFIRMED,52,<60,4.551478674278121,4.623363071899023,0.0718843976209022,6.0,0.1,0.0718843976209022,False,4.623363071899023,1.376636928100977,1.376636928100977,1.4485213257218792,-1.376636928100977,-1.376636928100977,-1.4485213257218792,False,False,True,True,False,False,DERIVATION_BACKTEST,False,True,NONE,opponent-matchup-boost-cap-shadow-v1
2026-08-15,824966,669022,MacKenzie Gore,TEX,ATH,0.2280466045071771,0.4046604507177115,701.0,CONFIRMED,79,70–79,5.677862005836641,5.728918305023873,0.0510562991872323,5.0,0.1,0.0510562991872323,False,5.728918305023873,0.728918305023873,0.728918305023873,0.6778620058366407,0.728918305023873,0.728918305023873,0.6778620058366407,False,False,True,False,True,False,DERIVATION_BACKTEST,False,True,NONE,opponent-matchup-boost-cap-shadow-v1
2026-08-16,822940,642547,Freddy Peralta,TBR,BAL,0.2427081959527378,1.8708195952737816,1916.0,CONFIRMED,79,70–79,4.955167236879134,5.157942880566768,0.2027756436876338,2.0,0.1,0.1,True,5.055167236879134,3.157942880566768,3.055167236879134,2.9551672368791344,3.157942880566768,3.055167236879134,2.9551672368791344,True,False,False,False,True,False,DERIVATION_BACKTEST,False,True,NONE,opponent-matchup-boost-cap-shadow-v1
2026-08-16,823344,663776,Patrick Sandoval,BOS,PIT,0.2437886503734431,1.9788650373443104,757.0,CONFIRMED,53,<60,5.139341991466803,5.361548644646005,0.2222066531792021,6.0,0.1,0.1,True,5.2393419914668025,0.638451355353995,0.7606580085331975,0.8606580085331972,-0.638451355353995,-0.7606580085331975,-0.8606580085331972,False,True,False,True,False,False,DERIVATION_BACKTEST,False,True,NONE,opponent-matchup-boost-cap-shadow-v1
2026-08-16,822774,656302,Dylan Cease,TOR,NYY,0.2351468697157529,1.114686971575296,2066.0,CONFIRMED,77,70–79,6.63486214486003,6.797942636173971,0.1630804913139414,10.0,0.1,0.1,True,6.734862144860029,3.202057363826029,3.2651378551399706,3.36513785513997,-3.202057363826029,-3.2651378551399706,-3.36513785513997,False,True,False,True,False,False,DERIVATION_BACKTEST,False,True,NONE,opponent-matchup-boost-cap-shadow-v1
2026-08-16,824236,623454,Drew Anderson,DET,CHW,0.2302129423398826,0.6212942339882593,2561.0,CONFIRMED,50,<60,3.618714202627201,3.6685559209445335,0.0498417183173325,5.0,0.1,0.0498417183173325,False,3.6685559209445335,1.3314440790554665,1.3314440790554665,1.381285797372799,-1.3314440790554665,-1.3314440790554665,-1.381285797372799,False,False,True,True,False,False,DERIVATION_BACKTEST,False,True,NONE,opponent-matchup-boost-cap-shadow-v1
2026-08-16,824477,691587,Eury Pérez,MIA,CIN,0.2423788731635306,1.83788731635306,2031.0,CONFIRMED,76,70–79,5.487799333704637,5.708494599050562,0.2206952653459248,5.0,0.1,0.1,True,5.587799333704637,0.708494599050562,0.5877993337046368,0.48779933370463713,0.708494599050562,0.5877993337046368,0.48779933370463713,True,False,False,False,True,False,DERIVATION_BACKTEST,False,True,NONE,opponent-matchup-boost-cap-shadow-v1
2026-08-16,824642,690928,Hunter Dobbins,STL,CHC,0.2271734598291316,0.3173459829131586,2680.0,CONFIRMED,70,70–79,4.508155211371206,4.539976940292121,0.0318217289209146,7.0,0.1,0.0318217289209146,False,4.539976940292121,2.460023059707879,2.460023059707879,2.4918447886287938,-2.460023059707879,-2.460023059707879,-2.4918447886287938,False,False,True,True,False,False,DERIVATION_BACKTEST,False,True,NONE,opponent-matchup-boost-cap-shadow-v1
2026-08-16,824965,682052,Jacob Lopez,ATH,TEX,0.2376393557536326,1.3639355753632594,706.0,CONFIRMED,68,60–69,4.578179454953868,4.715502572247446,0.1373231172935778,6.0,0.1,0.1,True,4.6781794549538676,1.2844974277525543,1.3218205450461324,1.421820545046132,-1.2844974277525543,-1.3218205450461324,-1.421820545046132,False,True,False,True,False,False,DERIVATION_BACKTEST,False,True,NONE,opponent-matchup-boost-cap-shadow-v1
2026-08-16,823991,702070,Noah Cameron,KCR,LAA,0.2480854159188163,2.40854159188163,694.0,CONFIRMED,77,70–79,5.416346381202559,5.700107394222463,0.2837610130199035,8.0,0.1,0.1,True,5.516346381202559,2.2998926057775373,2.483653618797441,2.583653618797441,-2.2998926057775373,-2.483653618797441,-2.583653618797441,False,True,False,True,False,False,DERIVATION_BACKTEST,False,True,NONE,opponent-matchup-boost-cap-shadow-v1
2026-08-17,822939,663556,Shane McClanahan,TBR,BAL,0.2491752900254052,2.517529002540528,783.0,CONFIRMED,74,70–79,4.4240954590050405,4.666088442026614,0.2419929830215732,3.0,0.1,0.1,True,4.52409545900504,1.6660884420266138,1.5240954590050402,1.4240954590050405,1.6660884420266138,1.5240954590050402,1.4240954590050405,True,False,False,False,True,False,FORWARD_OOS,True,True,NONE,opponent-matchup-boost-cap-shadow-v1
2026-08-17,823343,664285,Framber Valdez,DET,PIT,0.2323345648273234,0.8334564827323476,914.0,CONFIRMED,79,70–79,5.138495804112034,5.233219003117307,0.0947231990052737,5.0,0.1,0.0947231990052737,False,5.233219003117307,0.23321900311730737,0.23321900311730737,0.13849580411203366,0.23321900311730737,0.23321900311730737,0.13849580411203366,False,False,True,False,True,False,FORWARD_OOS,True,True,NONE,opponent-matchup-boost-cap-shadow-v1
2026-08-17,824641,684007,Shota Imanaga,CHC,CHW,0.2323234418901656,0.832344189016565,889.0,CONFIRMED,79,70–79,5.22210944432129,5.318246670709621,0.0961372263883317,10.0,0.1,0.0961372263883317,False,5.318246670709621,4.681753329290379,4.681753329290379,4.77789055567871,-4.681753329290379,-4.681753329290379,-4.77789055567871,False,False,True,True,False,False,FORWARD_OOS,True,True,NONE,opponent-matchup-boost-cap-shadow-v1
2026-08-17,824320,605483,Blake Snell,LAD,COL,0.2410676307093894,1.706763070938941,865.0,CONFIRMED,64,60–69,5.165468971515177,5.358647602224803,0.1931786307096255,5.0,0.1,0.1,True,5.265468971515177,0.35864760222480285,0.265468971515177,0.16546897151517737,0.35864760222480285,0.265468971515177,0.16546897151517737,True,False,False,False,True,False,FORWARD_OOS,True,True,NONE,opponent-matchup-boost-cap-shadow-v1
2026-08-17,824514,687273,Quinn Mathews,STL,CIN,0.2426701971652553,1.867019716525531,675.0,CONFIRMED,46,<60,5.18583301637125,5.397625398488667,0.2117923821174168,7.0,0.1,0.1,True,5.2858330163712495,1.6023746015113334,1.7141669836287505,1.8141669836287502,-1.6023746015113334,-1.7141669836287505,-1.8141669836287502,False,True,False,True,False,False,FORWARD_OOS,True,True,NONE,opponent-matchup-boost-cap-shadow-v1
2026-08-17,824478,669467,Andre Pallante,STL,CIN,0.2519924098671727,2.799240986717269,2635.0,PROJECTED/ROSTER,70,70–79,4.747618164973832,5.035533662626852,0.28791549765302,5.0,0.1,0.1,True,4.847618164973832,0.03553366262685209,0.1523818350261683,0.25238183502616796,0.03553366262685209,-0.1523818350261683,-0.25238183502616796,False,True,False,True,False,False,FORWARD_OOS,True,True,NONE,opponent-matchup-boost-cap-shadow-v1
2026-08-18,824803,607074,Carlos Rodón,NYY,BAL,0.2532288058184542,2.9228805818454244,846.0,CONFIRMED,79,70–79,5.281365024529709,5.61537454976998,0.3340095252402708,4.0,0.1,0.1,True,5.381365024529709,1.6153745497699799,1.3813650245297087,1.281365024529709,1.6153745497699799,1.3813650245297087,1.281365024529709,True,False,False,False,True,False,FORWARD_OOS,True,True,NONE,opponent-matchup-boost-cap-shadow-v1
2026-08-18,824803,669358,Shane Baz,BAL,NYY,0.2443381865349852,2.0338186534985203,2170.0,CONFIRMED,79,70–79,5.184721428985547,5.414982918719831,0.2302614897342838,10.0,0.1,0.1,True,5.284721428985547,4.585017081280169,4.715278571014453,4.815278571014453,-4.585017081280169,-4.715278571014453,-4.815278571014453,False,True,False,True,False,False,FORWARD_OOS,True,True,NONE,opponent-matchup-boost-cap-shadow-v1
2026-08-18,823341,672456,Keider Montero,DET,PIT,0.2388399289693152,1.4839928969315186,1961.0,CONFIRMED,74,70–79,4.506305639492984,4.653182668769521,0.1468770292765366,3.0,0.1,0.1,True,4.606305639492984,1.6531826687695208,1.6063056394929838,1.5063056394929841,1.6531826687695208,1.6063056394929838,1.5063056394929841,True,False,False,False,True,False,FORWARD_OOS,True,True,NONE,opponent-matchup-boost-cap-shadow-v1
2026-08-18,824398,656492,Foster Griffin,CLE,SFG,0.2484994837249425,2.449948372494257,423.0,CONFIRMED,79,70–79,5.183658202753452,5.459779377135535,0.2761211743820837,6.0,0.1,0.1,True,5.283658202753451,0.5402206228644646,0.7163417972465487,0.8163417972465483,-0.5402206228644646,-0.7163417972465487,-0.8163417972465483,False,True,False,True,False,False,FORWARD_OOS,True,True,NONE,opponent-matchup-boost-cap-shadow-v1
2026-08-18,824475,681517,Kyle Leahy,STL,CIN,0.2514447443843592,2.7444744384359203,2224.0,CONFIRMED,78,70–79,4.663000339515083,4.94040689536778,0.2774065558526972,6.0,0.1,0.1,True,4.763000339515083,1.0595931046322198,1.2369996604849174,1.336999660484917,-1.0595931046322198,-1.2369996604849174,-1.336999660484917,False,True,False,True,False,False,FORWARD_OOS,True,True,NONE,opponent-matchup-boost-cap-shadow-v1
2026-08-18,823586,592662,Robbie Ray,SDP,NYM,0.2316103900666641,0.7610390066664169,785.0,CONFIRMED,78,70–79,4.8514450871538095,4.933170546179699,0.0817254590258897,4.0,0.1,0.0817254590258897,False,4.933170546179699,0.9331705461796993,0.9331705461796993,0.8514450871538095,0.9331705461796993,0.9331705461796993,0.8514450871538095,False,False,True,False,True,False,FORWARD_OOS,True,True,NONE,opponent-matchup-boost-cap-shadow-v1
2026-08-18,823749,682243,Bryce Miller,SEA,MIL,0.2299280301399021,0.5928030139902091,2504.0,CONFIRMED,65,60–69,5.376236749177648,5.4469117040175,0.0706749548398519,3.0,0.1,0.0706749548398519,False,5.4469117040175,2.4469117040175004,2.4469117040175004,2.3762367491776484,2.4469117040175004,2.4469117040175004,2.3762367491776484,False,False,True,False,True,False,FORWARD_OOS,True,True,NONE,opponent-matchup-boost-cap-shadow-v1
2026-08-18,822859,800600,Jackson Kent,WSH,TEX,0.2485143545822505,2.451435458225052,736.0,CONFIRMED,46,<60,4.379704447067351,4.6131389371797855,0.233434490112435,3.0,0.1,0.1,True,4.479704447067351,1.6131389371797855,1.479704447067351,1.3797044470673514,1.6131389371797855,1.479704447067351,1.3797044470673514,True,False,False,False,True,False,FORWARD_OOS,True,True,NONE,opponent-matchup-boost-cap-shadow-v1
2026-08-18,824639,592332,Kevin Gausman,CHC,CHW,0.2301277648672003,0.6127764867200375,2602.0,CONFIRMED,79,70–79,5.42392970943327,5.497617917478005,0.0736882080447349,5.0,0.1,0.0736882080447349,False,5.497617917478005,0.49761791747800466,0.49761791747800466,0.4239297094332697,0.49761791747800466,0.49761791747800466,0.4239297094332697,False,False,True,False,True,False,FORWARD_OOS,True,True,NONE,opponent-matchup-boost-cap-shadow-v1
2026-08-18,824319,641778,Eric Lauer,LAD,COL,0.2482031276164885,2.4203127616488547,851.0,CONFIRMED,68,60–69,4.214312021920208,4.436150818968063,0.2218387970478552,6.0,0.1,0.1,True,4.314312021920208,1.5638491810319373,1.685687978079792,1.7856879780797916,-1.5638491810319373,-1.685687978079792,-1.7856879780797916,False,True,False,True,False,False,FORWARD_OOS,True,True,NONE,opponent-matchup-boost-cap-shadow-v1
2026-08-19,823342,695549,Jackson Jobe,DET,PIT,0.2340887367743372,1.0088736774337277,2207.0,CONFIRMED,62,60–69,4.412179057637437,4.510444868440044,0.0982658108026068,3.0,0.1,0.0982658108026068,False,4.510444868440044,1.510444868440044,1.510444868440044,1.4121790576374371,1.510444868440044,1.510444868440044,1.4121790576374371,False,False,True,False,True,False,FORWARD_OOS,True,True,NONE,opponent-matchup-boost-cap-shadow-v1
2026-08-19,824640,605280,Clay Holmes,CHC,CHW,0.2319221946651646,0.7922194665164611,2597.0,CONFIRMED,79,70–79,4.405919379343309,4.483154365728499,0.0772349863851902,1.0,0.1,0.0772349863851902,False,4.483154365728499,3.483154365728499,3.483154365728499,3.4059193793433087,3.483154365728499,3.483154365728499,3.4059193793433087,False,False,True,False,True,False,FORWARD_OOS,True,True,NONE,opponent-matchup-boost-cap-shadow-v1
2026-08-19,824801,701542,Will Warren,NYY,BAL,0.2548278213025437,3.082782130254372,2300.0,CONFIRMED,78,70–79,5.019997927536065,5.35430306156303,0.3343051340269651,5.0,0.1,0.1,True,5.1199979275360645,0.35430306156303004,0.11999792753606453,0.019997927536064886,0.35430306156303004,0.11999792753606453,0.019997927536064886,True,False,False,False,True,False,FORWARD_OOS,True,True,NONE,opponent-matchup-boost-cap-shadow-v1
2026-08-19,824801,605135,Chris Bassitt,BAL,NYY,0.2457296003453145,2.172960034531452,2199.0,CONFIRMED,79,70–79,4.530814938285171,4.745489881531514,0.2146749432463428,6.0,0.1,0.1,True,4.63081493828517,1.2545101184684864,1.3691850617148296,1.4691850617148292,-1.2545101184684864,-1.3691850617148296,-1.4691850617148292,False,True,False,True,False,False,FORWARD_OOS,True,True,NONE,opponent-matchup-boost-cap-shadow-v1
2026-08-19,824394,800048,Parker Messick,CLE,SFG,0.2418164113785489,1.781641137854889,649.0,CONFIRMED,79,70–79,5.64599248374475,5.8662311594836645,0.2202386757389147,10.0,0.1,0.1,True,5.745992483744749,4.1337688405163355,4.254007516255251,4.35400751625525,-4.1337688405163355,-4.254007516255251,-4.35400751625525,False,True,False,True,False,False,FORWARD_OOS,True,True,NONE,opponent-matchup-boost-cap-shadow-v1
2026-08-19,824476,669461,Matthew Liberatore,STL,CIN,0.2432119218317438,1.9211921831743808,708.0,CONFIRMED,79,70–79,4.8330562743105965,5.0360527737266665,0.20299649941607,9.0,0.1,0.1,True,4.933056274310596,3.9639472262733335,4.066943725689404,4.1669437256894035,-3.9639472262733335,-4.066943725689404,-4.1669437256894035,False,True,False,True,False,False,FORWARD_OOS,True,True,NONE,opponent-matchup-boost-cap-shadow-v1
2026-08-19,822860,676917,Cade Cavalli,WSH,TEX,0.2300949677244176,0.6094967724417616,2086.0,CONFIRMED,79,70–79,5.522361212857882,5.596987811813542,0.0746265989556604,11.0,0.1,0.0746265989556604,False,5.596987811813542,5.403012188186458,5.403012188186458,5.477638787142118,-5.403012188186458,-5.403012188186458,-5.477638787142118,False,False,True,True,False,False,FORWARD_OOS,True,True,NONE,opponent-matchup-boost-cap-shadow-v1
2026-08-20,824474,700241,Michael McGreevy,STL,CIN,0.2462819417637208,2.2281941763720865,1978.0,CONFIRMED,79,70–79,4.606601703534501,4.830287037029995,0.223685333495494,4.0,0.1,0.1,True,4.706601703534501,0.8302870370299953,0.7066017035345009,0.6066017035345013,0.8302870370299953,0.7066017035345009,0.6066017035345013,True,False,False,False,True,False,FORWARD_OOS,True,True,NONE,opponent-matchup-boost-cap-shadow-v1
2026-08-20,824589,656550,Grant Holmes,ATL,CHW,0.2290283045300412,0.5028304530041217,2665.0,CONFIRMED,78,70–79,4.356856399507127,4.405485902472372,0.0486295029652454,3.0,0.1,0.0486295029652454,False,4.405485902472373,1.405485902472372,1.405485902472373,1.3568563995071274,1.405485902472372,1.405485902472373,1.3568563995071274,False,True,True,False,True,False,FORWARD_OOS,True,True,NONE,opponent-matchup-boost-cap-shadow-v1
2026-08-20,823747,669923,George Kirby,SEA,MIL,0.2357644316335506,1.1764431633550592,2319.0,CONFIRMED,78,70–79,5.261747928597218,5.398152790286933,0.1364048616897148,3.0,0.1,0.1,True,5.361747928597218,2.3981527902869333,2.361747928597218,2.2617479285972184,2.3981527902869333,2.361747928597218,2.2617479285972184,True,False,False,False,True,False,FORWARD_OOS,True,True,NONE,opponent-matchup-boost-cap-shadow-v1
2026-08-20,824802,543037,Gerrit Cole,NYY,BAL,0.2434323787005277,1.943237870052772,2171.0,CONFIRMED,66,60–69,5.631133701927339,5.870309529353726,0.2391758274263873,8.0,0.1,0.1,True,5.731133701927338,2.129690470646274,2.2688662980726617,2.3688662980726614,-2.129690470646274,-2.2688662980726617,-2.3688662980726614,False,True,False,True,False,False,FORWARD_OOS,True,True,NONE,opponent-matchup-boost-cap-shadow-v1
2026-08-20,824802,680694,Kyle Bradish,BAL,NYY,0.2379503675061057,1.3950367506105703,2229.0,CONFIRMED,79,70–79,5.054581217575082,5.209599773673959,0.1550185560988772,5.0,0.1,0.1,True,5.154581217575082,0.20959977367395943,0.1545812175750818,0.054581217575082164,0.20959977367395943,0.1545812175750818,0.054581217575082164,True,False,False,False,True,False,FORWARD_OOS,True,True,NONE,opponent-matchup-boost-cap-shadow-v1
2026-08-20,822861,674841,Andrew Alvarez,WSH,TEX,0.2457643853597612,2.176438535976119,760.0,CONFIRMED,66,60–69,4.402544958633888,4.6114686913474525,0.2089237327135649,5.0,0.1,0.1,True,4.502544958633887,0.3885313086525475,0.49745504136611274,0.5974550413661124,-0.3885313086525475,-0.49745504136611274,-0.5974550413661124,False,True,False,True,False,False,FORWARD_OOS,True,True,NONE,opponent-matchup-boost-cap-shadow-v1
2026-08-20,824153,663567,Peter Lambert,HOU,LAA,0.229241862768066,0.5241862768066013,2095.0,CONFIRMED,76,70–79,5.308724040419932,5.370480024115135,0.0617559836952033,3.0,0.1,0.0617559836952033,False,5.370480024115135,2.3704800241151354,2.3704800241151354,2.308724040419932,2.3704800241151354,2.3704800241151354,2.308724040419932,False,False,True,False,True,False,FORWARD_OOS,True,True,NONE,opponent-matchup-boost-cap-shadow-v1
