game_date,game_pk,pitcher_id,player,team,opponent,Opponent_K_Rate,Opponent_K_Delta_PP,Matchup_PA,Lineup_State,Data_Quality,Quality_Band,Neutral_Opponent_Projection,Applied_Projection,Matchup_Adjustment_K,Adjustment_Direction,Actual_Strikeouts,Candidate_Action,Candidate_Adjustment_K,Candidate_Changed,Candidate_Projection,Applied_Absolute_Error,Candidate_Absolute_Error,Neutral_Absolute_Error,Applied_Error,Candidate_Error,Neutral_Error,Candidate_Win_vs_Applied,Applied_Win_vs_Candidate,Candidate_Applied_Tie,Evidence_Lane,Counts_For_Promotion,Frozen_Boost_Cap_K,Weak_Reduce_Delta_Min_PP,Weak_Reduce_Delta_Max_PP,Derivation_Cutoff_Date,Report_Only,Production_Authority,Validation_Version
2026-08-12,823672,669358,Shane Baz,BAL,MIN,0.1991064396674875,-2.4893560332512497,2209.0,CONFIRMED,78,70–79,5.384680172194957,5.076665598251974,-0.3080145739429829,REDUCE,2.0,STRONG_REDUCE_UNCHANGED,-0.3080145739429829,False,5.076665598251974,3.0766655982519744,3.0766655982519744,3.3846801721949573,3.0766655982519744,3.0766655982519744,3.3846801721949573,False,False,True,DERIVATION_BACKTEST,False,0.1,-1.0,-0.25,2026-08-17,True,NONE,opponent-matchup-asymmetric-response-shadow-v1
2026-08-12,823672,805673,Zebby Matthews,MIN,BAL,0.2408718085532845,1.6871808553284515,1687.0,CONFIRMED,66,60–69,5.103671903583426,5.292388596361408,0.1887166927779819,BOOST,4.0,BOOST_CAPPED,0.1,True,5.203671903583426,1.2923885963614081,1.2036719035834258,1.1036719035834262,1.2923885963614081,1.2036719035834258,1.1036719035834262,True,False,False,DERIVATION_BACKTEST,False,0.1,-1.0,-0.25,2026-08-17,True,NONE,opponent-matchup-asymmetric-response-shadow-v1
2026-08-12,823017,554430,Zack Wheeler,PHI,STL,0.2053769145149314,-1.8623085485068525,2276.0,CONFIRMED,72,70–79,5.340527508891616,5.113708402473249,-0.2268191064183664,REDUCE,5.0,STRONG_REDUCE_UNCHANGED,-0.2268191064183664,False,5.113708402473249,0.11370840247324931,0.11370840247324931,0.34052750889161576,0.11370840247324931,0.11370840247324931,0.34052750889161576,False,False,True,DERIVATION_BACKTEST,False,0.1,-1.0,-0.25,2026-08-17,True,NONE,opponent-matchup-asymmetric-response-shadow-v1
2026-08-12,823017,681517,Kyle Leahy,STL,PHI,0.1992902518714002,-2.4709748128599744,2930.0,CONFIRMED,77,70–79,4.701671260776629,4.434771817643135,-0.2668994431334939,REDUCE,6.0,STRONG_REDUCE_UNCHANGED,-0.2668994431334939,False,4.434771817643135,1.565228182356865,1.565228182356865,1.298328739223371,-1.565228182356865,-1.565228182356865,-1.298328739223371,False,False,True,DERIVATION_BACKTEST,False,0.1,-1.0,-0.25,2026-08-17,True,NONE,opponent-matchup-asymmetric-response-shadow-v1
2026-08-12,824967,656876,Drew Rasmussen,TBR,ATH,0.2192034834421512,-0.4796516557848795,1481.0,CONFIRMED,77,70–79,5.437349349706047,5.378819291726495,-0.058530057979552,REDUCE,3.0,WEAK_REDUCE_NEUTRALIZED,0.0,True,5.437349349706047,2.3788192917264954,2.4373493497060474,2.4373493497060474,2.3788192917264954,2.4373493497060474,2.4373493497060474,False,True,False,DERIVATION_BACKTEST,False,0.1,-1.0,-0.25,2026-08-17,True,NONE,opponent-matchup-asymmetric-response-shadow-v1
2026-08-12,825047,663372,Ryan Feltner,COL,ARI,0.2077272576600541,-1.6272742339945827,2275.0,CONFIRMED,70,70–79,4.427187993363331,4.26334716437203,-0.1638408289913009,REDUCE,2.0,STRONG_REDUCE_UNCHANGED,-0.1638408289913009,False,4.26334716437203,2.26334716437203,2.26334716437203,2.427187993363331,2.26334716437203,2.26334716437203,2.427187993363331,False,False,True,DERIVATION_BACKTEST,False,0.1,-1.0,-0.25,2026-08-17,True,NONE,opponent-matchup-asymmetric-response-shadow-v1
2026-08-12,823263,669160,Dustin May,MIL,SDP,0.210865526766236,-1.3134473233763988,2194.0,CONFIRMED,77,70–79,5.008906835976723,4.859837383413874,-0.1490694525628493,REDUCE,6.0,STRONG_REDUCE_UNCHANGED,-0.1490694525628493,False,4.859837383413874,1.1401626165861263,1.1401626165861263,0.991093164023277,-1.1401626165861263,-1.1401626165861263,-0.991093164023277,False,False,True,DERIVATION_BACKTEST,False,0.1,-1.0,-0.25,2026-08-17,True,NONE,opponent-matchup-asymmetric-response-shadow-v1
2026-08-12,823263,592662,Robbie Ray,SDP,MIL,0.2175661857187382,-0.6433814281261774,816.0,CONFIRMED,77,70–79,5.126483664234522,5.052324860965883,-0.0741588032686388,REDUCE,4.0,WEAK_REDUCE_NEUTRALIZED,0.0,True,5.126483664234522,1.052324860965883,1.126483664234522,1.126483664234522,1.052324860965883,1.126483664234522,1.126483664234522,False,True,False,DERIVATION_BACKTEST,False,0.1,-1.0,-0.25,2026-08-17,True,NONE,opponent-matchup-asymmetric-response-shadow-v1
2026-08-12,824241,664285,Framber Valdez,DET,CLE,0.1934307140209807,-3.056928597901931,969.0,CONFIRMED,78,70–79,5.085785990860779,4.726033431720969,-0.3597525591398094,REDUCE,3.0,STRONG_REDUCE_UNCHANGED,-0.3597525591398094,False,4.726033431720969,1.7260334317209693,1.7260334317209693,2.0857859908607788,1.7260334317209693,1.7260334317209693,2.0857859908607788,False,False,True,DERIVATION_BACKTEST,False,0.1,-1.0,-0.25,2026-08-17,True,NONE,opponent-matchup-asymmetric-response-shadow-v1
2026-08-12,823833,669387,Carmen Mlodzinski,PIT,MIA,0.2296676443999393,0.5667644399939359,2073.0,CONFIRMED,77,70–79,3.995692269901818,4.0459259725286,0.0502337026267825,BOOST,1.0,BOOST_UNCHANGED,0.0502337026267825,False,4.0459259725286,3.0459259725286003,3.0459259725286003,2.995692269901818,3.0459259725286003,3.0459259725286003,2.995692269901818,False,False,True,DERIVATION_BACKTEST,False,0.1,-1.0,-0.25,2026-08-17,True,NONE,opponent-matchup-asymmetric-response-shadow-v1
2026-08-12,823833,676083,Janson Junk,MIA,PIT,0.2193068421228486,-0.4693157877151382,2014.0,CONFIRMED,68,60–69,4.225222295652576,4.180725412905703,-0.0444968827468725,REDUCE,2.0,WEAK_REDUCE_NEUTRALIZED,0.0,True,4.225222295652576,2.180725412905703,2.225222295652576,2.225222295652576,2.180725412905703,2.225222295652576,2.225222295652576,False,True,False,DERIVATION_BACKTEST,False,0.1,-1.0,-0.25,2026-08-17,True,NONE,opponent-matchup-asymmetric-response-shadow-v1
2026-08-12,823511,682243,Bryce Miller,SEA,NYY,0.242949088134427,1.8949088134427028,2035.0,CONFIRMED,64,60–69,5.265121560506034,5.483300285566592,0.2181787250605582,BOOST,5.0,BOOST_CAPPED,0.1,True,5.365121560506034,0.48330028556659244,0.36512156050603384,0.2651215605060342,0.48330028556659244,0.36512156050603384,0.2651215605060342,True,False,False,DERIVATION_BACKTEST,False,0.1,-1.0,-0.25,2026-08-17,True,NONE,opponent-matchup-asymmetric-response-shadow-v1
2026-08-12,823511,701542,Will Warren,NYY,SEA,0.2113687840942258,-1.263121590577421,2497.0,CONFIRMED,77,70–79,4.972869309678978,4.830626519208324,-0.1422427904706538,REDUCE,3.0,STRONG_REDUCE_UNCHANGED,-0.1422427904706538,False,4.830626519208324,1.830626519208324,1.830626519208324,1.9728693096789778,1.830626519208324,1.830626519208324,1.9728693096789778,False,False,True,DERIVATION_BACKTEST,False,0.1,-1.0,-0.25,2026-08-17,True,NONE,opponent-matchup-asymmetric-response-shadow-v1
2026-08-12,822779,624133,Ranger Suarez,BOS,TOR,0.2077720985627994,-1.6227901437200545,719.0,CONFIRMED,74,70–79,4.64922890509325,4.477654017973988,-0.1715748871192621,REDUCE,2.0,STRONG_REDUCE_UNCHANGED,-0.1715748871192621,False,4.477654017973988,2.477654017973988,2.477654017973988,2.64922890509325,2.477654017973988,2.477654017973988,2.64922890509325,False,False,True,DERIVATION_BACKTEST,False,0.1,-1.0,-0.25,2026-08-17,True,NONE,opponent-matchup-asymmetric-response-shadow-v1
2026-08-12,822779,667755,José Soriano,TOR,BOS,0.2035276277449431,-2.047237225505688,2354.0,CONFIRMED,78,70–79,5.166943577863003,4.925171926160614,-0.2417716517023889,REDUCE,4.0,STRONG_REDUCE_UNCHANGED,-0.2417716517023889,False,4.925171926160614,0.9251719261606137,0.9251719261606137,1.1669435778630026,0.9251719261606137,0.9251719261606137,1.1669435778630026,False,False,True,DERIVATION_BACKTEST,False,0.1,-1.0,-0.25,2026-08-17,True,NONE,opponent-matchup-asymmetric-response-shadow-v1
2026-08-12,824883,804267,Zac Thornton,NYM,ATL,0.2116104975607014,-1.238950243929854,1324.0,CONFIRMED,54,<60,4.562869059349587,4.434887433347578,-0.1279816260020085,REDUCE,2.0,STRONG_REDUCE_UNCHANGED,-0.1279816260020085,False,4.434887433347578,2.434887433347578,2.434887433347578,2.5628690593495866,2.434887433347578,2.434887433347578,2.5628690593495866,False,False,True,DERIVATION_BACKTEST,False,0.1,-1.0,-0.25,2026-08-17,True,NONE,opponent-matchup-asymmetric-response-shadow-v1
2026-08-12,824562,695076,Rhett Lowder,CIN,CHW,0.2430011806749064,1.900118067490644,2198.0,CONFIRMED,70,70–79,4.65221648170295,4.845516739681388,0.1933002579784384,BOOST,4.0,BOOST_CAPPED,0.1,True,4.752216481702949,0.8455167396813881,0.7522164817029493,0.6522164817029497,0.8455167396813881,0.7522164817029493,0.6522164817029497,True,False,False,DERIVATION_BACKTEST,False,0.1,-1.0,-0.25,2026-08-17,True,NONE,opponent-matchup-asymmetric-response-shadow-v1
2026-08-12,824562,622491,Luis Castillo,CHW,CIN,0.2435060277647861,1.9506027764786131,1814.0,CONFIRMED,71,70–79,4.869807478115292,5.077414760392842,0.2076072822775501,BOOST,10.0,BOOST_CAPPED,0.1,True,4.969807478115292,4.922585239607158,5.030192521884708,5.130192521884708,-4.922585239607158,-5.030192521884708,-5.130192521884708,False,True,False,DERIVATION_BACKTEST,False,0.1,-1.0,-0.25,2026-08-17,True,NONE,opponent-matchup-asymmetric-response-shadow-v1
2026-08-12,823916,663738,Daniel Lynch IV,KCR,LAD,0.197503221301007,-2.649677869899297,1060.0,CONFIRMED,48,<60,3.232696321613808,3.0354843043145308,-0.1972120172992766,REDUCE,3.0,STRONG_REDUCE_UNCHANGED,-0.1972120172992766,False,3.0354843043145308,0.03548430431453076,0.03548430431453076,0.23269632161380782,0.03548430431453076,0.03548430431453076,0.23269632161380782,False,False,True,DERIVATION_BACKTEST,False,0.1,-1.0,-0.25,2026-08-17,True,NONE,opponent-matchup-asymmetric-response-shadow-v1
2026-08-12,823916,641778,Eric Lauer,LAD,KCR,0.2108398025293156,-1.3160197470684394,927.0,CONFIRMED,66,60–69,4.28922295817079,4.161318077633911,-0.1279048805368789,REDUCE,6.0,STRONG_REDUCE_UNCHANGED,-0.1279048805368789,False,4.161318077633911,1.8386819223660886,1.8386819223660886,1.7107770418292096,-1.8386819223660886,-1.8386819223660886,-1.7107770418292096,False,False,True,DERIVATION_BACKTEST,False,0.1,-1.0,-0.25,2026-08-17,True,NONE,opponent-matchup-asymmetric-response-shadow-v1
2026-08-12,823994,615698,Cal Quantrill,TEX,LAA,0.2332171163295863,0.92171163295863,2075.0,CONFIRMED,79,70–79,4.055603796471237,4.138202343473262,0.0825985470020249,BOOST,6.0,BOOST_UNCHANGED,0.0825985470020249,False,4.138202343473262,1.861797656526738,1.861797656526738,1.944396203528763,-1.861797656526738,-1.861797656526738,-1.944396203528763,False,False,True,DERIVATION_BACKTEST,False,0.1,-1.0,-0.25,2026-08-17,True,NONE,opponent-matchup-asymmetric-response-shadow-v1
2026-08-12,823994,691946,George Klassen,LAA,TEX,0.2332912180234725,0.9291218023472492,2138.0,CONFIRMED,48,<60,3.78064411316174,3.858255496642796,0.0776113834810559,BOOST,5.0,BOOST_UNCHANGED,0.0776113834810559,False,3.858255496642796,1.141744503357204,1.141744503357204,1.21935588683826,-1.141744503357204,-1.141744503357204,-1.21935588683826,False,False,True,DERIVATION_BACKTEST,False,0.1,-1.0,-0.25,2026-08-17,True,NONE,opponent-matchup-asymmetric-response-shadow-v1
2026-08-12,824967,678022,Jack Perkins,ATH,TBR,0.2002931325524474,-2.37068674475526,2459.0,CONFIRMED,65,60–69,4.880732583602074,4.615237274528287,-0.2654953090737875,REDUCE,2.0,STRONG_REDUCE_UNCHANGED,-0.2654953090737875,False,4.615237274528287,2.615237274528287,2.615237274528287,2.8807325836020743,2.615237274528287,2.615237274528287,2.8807325836020743,False,False,True,DERIVATION_BACKTEST,False,0.1,-1.0,-0.25,2026-08-17,True,NONE,opponent-matchup-asymmetric-response-shadow-v1
2026-08-12,823187,605288,Adrian Houser,SFG,HOU,0.211536669458216,-1.2463330541783946,2114.0,CONFIRMED,65,60–69,3.935068414021372,3.824028402427333,-0.111040011594039,REDUCE,5.0,STRONG_REDUCE_UNCHANGED,-0.111040011594039,False,3.824028402427333,1.175971597572667,1.175971597572667,1.064931585978628,-1.175971597572667,-1.175971597572667,-1.064931585978628,False,False,True,DERIVATION_BACKTEST,False,0.1,-1.0,-0.25,2026-08-17,True,NONE,opponent-matchup-asymmetric-response-shadow-v1
2026-08-13,824238,800048,Parker Messick,CLE,DET,0.2286229888972531,0.4622988897253099,690.0,CONFIRMED,78,70–79,5.635393813146095,5.693249422713524,0.0578556095674294,BOOST,6.0,BOOST_UNCHANGED,0.0578556095674294,False,5.693249422713524,0.3067505772864756,0.3067505772864756,0.364606186853905,-0.3067505772864756,-0.3067505772864756,-0.364606186853905,False,False,True,DERIVATION_BACKTEST,False,0.1,-1.0,-0.25,2026-08-17,True,NONE,opponent-matchup-asymmetric-response-shadow-v1
2026-08-13,824238,672456,Keider Montero,DET,CLE,0.1866123766259112,-3.73876233740888,2187.0,CONFIRMED,72,70–79,4.617692183163494,4.214743913149588,-0.4029482700139057,REDUCE,0.0,STRONG_REDUCE_UNCHANGED,-0.4029482700139057,False,4.214743913149588,4.214743913149588,4.214743913149588,4.617692183163494,4.214743913149588,4.214743913149588,4.617692183163494,False,False,True,DERIVATION_BACKTEST,False,0.1,-1.0,-0.25,2026-08-17,True,NONE,opponent-matchup-asymmetric-response-shadow-v1
2026-08-13,823829,677952,Braxton Ashcraft,PIT,MIA,0.2078307888875252,-1.6169211112474768,2010.0,CONFIRMED,78,70–79,5.450365636489803,5.249966977526226,-0.2003986589635769,REDUCE,10.0,STRONG_REDUCE_UNCHANGED,-0.2003986589635769,False,5.249966977526226,4.750033022473774,4.750033022473774,4.549634363510197,-4.750033022473774,-4.750033022473774,-4.549634363510197,False,False,True,DERIVATION_BACKTEST,False,0.1,-1.0,-0.25,2026-08-17,True,NONE,opponent-matchup-asymmetric-response-shadow-v1
2026-08-13,823508,669302,Logan Gilbert,SEA,NYY,0.2352373323893833,1.1237332389383292,1870.0,CONFIRMED,78,70–79,5.8542326214396505,5.999279409012194,0.1450467875725438,BOOST,7.0,BOOST_CAPPED,0.1,True,5.95423262143965,1.0007205909878056,1.0457673785603498,1.1457673785603495,-1.0007205909878056,-1.0457673785603498,-1.1457673785603495,False,True,False,DERIVATION_BACKTEST,False,0.1,-1.0,-0.25,2026-08-17,True,NONE,opponent-matchup-asymmetric-response-shadow-v1
2026-08-13,823508,608331,Max Fried,NYY,SEA,0.2291229904678114,0.5122990467811478,745.0,CONFIRMED,65,60–69,4.787654316855943,4.8420928252218784,0.0544385083659353,BOOST,4.0,BOOST_UNCHANGED,0.0544385083659353,False,4.8420928252218784,0.8420928252218784,0.8420928252218784,0.7876543168559431,0.8420928252218784,0.8420928252218784,0.7876543168559431,False,False,True,DERIVATION_BACKTEST,False,0.1,-1.0,-0.25,2026-08-17,True,NONE,opponent-matchup-asymmetric-response-shadow-v1
2026-08-13,824561,671096,Andrew Abbott,CIN,CHW,0.2204903618972196,-0.3509638102780404,935.0,CONFIRMED,79,70–79,4.828854227269734,4.790875567489774,-0.0379786597799602,REDUCE,3.0,WEAK_REDUCE_NEUTRALIZED,0.0,True,4.828854227269734,1.790875567489774,1.8288542272697343,1.8288542272697343,1.790875567489774,1.8288542272697343,1.8288542272697343,False,True,False,DERIVATION_BACKTEST,False,0.1,-1.0,-0.25,2026-08-17,True,NONE,opponent-matchup-asymmetric-response-shadow-v1
2026-08-13,824561,663436,Davis Martin,CHW,CIN,0.254054946668788,3.0054946668787967,2058.0,CONFIRMED,78,70–79,4.422142212607431,4.709475301098596,0.2873330884911649,BOOST,3.0,BOOST_CAPPED,0.1,True,4.522142212607431,1.7094753010985961,1.5221422126074309,1.4221422126074312,1.7094753010985961,1.5221422126074309,1.4221422126074312,True,False,False,DERIVATION_BACKTEST,False,0.1,-1.0,-0.25,2026-08-17,True,NONE,opponent-matchup-asymmetric-response-shadow-v1
2026-08-13,822776,801139,Payton Tolle,BOS,TOR,0.2098029253164083,-1.4197074683591715,870.0,CONFIRMED,72,70–79,5.591768903396565,5.411665879736916,-0.1801030236596483,REDUCE,4.0,STRONG_REDUCE_UNCHANGED,-0.1801030236596483,False,5.411665879736916,1.4116658797369164,1.4116658797369164,1.5917689033965647,1.4116658797369164,1.4116658797369164,1.5917689033965647,False,False,True,DERIVATION_BACKTEST,False,0.1,-1.0,-0.25,2026-08-17,True,NONE,opponent-matchup-asymmetric-response-shadow-v1
2026-08-13,822776,453286,Max Scherzer,TOR,BOS,0.2072404876246767,-1.6759512375323249,2707.0,PROJECTED/ROSTER,70,70–79,4.1614090466907285,4.002706076813793,-0.1587029698769351,REDUCE,4.0,STRONG_REDUCE_UNCHANGED,-0.1587029698769351,False,4.002706076813793,0.0027060768137934232,0.0027060768137934232,0.16140904669072853,0.0027060768137934232,0.0027060768137934232,0.16140904669072853,False,False,True,DERIVATION_BACKTEST,False,0.1,-1.0,-0.25,2026-08-17,True,NONE,opponent-matchup-asymmetric-response-shadow-v1
2026-08-13,822696,592332,Kevin Gausman,CHC,WSH,0.2010723860589812,-2.292761394101878,2238.0,PROJECTED/ROSTER,70,70–79,5.467952262828869,5.1805625411540674,-0.2873897216748018,REDUCE,7.0,STRONG_REDUCE_UNCHANGED,-0.2873897216748018,False,5.1805625411540674,1.8194374588459326,1.8194374588459326,1.5320477371711307,-1.8194374588459326,-1.8194374588459326,-1.5320477371711307,False,False,True,DERIVATION_BACKTEST,False,0.1,-1.0,-0.25,2026-08-17,True,NONE,opponent-matchup-asymmetric-response-shadow-v1
2026-08-13,822696,676917,Cade Cavalli,WSH,CHC,0.2161016949152542,-0.789830508474576,3304.0,PROJECTED/ROSTER,70,70–79,5.379962558931762,5.284261858257167,-0.0957007006745946,REDUCE,10.0,WEAK_REDUCE_NEUTRALIZED,0.0,True,5.379962558931762,4.715738141742833,4.620037441068238,4.620037441068238,-4.715738141742833,-4.620037441068238,-4.620037441068238,True,False,False,DERIVATION_BACKTEST,False,0.1,-1.0,-0.25,2026-08-17,True,NONE,opponent-matchup-asymmetric-response-shadow-v1
2026-08-13,823669,605400,Aaron Nola,PHI,MIN,0.2052142986500132,-1.878570134998672,2266.0,CONFIRMED,79,70–79,5.285425259365067,5.058942410672682,-0.2264828486923855,REDUCE,9.0,STRONG_REDUCE_UNCHANGED,-0.2264828486923855,False,5.058942410672682,3.9410575893273183,3.9410575893273183,3.7145747406349328,-3.9410575893273183,-3.9410575893273183,-3.7145747406349328,False,False,True,DERIVATION_BACKTEST,False,0.1,-1.0,-0.25,2026-08-17,True,NONE,opponent-matchup-asymmetric-response-shadow-v1
2026-08-13,823669,671737,Taj Bradley,MIN,PHI,0.1997362411884104,-2.42637588115896,2958.0,CONFIRMED,78,70–79,5.847551188088904,5.521771862741471,-0.3257793253474323,REDUCE,3.0,STRONG_REDUCE_UNCHANGED,-0.3257793253474323,False,5.521771862741471,2.5217718627414714,2.5217718627414714,2.8475511880889037,2.5217718627414714,2.5217718627414714,2.8475511880889037,False,False,True,DERIVATION_BACKTEST,False,0.1,-1.0,-0.25,2026-08-17,True,NONE,opponent-matchup-asymmetric-response-shadow-v1
2026-08-13,823915,675660,Shane Drohan,MIL,LAD,0.2067927960976489,-1.7207203902351114,901.0,CONFIRMED,64,60–69,5.30273293995156,5.09499132605994,-0.2077416138916197,REDUCE,5.0,STRONG_REDUCE_UNCHANGED,-0.2077416138916197,False,5.09499132605994,0.0949913260599402,0.0949913260599402,0.3027329399515599,0.0949913260599402,0.0949913260599402,0.3027329399515599,False,False,True,DERIVATION_BACKTEST,False,0.1,-1.0,-0.25,2026-08-17,True,NONE,opponent-matchup-asymmetric-response-shadow-v1
2026-08-14,824643,605280,Clay Holmes,CHC,STL,0.1997288901159887,-2.4271109884011293,2290.0,CONFIRMED,79,70–79,4.499661912756523,4.24889813214706,-0.2507637806094633,REDUCE,3.0,STRONG_REDUCE_UNCHANGED,-0.2507637806094633,False,4.24889813214706,1.24889813214706,1.24889813214706,1.4996619127565234,1.24889813214706,1.24889813214706,1.4996619127565234,False,False,True,DERIVATION_BACKTEST,False,0.1,-1.0,-0.25,2026-08-17,True,NONE,opponent-matchup-asymmetric-response-shadow-v1
2026-08-14,824479,645261,Sandy Alcantara,MIA,CIN,0.2552687178603017,3.1268717860301694,2085.0,CONFIRMED,79,70–79,5.591782062845516,5.969322268750199,0.3775402059046833,BOOST,2.0,BOOST_CAPPED,0.1,True,5.691782062845515,3.969322268750199,3.6917820628455154,3.5917820628455157,3.969322268750199,3.6917820628455154,3.5917820628455157,True,False,False,DERIVATION_BACKTEST,False,0.1,-1.0,-0.25,2026-08-17,True,NONE,opponent-matchup-asymmetric-response-shadow-v1
2026-08-14,824479,695505,Chase Burns,CIN,MIA,0.2179597160509253,-0.6040283949074715,2261.0,CONFIRMED,77,70–79,5.634943042080677,5.558449164509395,-0.0764938775712824,REDUCE,8.0,WEAK_REDUCE_NEUTRALIZED,0.0,True,5.634943042080677,2.441550835490605,2.3650569579193226,2.3650569579193226,-2.441550835490605,-2.3650569579193226,-2.3650569579193226,True,False,False,DERIVATION_BACKTEST,False,0.1,-1.0,-0.25,2026-08-17,True,NONE,opponent-matchup-asymmetric-response-shadow-v1
2026-08-14,823346,687562,Jake Bennett,BOS,PIT,0.2293411645468545,0.5341164546854515,817.0,CONFIRMED,64,60–69,5.076484838752455,5.136651373886729,0.0601665351342743,BOOST,6.0,BOOST_UNCHANGED,0.0601665351342743,False,5.136651373886729,0.8633486261132708,0.8633486261132708,0.9235151612475452,-0.8633486261132708,-0.8633486261132708,-0.9235151612475452,False,False,True,DERIVATION_BACKTEST,False,0.1,-1.0,-0.25,2026-08-17,True,NONE,opponent-matchup-asymmetric-response-shadow-v1
2026-08-14,823346,696149,Bubba Chandler,PIT,BOS,0.2020791912143869,-2.1920808785613035,2126.0,CONFIRMED,77,70–79,4.772721784377381,4.53317940662322,-0.2395423777541605,REDUCE,5.0,STRONG_REDUCE_UNCHANGED,-0.2395423777541605,False,4.53317940662322,0.46682059337677995,0.46682059337677995,0.2272782156226194,-0.46682059337677995,-0.46682059337677995,-0.2272782156226194,False,False,True,DERIVATION_BACKTEST,False,0.1,-1.0,-0.25,2026-08-17,True,NONE,opponent-matchup-asymmetric-response-shadow-v1
2026-08-14,824237,695549,Jackson Jobe,DET,CHW,0.2316752109781281,0.7675210978128122,2501.0,CONFIRMED,60,60–69,4.433752871917761,4.509072904569642,0.0753200326518808,BOOST,4.0,BOOST_UNCHANGED,0.0753200326518808,False,4.509072904569642,0.509072904569642,0.509072904569642,0.43375287191776124,0.509072904569642,0.509072904569642,0.43375287191776124,False,False,True,DERIVATION_BACKTEST,False,0.1,-1.0,-0.25,2026-08-17,True,NONE,opponent-matchup-asymmetric-response-shadow-v1
2026-08-14,823591,476594,Robert Stock,NYM,WSH,0.204674105282857,-1.9325894717142968,2034.0,CONFIRMED,47,<60,4.551462856276256,4.350693049617538,-0.2007698066587178,REDUCE,5.0,STRONG_REDUCE_UNCHANGED,-0.2007698066587178,False,4.350693049617538,0.6493069503824618,0.6493069503824618,0.448537143723744,-0.6493069503824618,-0.6493069503824618,-0.448537143723744,False,False,True,DERIVATION_BACKTEST,False,0.1,-1.0,-0.25,2026-08-17,True,NONE,opponent-matchup-asymmetric-response-shadow-v1
2026-08-14,824399,650633,Michael King,SDP,CLE,0.1915560361205985,-3.244396387940149,1992.0,CONFIRMED,79,70–79,5.143627133720286,4.756564500312371,-0.3870626334079148,REDUCE,4.0,STRONG_REDUCE_UNCHANGED,-0.3870626334079148,False,4.756564500312371,0.7565645003123711,0.7565645003123711,1.143627133720286,0.7565645003123711,0.7565645003123711,1.143627133720286,False,False,True,DERIVATION_BACKTEST,False,0.1,-1.0,-0.25,2026-08-17,True,NONE,opponent-matchup-asymmetric-response-shadow-v1
2026-08-14,824399,668909,Gavin Williams,CLE,SDP,0.2033023277838466,-2.0697672216153347,2567.0,CONFIRMED,79,70–79,6.065921184774569,5.778883370854544,-0.2870378139200253,REDUCE,5.0,STRONG_REDUCE_UNCHANGED,-0.2870378139200253,False,5.778883370854544,0.778883370854544,0.778883370854544,1.0659211847745693,0.778883370854544,0.778883370854544,1.0659211847745693,False,False,True,DERIVATION_BACKTEST,False,0.1,-1.0,-0.25,2026-08-17,True,NONE,opponent-matchup-asymmetric-response-shadow-v1
2026-08-14,824882,694297,Brandon Pfaadt,ARI,ATL,0.2161275537442103,-0.7872446255789672,2357.0,CONFIRMED,79,70–79,4.78068299269797,4.695923424536369,-0.0847595681616004,REDUCE,7.0,WEAK_REDUCE_NEUTRALIZED,0.0,True,4.78068299269797,2.3040765754636308,2.2193170073020303,2.2193170073020303,-2.3040765754636308,-2.2193170073020303,-2.2193170073020303,True,False,False,DERIVATION_BACKTEST,False,0.1,-1.0,-0.25,2026-08-17,True,NONE,opponent-matchup-asymmetric-response-shadow-v1
2026-08-14,822777,543037,Gerrit Cole,NYY,TOR,0.1869173244256435,-3.708267557435649,2234.0,CONFIRMED,65,60–69,5.674663842615219,5.1837125225898735,-0.4909513200253457,REDUCE,5.0,STRONG_REDUCE_UNCHANGED,-0.4909513200253457,False,5.1837125225898735,0.18371252258987347,0.18371252258987347,0.6746638426152192,0.18371252258987347,0.18371252258987347,0.6746638426152192,False,False,True,DERIVATION_BACKTEST,False,0.1,-1.0,-0.25,2026-08-17,True,NONE,opponent-matchup-asymmetric-response-shadow-v1
2026-08-14,822777,669456,Shane Bieber,TOR,NYY,0.2440258906288931,2.0025890628893124,2089.0,CONFIRMED,68,60–69,4.589155161331202,4.789902636901819,0.2007474755706173,BOOST,5.0,BOOST_CAPPED,0.1,True,4.689155161331201,0.21009736309818106,0.31084483866879875,0.4108448386687984,-0.21009736309818106,-0.31084483866879875,-0.4108448386687984,False,True,False,DERIVATION_BACKTEST,False,0.1,-1.0,-0.25,2026-08-17,True,NONE,opponent-matchup-asymmetric-response-shadow-v1
2026-08-14,824159,669923,George Kirby,SEA,HOU,0.2133899480736955,-1.061005192630449,2648.0,CONFIRMED,77,70–79,5.179385474519775,5.055233311872689,-0.1241521626470865,REDUCE,2.0,STRONG_REDUCE_UNCHANGED,-0.1241521626470865,False,5.055233311872689,3.055233311872689,3.055233311872689,3.1793854745197754,3.055233311872689,3.055233311872689,3.1793854745197754,False,False,True,DERIVATION_BACKTEST,False,0.1,-1.0,-0.25,2026-08-17,True,NONE,opponent-matchup-asymmetric-response-shadow-v1
2026-08-14,824159,663567,Peter Lambert,HOU,SEA,0.1969009292973188,-2.7099070702681165,2076.0,CONFIRMED,74,70–79,5.295514736292738,4.964871980644212,-0.3306427556485261,REDUCE,6.0,STRONG_REDUCE_UNCHANGED,-0.3306427556485261,False,4.964871980644212,1.0351280193557884,1.0351280193557884,0.7044852637072623,-1.0351280193557884,-1.0351280193557884,-0.7044852637072623,False,False,True,DERIVATION_BACKTEST,False,0.1,-1.0,-0.25,2026-08-17,True,NONE,opponent-matchup-asymmetric-response-shadow-v1
2026-08-14,823993,680570,Grayson Rodriguez,LAA,KCR,0.2124778909785245,-1.152210902147549,1930.0,CONFIRMED,62,60–69,4.618046613962233,4.497707170109626,-0.1203394438526066,REDUCE,5.0,STRONG_REDUCE_UNCHANGED,-0.1203394438526066,False,4.497707170109626,0.5022928298903739,0.5022928298903739,0.3819533860377673,-0.5022928298903739,-0.5022928298903739,-0.3819533860377673,False,False,True,DERIVATION_BACKTEST,False,0.1,-1.0,-0.25,2026-08-17,True,NONE,opponent-matchup-asymmetric-response-shadow-v1
2026-08-14,824968,677958,Kumar Rocker,TEX,ATH,0.1944436252649416,-2.955637473505837,1987.0,CONFIRMED,74,70–79,4.7180580184366425,4.395781761680474,-0.3222762567561688,REDUCE,3.0,STRONG_REDUCE_UNCHANGED,-0.3222762567561688,False,4.395781761680474,1.3957817616804737,1.3957817616804737,1.7180580184366425,1.3957817616804737,1.3957817616804737,1.7180580184366425,False,False,True,DERIVATION_BACKTEST,False,0.1,-1.0,-0.25,2026-08-17,True,NONE,opponent-matchup-asymmetric-response-shadow-v1
2026-08-14,823913,688107,Robert Gasser,MIL,LAD,0.2141393421271099,-0.9860657872890088,877.0,CONFIRMED,64,60–69,4.854672986677297,4.7466171474424845,-0.1080558392348125,REDUCE,7.0,WEAK_REDUCE_NEUTRALIZED,0.0,True,4.854672986677297,2.2533828525575155,2.145327013322703,2.145327013322703,-2.2533828525575155,-2.145327013322703,-2.145327013322703,True,False,False,DERIVATION_BACKTEST,False,0.1,-1.0,-0.25,2026-08-17,True,NONE,opponent-matchup-asymmetric-response-shadow-v1
2026-08-14,823185,607536,Kyle Freeland,COL,SFG,0.2448012631936205,2.0801263193620496,481.0,CONFIRMED,76,70–79,5.457687856723011,5.705471119678161,0.2477832629551501,BOOST,2.0,BOOST_CAPPED,0.1,True,5.55768785672301,3.705471119678161,3.5576878567230104,3.4576878567230107,3.705471119678161,3.5576878567230104,3.4576878567230107,True,False,False,DERIVATION_BACKTEST,False,0.1,-1.0,-0.25,2026-08-17,True,NONE,opponent-matchup-asymmetric-response-shadow-v1
2026-08-14,823185,694738,Landen Roupp,SFG,COL,0.2180213737473146,-0.597862625268536,2019.0,CONFIRMED,78,70–79,5.260194254340972,5.18952142514298,-0.0706728291979912,REDUCE,5.0,WEAK_REDUCE_NEUTRALIZED,0.0,True,5.260194254340972,0.18952142514298043,0.26019425434097165,0.26019425434097165,0.18952142514298043,0.26019425434097165,0.26019425434097165,False,True,False,DERIVATION_BACKTEST,False,0.1,-1.0,-0.25,2026-08-17,True,NONE,opponent-matchup-asymmetric-response-shadow-v1
2026-08-14,824882,519242,Chris Sale,ATL,ARI,0.1885692427237921,-3.543075727620784,870.0,CONFIRMED,76,70–79,5.9786288485884524,5.485459497169694,-0.493169351418758,REDUCE,9.0,STRONG_REDUCE_UNCHANGED,-0.493169351418758,False,5.485459497169694,3.5145405028303056,3.5145405028303056,3.0213711514115476,-3.5145405028303056,-3.5145405028303056,-3.0213711514115476,False,False,True,DERIVATION_BACKTEST,False,0.1,-1.0,-0.25,2026-08-17,True,NONE,opponent-matchup-asymmetric-response-shadow-v1
2026-08-14,822942,605135,Chris Bassitt,BAL,TBR,0.1855550483960643,-3.844495160393571,2666.0,CONFIRMED,79,70–79,4.505624379489583,4.100788408450873,-0.4048359710387101,REDUCE,3.0,STRONG_REDUCE_UNCHANGED,-0.4048359710387101,False,4.100788408450873,1.1007884084508728,1.1007884084508728,1.505624379489583,1.1007884084508728,1.1007884084508728,1.505624379489583,False,False,True,DERIVATION_BACKTEST,False,0.1,-1.0,-0.25,2026-08-17,True,NONE,opponent-matchup-asymmetric-response-shadow-v1
2026-08-14,822942,571927,Steven Matz,TBR,BAL,0.2611599085278673,3.71599085278673,818.0,CONFIRMED,62,60–69,3.942284333765032,4.256740631891617,0.3144562981265846,BOOST,1.0,BOOST_CAPPED,0.1,True,4.042284333765032,3.256740631891617,3.042284333765032,2.942284333765032,3.256740631891617,3.042284333765032,2.942284333765032,True,False,False,DERIVATION_BACKTEST,False,0.1,-1.0,-0.25,2026-08-17,True,NONE,opponent-matchup-asymmetric-response-shadow-v1
2026-08-14,824968,695611,Gage Jump,ATH,TEX,0.2451995332115285,2.119953321152848,713.0,CONFIRMED,65,60–69,5.413117925395665,5.663479055047671,0.2503611296520063,BOOST,1.0,BOOST_CAPPED,0.1,True,5.513117925395664,4.663479055047671,4.513117925395664,4.413117925395665,4.663479055047671,4.513117925395664,4.413117925395665,True,False,False,DERIVATION_BACKTEST,False,0.1,-1.0,-0.25,2026-08-17,True,NONE,opponent-matchup-asymmetric-response-shadow-v1
2026-08-15,824239,641743,Anthony Kay,CHW,DET,0.2298993930276515,0.5899393027651495,706.0,CONFIRMED,77,70–79,4.732247433744136,4.794158051567684,0.061910617823548,BOOST,4.0,BOOST_UNCHANGED,0.061910617823548,False,4.794158051567684,0.7941580515676838,0.7941580515676838,0.7322474337441358,0.7941580515676838,0.7941580515676838,0.7322474337441358,False,False,True,DERIVATION_BACKTEST,False,0.1,-1.0,-0.25,2026-08-17,True,NONE,opponent-matchup-asymmetric-response-shadow-v1
2026-08-15,824239,675512,Troy Melton,DET,CHW,0.2317671596370065,0.7767159637006499,2499.0,CONFIRMED,64,60–69,5.26052684032373,5.350953547943936,0.0904267076202058,BOOST,4.0,BOOST_UNCHANGED,0.0904267076202058,False,5.350953547943936,1.350953547943936,1.350953547943936,1.2605268403237302,1.350953547943936,1.350953547943936,1.2605268403237302,False,False,True,DERIVATION_BACKTEST,False,0.1,-1.0,-0.25,2026-08-17,True,NONE,opponent-matchup-asymmetric-response-shadow-v1
2026-08-15,824644,700241,Michael McGreevy,STL,CHC,0.2296724049815955,0.5672404981595547,2712.0,CONFIRMED,78,70–79,4.432697493513059,4.488471728532872,0.0557742350198129,BOOST,6.0,BOOST_UNCHANGED,0.0557742350198129,False,4.488471728532872,1.511528271467128,1.511528271467128,1.567302506486941,-1.511528271467128,-1.511528271467128,-1.567302506486941,False,False,True,DERIVATION_BACKTEST,False,0.1,-1.0,-0.25,2026-08-17,True,NONE,opponent-matchup-asymmetric-response-shadow-v1
2026-08-15,824644,571510,Matthew Boyd,CHC,STL,0.2090410166478036,-1.4958983352196364,913.0,CONFIRMED,65,60–69,5.3503580696658535,5.168619874051423,-0.1817381956144306,REDUCE,2.0,STRONG_REDUCE_UNCHANGED,-0.1817381956144306,False,5.168619874051423,3.168619874051423,3.168619874051423,3.3503580696658535,3.168619874051423,3.168619874051423,3.3503580696658535,False,False,True,DERIVATION_BACKTEST,False,0.1,-1.0,-0.25,2026-08-17,True,NONE,opponent-matchup-asymmetric-response-shadow-v1
2026-08-15,822775,693645,Cam Schlittler,NYY,TOR,0.2108347091533088,-1.3165290846691131,1613.0,CONFIRMED,79,70–79,5.942591638966059,5.76531356803126,-0.1772780709347987,REDUCE,7.0,STRONG_REDUCE_UNCHANGED,-0.1772780709347987,False,5.76531356803126,1.2346864319687398,1.2346864319687398,1.057408361033941,-1.2346864319687398,-1.2346864319687398,-1.057408361033941,False,False,True,DERIVATION_BACKTEST,False,0.1,-1.0,-0.25,2026-08-17,True,NONE,opponent-matchup-asymmetric-response-shadow-v1
2026-08-15,822775,680755,Braydon Fisher,TOR,NYY,0.2433876440330708,1.9387644033070808,2119.0,CONFIRMED,56,<60,3.0282161532759413,3.1565460243819308,0.1283298711059894,BOOST,0.0,BOOST_CAPPED,0.1,True,3.1282161532759414,3.1565460243819308,3.1282161532759414,3.0282161532759413,3.1565460243819308,3.1282161532759414,3.0282161532759413,True,False,False,DERIVATION_BACKTEST,False,0.1,-1.0,-0.25,2026-08-17,True,NONE,opponent-matchup-asymmetric-response-shadow-v1
2026-08-15,823184,547179,Michael Lorenzen,COL,SFG,0.2098914732777949,-1.410852672220511,1316.0,CONFIRMED,79,70–79,4.311234429448462,4.173256011909386,-0.1379784175390765,REDUCE,1.0,STRONG_REDUCE_UNCHANGED,-0.1379784175390765,False,4.173256011909386,3.1732560119093858,3.1732560119093858,3.3112344294484624,3.1732560119093858,3.1732560119093858,3.3112344294484624,False,False,True,DERIVATION_BACKTEST,False,0.1,-1.0,-0.25,2026-08-17,True,NONE,opponent-matchup-asymmetric-response-shadow-v1
2026-08-15,823184,657277,Logan Webb,SFG,COL,0.2292811687318266,0.528116873182663,2080.0,CONFIRMED,76,70–79,5.454468735505233,5.51839318904492,0.0639244535396867,BOOST,7.0,BOOST_UNCHANGED,0.0639244535396867,False,5.51839318904492,1.4816068109550802,1.4816068109550802,1.545531264494767,-1.4816068109550802,-1.4816068109550802,-1.545531264494767,False,False,True,DERIVATION_BACKTEST,False,0.1,-1.0,-0.25,2026-08-17,True,NONE,opponent-matchup-asymmetric-response-shadow-v1
2026-08-15,822941,680694,Kyle Bradish,BAL,TBR,0.1827332505756878,-4.1266749424312135,2697.0,CONFIRMED,78,70–79,5.015298534137301,4.529826520715504,-0.4854720134217967,REDUCE,3.0,STRONG_REDUCE_UNCHANGED,-0.4854720134217967,False,4.529826520715504,1.5298265207155044,1.5298265207155044,2.015298534137301,1.5298265207155044,1.5298265207155044,2.015298534137301,False,False,True,DERIVATION_BACKTEST,False,0.1,-1.0,-0.25,2026-08-17,True,NONE,opponent-matchup-asymmetric-response-shadow-v1
2026-08-15,822941,693855,Ian Seymour,TBR,BAL,0.2531342791309677,2.9134279130967693,791.0,CONFIRMED,65,60–69,5.079703854551221,5.399951571868048,0.3202477173168265,BOOST,9.0,BOOST_CAPPED,0.1,True,5.179703854551221,3.6000484281319522,3.820296145448779,3.920296145448779,-3.6000484281319522,-3.820296145448779,-3.920296145448779,False,True,False,DERIVATION_BACKTEST,False,0.1,-1.0,-0.25,2026-08-17,True,NONE,opponent-matchup-asymmetric-response-shadow-v1
2026-08-15,824480,687473,Ryan Gusto,MIA,CIN,0.24735702548816,2.335702548815999,2250.0,CONFIRMED,79,70–79,4.312420323839072,4.531679633410276,0.2192593095712043,BOOST,6.0,BOOST_CAPPED,0.1,True,4.412420323839072,1.4683203665897242,1.587579676160928,1.6875796761609276,-1.4683203665897242,-1.587579676160928,-1.6875796761609276,False,True,False,DERIVATION_BACKTEST,False,0.1,-1.0,-0.25,2026-08-17,True,NONE,opponent-matchup-asymmetric-response-shadow-v1
2026-08-15,824480,663903,Brady Singer,CIN,MIA,0.2356241731301588,1.1624173130158817,2145.0,CONFIRMED,78,70–79,5.09153549737101,5.221973800020474,0.1304383026494644,BOOST,4.0,BOOST_CAPPED,0.1,True,5.191535497371009,1.221973800020474,1.1915354973710093,1.0915354973710096,1.221973800020474,1.1915354973710093,1.0915354973710096,True,False,False,DERIVATION_BACKTEST,False,0.1,-1.0,-0.25,2026-08-17,True,NONE,opponent-matchup-asymmetric-response-shadow-v1
2026-08-15,824400,676282,Joey Cantillo,CLE,SDP,0.2098756017429482,-1.4124398257051722,748.0,CONFIRMED,79,70–79,4.544945009625689,4.399320485164076,-0.1456245244616125,REDUCE,7.0,STRONG_REDUCE_UNCHANGED,-0.1456245244616125,False,4.399320485164076,2.6006795148359236,2.6006795148359236,2.455054990374311,-2.6006795148359236,-2.6006795148359236,-2.455054990374311,False,False,True,DERIVATION_BACKTEST,False,0.1,-1.0,-0.25,2026-08-17,True,NONE,opponent-matchup-asymmetric-response-shadow-v1
2026-08-15,824157,676106,Emerson Hancock,SEA,HOU,0.212877798887287,-1.112220111271292,2687.0,CONFIRMED,77,70–79,5.198521319026553,5.06781795311276,-0.130703365913793,REDUCE,8.0,STRONG_REDUCE_UNCHANGED,-0.130703365913793,False,5.06781795311276,2.93218204688724,2.93218204688724,2.801478680973447,-2.93218204688724,-2.93218204688724,-2.801478680973447,False,False,True,DERIVATION_BACKTEST,False,0.1,-1.0,-0.25,2026-08-17,True,NONE,opponent-matchup-asymmetric-response-shadow-v1
2026-08-15,824157,669713,Hayden Wesneski,HOU,SEA,0.1968465309634882,-2.7153469036511724,2108.0,CONFIRMED,58,<60,4.9492907663211,4.639624601441137,-0.309666164879963,REDUCE,6.0,STRONG_REDUCE_UNCHANGED,-0.309666164879963,False,4.639624601441137,1.3603753985588627,1.3603753985588627,1.0507092336788997,-1.3603753985588627,-1.3603753985588627,-1.0507092336788997,False,False,True,DERIVATION_BACKTEST,False,0.1,-1.0,-0.25,2026-08-17,True,NONE,opponent-matchup-asymmetric-response-shadow-v1
2026-08-15,823671,666200,Jesús Luzardo,PHI,MIN,0.2040438615745381,-1.99561384254619,983.0,CONFIRMED,79,70–79,6.440266277479743,6.146693838277013,-0.2935724392027294,REDUCE,9.0,STRONG_REDUCE_UNCHANGED,-0.2935724392027294,False,6.146693838277013,2.853306161722987,2.853306161722987,2.5597337225202574,-2.853306161722987,-2.853306161722987,-2.5597337225202574,False,False,True,DERIVATION_BACKTEST,False,0.1,-1.0,-0.25,2026-08-17,True,NONE,opponent-matchup-asymmetric-response-shadow-v1
2026-08-15,823671,687570,Connor Prielipp,MIN,PHI,0.2104380582861554,-1.3561941713844532,1229.0,CONFIRMED,68,60–69,5.173553573471418,5.01449363583585,-0.1590599376355683,REDUCE,6.0,STRONG_REDUCE_UNCHANGED,-0.1590599376355683,False,5.01449363583585,0.9855063641641504,0.9855063641641504,0.826446426528582,-0.9855063641641504,-0.9855063641641504,-0.826446426528582,False,False,True,DERIVATION_BACKTEST,False,0.1,-1.0,-0.25,2026-08-17,True,NONE,opponent-matchup-asymmetric-response-shadow-v1
2026-08-15,823347,683003,Jared Jones,PIT,BOS,0.2005680070777108,-2.343199292228912,2456.0,CONFIRMED,64,60–69,4.617715636224875,4.369522756824493,-0.2481928794003822,REDUCE,7.0,STRONG_REDUCE_UNCHANGED,-0.2481928794003822,False,4.369522756824493,2.6304772431755072,2.6304772431755072,2.382284363775125,-2.6304772431755072,-2.6304772431755072,-2.382284363775125,False,False,True,DERIVATION_BACKTEST,False,0.1,-1.0,-0.25,2026-08-17,True,NONE,opponent-matchup-asymmetric-response-shadow-v1
2026-08-15,824884,593958,Eduardo Rodriguez,ARI,ATL,0.21033908937078,-1.366091062921998,1354.0,CONFIRMED,79,70–79,5.163503155241406,5.003575211179797,-0.159927944061609,REDUCE,5.0,STRONG_REDUCE_UNCHANGED,-0.159927944061609,False,5.003575211179797,0.0035752111797968666,0.0035752111797968666,0.1635031552414059,0.0035752111797968666,0.0035752111797968666,0.1635031552414059,False,False,True,DERIVATION_BACKTEST,False,0.1,-1.0,-0.25,2026-08-17,True,NONE,opponent-matchup-asymmetric-response-shadow-v1
2026-08-15,824884,656550,Grant Holmes,ATL,ARI,0.2023003064537036,-2.169969354629639,2183.0,CONFIRMED,77,70–79,4.429009354976081,4.209018734059028,-0.219990620917053,REDUCE,3.0,STRONG_REDUCE_UNCHANGED,-0.219990620917053,False,4.209018734059028,1.2090187340590282,1.2090187340590282,1.4290093549760812,1.2090187340590282,1.2090187340590282,1.4290093549760812,False,False,True,DERIVATION_BACKTEST,False,0.1,-1.0,-0.25,2026-08-17,True,NONE,opponent-matchup-asymmetric-response-shadow-v1
2026-08-15,823914,694819,Jacob Misiorowski,MIL,LAD,0.2130220350706561,-1.0977964929343913,2210.0,CONFIRMED,77,70–79,6.499030525048736,6.337775222291999,-0.1612553027567367,REDUCE,6.0,STRONG_REDUCE_UNCHANGED,-0.1612553027567367,False,6.337775222291999,0.33777522229199874,0.33777522229199874,0.49903052504873635,0.33777522229199874,0.33777522229199874,0.49903052504873635,False,False,True,DERIVATION_BACKTEST,False,0.1,-1.0,-0.25,2026-08-17,True,NONE,opponent-matchup-asymmetric-response-shadow-v1
2026-08-15,823914,680736,Justin Wrobleski,LAD,MIL,0.2154922601120775,-0.85077398879225,736.0,CONFIRMED,72,70–79,5.139131645889583,5.040592301170672,-0.0985393447189109,REDUCE,6.0,WEAK_REDUCE_NEUTRALIZED,0.0,True,5.139131645889583,0.9594076988293283,0.8608683541104174,0.8608683541104174,-0.9594076988293283,-0.8608683541104174,-0.8608683541104174,True,False,False,DERIVATION_BACKTEST,False,0.1,-1.0,-0.25,2026-08-17,True,NONE,opponent-matchup-asymmetric-response-shadow-v1
2026-08-15,823990,677976,Randy Dobnak,KCR,LAA,0.2311314232678908,0.7131423267890818,1956.0,CONFIRMED,52,<60,4.551478674278121,4.623363071899023,0.0718843976209022,BOOST,6.0,BOOST_UNCHANGED,0.0718843976209022,False,4.623363071899023,1.376636928100977,1.376636928100977,1.4485213257218792,-1.376636928100977,-1.376636928100977,-1.4485213257218792,False,False,True,DERIVATION_BACKTEST,False,0.1,-1.0,-0.25,2026-08-17,True,NONE,opponent-matchup-asymmetric-response-shadow-v1
2026-08-15,823990,672282,Reid Detmers,LAA,KCR,0.2119918859407736,-1.2008114059226416,909.0,CONFIRMED,79,70–79,5.452709325730244,5.304542788020525,-0.1481665377097192,REDUCE,11.0,STRONG_REDUCE_UNCHANGED,-0.1481665377097192,False,5.304542788020525,5.695457211979475,5.695457211979475,5.547290674269756,-5.695457211979475,-5.695457211979475,-5.547290674269756,False,False,True,DERIVATION_BACKTEST,False,0.1,-1.0,-0.25,2026-08-17,True,NONE,opponent-matchup-asymmetric-response-shadow-v1
2026-08-15,824966,669022,MacKenzie Gore,TEX,ATH,0.2280466045071771,0.4046604507177115,701.0,CONFIRMED,79,70–79,5.677862005836641,5.728918305023873,0.0510562991872323,BOOST,5.0,BOOST_UNCHANGED,0.0510562991872323,False,5.728918305023873,0.728918305023873,0.728918305023873,0.6778620058366407,0.728918305023873,0.728918305023873,0.6778620058366407,False,False,True,DERIVATION_BACKTEST,False,0.1,-1.0,-0.25,2026-08-17,True,NONE,opponent-matchup-asymmetric-response-shadow-v1
2026-08-15,824400,593974,Wandy Peralta,SDP,CLE,0.2084358827158857,-1.556411728411422,761.0,CONFIRMED,52,<60,3.038472428555756,2.931011575603759,-0.1074608529519967,REDUCE,1.0,STRONG_REDUCE_UNCHANGED,-0.1074608529519967,False,2.931011575603759,1.9310115756037591,1.9310115756037591,2.038472428555756,1.9310115756037591,1.9310115756037591,2.038472428555756,False,False,True,DERIVATION_BACKTEST,False,0.1,-1.0,-0.25,2026-08-17,True,NONE,opponent-matchup-asymmetric-response-shadow-v1
2026-08-16,822940,669432,Trevor Rogers,BAL,TBR,0.1995954899794461,-2.440451002055391,1114.0,CONFIRMED,77,70–79,4.93010082248637,4.653793981338421,-0.2763068411479494,REDUCE,6.0,STRONG_REDUCE_UNCHANGED,-0.2763068411479494,False,4.653793981338421,1.3462060186615794,1.3462060186615794,1.06989917751363,-1.3462060186615794,-1.3462060186615794,-1.06989917751363,False,False,True,DERIVATION_BACKTEST,False,0.1,-1.0,-0.25,2026-08-17,True,NONE,opponent-matchup-asymmetric-response-shadow-v1
2026-08-16,822940,642547,Freddy Peralta,TBR,BAL,0.2427081959527378,1.8708195952737816,1916.0,CONFIRMED,79,70–79,4.955167236879134,5.157942880566768,0.2027756436876338,BOOST,2.0,BOOST_CAPPED,0.1,True,5.055167236879134,3.157942880566768,3.055167236879134,2.9551672368791344,3.157942880566768,3.055167236879134,2.9551672368791344,True,False,False,DERIVATION_BACKTEST,False,0.1,-1.0,-0.25,2026-08-17,True,NONE,opponent-matchup-asymmetric-response-shadow-v1
2026-08-16,823344,663776,Patrick Sandoval,BOS,PIT,0.2437886503734431,1.9788650373443104,757.0,CONFIRMED,53,<60,5.139341991466803,5.361548644646005,0.2222066531792021,BOOST,6.0,BOOST_CAPPED,0.1,True,5.2393419914668025,0.638451355353995,0.7606580085331975,0.8606580085331972,-0.638451355353995,-0.7606580085331975,-0.8606580085331972,False,True,False,DERIVATION_BACKTEST,False,0.1,-1.0,-0.25,2026-08-17,True,NONE,opponent-matchup-asymmetric-response-shadow-v1
2026-08-16,823344,669199,Lake Bachar,PIT,BOS,0.2084472643287349,-1.5552735671265028,2123.0,CONFIRMED,52,<60,3.1659059253508577,3.0540215443291974,-0.1118843810216603,REDUCE,4.0,STRONG_REDUCE_UNCHANGED,-0.1118843810216603,False,3.0540215443291974,0.9459784556708026,0.9459784556708026,0.8340940746491423,-0.9459784556708026,-0.9459784556708026,-0.8340940746491423,False,False,True,DERIVATION_BACKTEST,False,0.1,-1.0,-0.25,2026-08-17,True,NONE,opponent-matchup-asymmetric-response-shadow-v1
2026-08-16,824880,647336,Michael Soroka,ARI,ATL,0.2189442057067619,-0.5055794293238103,2326.0,CONFIRMED,68,60–69,4.691552531695018,4.638304993677666,-0.0532475380173522,REDUCE,5.0,WEAK_REDUCE_NEUTRALIZED,0.0,True,4.691552531695018,0.36169500632233387,0.3084474683049816,0.3084474683049816,-0.36169500632233387,-0.3084474683049816,-0.3084474683049816,True,False,False,DERIVATION_BACKTEST,False,0.1,-1.0,-0.25,2026-08-17,True,NONE,opponent-matchup-asymmetric-response-shadow-v1
2026-08-16,824880,693821,Bryce Elder,ATL,ARI,0.2090183353450496,-1.4981664654950406,2171.0,CONFIRMED,78,70–79,5.182513104660919,5.006204567084418,-0.1763085375765012,REDUCE,5.0,STRONG_REDUCE_UNCHANGED,-0.1763085375765012,False,5.006204567084418,0.006204567084417967,0.006204567084417967,0.1825131046609192,0.006204567084417967,0.006204567084417967,0.1825131046609192,False,False,True,DERIVATION_BACKTEST,False,0.1,-1.0,-0.25,2026-08-17,True,NONE,opponent-matchup-asymmetric-response-shadow-v1
2026-08-16,822774,677960,Ryan Weathers,NYY,TOR,0.2093507740698497,-1.4649225930150278,738.0,CONFIRMED,78,70–79,5.377985776876242,5.199156922758577,-0.1788288541176648,REDUCE,4.0,STRONG_REDUCE_UNCHANGED,-0.1788288541176648,False,5.199156922758577,1.1991569227585774,1.1991569227585774,1.3779857768762422,1.1991569227585774,1.1991569227585774,1.3779857768762422,False,False,True,DERIVATION_BACKTEST,False,0.1,-1.0,-0.25,2026-08-17,True,NONE,opponent-matchup-asymmetric-response-shadow-v1
2026-08-16,822774,656302,Dylan Cease,TOR,NYY,0.2351468697157529,1.114686971575296,2066.0,CONFIRMED,77,70–79,6.63486214486003,6.797942636173971,0.1630804913139414,BOOST,10.0,BOOST_CAPPED,0.1,True,6.734862144860029,3.202057363826029,3.2651378551399706,3.36513785513997,-3.202057363826029,-3.2651378551399706,-3.36513785513997,False,True,False,DERIVATION_BACKTEST,False,0.1,-1.0,-0.25,2026-08-17,True,NONE,opponent-matchup-asymmetric-response-shadow-v1
2026-08-16,823590,663623,Jake Irvin,WSH,NYM,0.2207675214072664,-0.3232478592733595,2105.0,CONFIRMED,65,60–69,4.446584824782525,4.414384550836889,-0.0322002739456355,REDUCE,6.0,WEAK_REDUCE_NEUTRALIZED,0.0,True,4.446584824782525,1.585615449163111,1.5534151752174754,1.5534151752174754,-1.585615449163111,-1.5534151752174754,-1.5534151752174754,True,False,False,DERIVATION_BACKTEST,False,0.1,-1.0,-0.25,2026-08-17,True,NONE,opponent-matchup-asymmetric-response-shadow-v1
2026-08-16,823590,681035,Christian Scott,NYM,WSH,0.2043659138245001,-1.9634086175499887,1788.0,CONFIRMED,70,70–79,5.122257037270326,4.8926211615611,-0.229635875709226,REDUCE,7.0,STRONG_REDUCE_UNCHANGED,-0.229635875709226,False,4.8926211615611,2.1073788384389003,2.1073788384389003,1.8777429627296742,-2.1073788384389003,-2.1073788384389003,-1.8777429627296742,False,False,True,DERIVATION_BACKTEST,False,0.1,-1.0,-0.25,2026-08-17,True,NONE,opponent-matchup-asymmetric-response-shadow-v1
2026-08-16,824397,663554,Casey Mize,SDP,CLE,0.1959851390573764,-2.8014860942623567,2420.0,CONFIRMED,71,70–79,4.946504974571927,4.626856302479892,-0.3196486720920353,REDUCE,3.0,STRONG_REDUCE_UNCHANGED,-0.3196486720920353,False,4.626856302479892,1.6268563024798919,1.6268563024798919,1.9465049745719272,1.6268563024798919,1.6268563024798919,1.9465049745719272,False,False,True,DERIVATION_BACKTEST,False,0.1,-1.0,-0.25,2026-08-17,True,NONE,opponent-matchup-asymmetric-response-shadow-v1
2026-08-16,824397,676440,Tanner Bibee,CLE,SDP,0.2038183401030391,-2.018165989696091,2645.0,CONFIRMED,79,70–79,5.13772918274559,4.900820874019503,-0.236908308726087,REDUCE,3.0,STRONG_REDUCE_UNCHANGED,-0.236908308726087,False,4.900820874019503,1.9008208740195034,1.9008208740195034,2.1377291827455904,1.9008208740195034,1.9008208740195034,2.1377291827455904,False,False,True,DERIVATION_BACKTEST,False,0.1,-1.0,-0.25,2026-08-17,True,NONE,opponent-matchup-asymmetric-response-shadow-v1
2026-08-16,824236,680732,Sean Burke,CHW,DET,0.208863101822336,-1.5136898177664004,2002.0,CONFIRMED,74,70–79,5.564073124604059,5.372787716023881,-0.1912854085801782,REDUCE,2.0,STRONG_REDUCE_UNCHANGED,-0.1912854085801782,False,5.372787716023881,3.372787716023881,3.372787716023881,3.564073124604059,3.372787716023881,3.372787716023881,3.564073124604059,False,False,True,DERIVATION_BACKTEST,False,0.1,-1.0,-0.25,2026-08-17,True,NONE,opponent-matchup-asymmetric-response-shadow-v1
2026-08-16,824236,623454,Drew Anderson,DET,CHW,0.2302129423398826,0.6212942339882593,2561.0,CONFIRMED,50,<60,3.618714202627201,3.6685559209445335,0.0498417183173325,BOOST,5.0,BOOST_UNCHANGED,0.0498417183173325,False,3.6685559209445335,1.3314440790554665,1.3314440790554665,1.381285797372799,-1.3314440790554665,-1.3314440790554665,-1.381285797372799,False,False,True,DERIVATION_BACKTEST,False,0.1,-1.0,-0.25,2026-08-17,True,NONE,opponent-matchup-asymmetric-response-shadow-v1
2026-08-16,824477,691587,Eury Pérez,MIA,CIN,0.2423788731635306,1.83788731635306,2031.0,CONFIRMED,76,70–79,5.487799333704637,5.708494599050562,0.2206952653459248,BOOST,5.0,BOOST_CAPPED,0.1,True,5.587799333704637,0.708494599050562,0.5877993337046368,0.48779933370463713,0.708494599050562,0.5877993337046368,0.48779933370463713,True,False,False,DERIVATION_BACKTEST,False,0.1,-1.0,-0.25,2026-08-17,True,NONE,opponent-matchup-asymmetric-response-shadow-v1
2026-08-16,824477,666157,Nick Lodolo,CIN,MIA,0.2148718983466158,-0.9128101653384124,765.0,CONFIRMED,64,60–69,4.59532698566719,4.500722335947863,-0.0946046497193267,REDUCE,2.0,WEAK_REDUCE_NEUTRALIZED,0.0,True,4.59532698566719,2.500722335947863,2.5953269856671897,2.5953269856671897,2.500722335947863,2.5953269856671897,2.5953269856671897,False,True,False,DERIVATION_BACKTEST,False,0.1,-1.0,-0.25,2026-08-17,True,NONE,opponent-matchup-asymmetric-response-shadow-v1
2026-08-16,823670,691725,Andrew Painter,PHI,MIN,0.2061045326692066,-1.7895467330793364,2373.0,CONFIRMED,66,60–69,4.3385679541162885,4.161655880868947,-0.1769120732473412,REDUCE,2.0,STRONG_REDUCE_UNCHANGED,-0.1769120732473412,False,4.161655880868947,2.161655880868947,2.161655880868947,2.3385679541162885,2.161655880868947,2.161655880868947,2.3385679541162885,False,False,True,DERIVATION_BACKTEST,False,0.1,-1.0,-0.25,2026-08-17,True,NONE,opponent-matchup-asymmetric-response-shadow-v1
2026-08-16,823670,665152,Dean Kremer,MIN,PHI,0.1965870563500268,-2.741294364997318,2734.0,CONFIRMED,79,70–79,4.731610031538183,4.432639319822826,-0.2989707117153566,REDUCE,6.0,STRONG_REDUCE_UNCHANGED,-0.2989707117153566,False,4.432639319822826,1.567360680177174,1.567360680177174,1.2683899684618174,-1.567360680177174,-1.567360680177174,-1.2683899684618174,False,False,True,DERIVATION_BACKTEST,False,0.1,-1.0,-0.25,2026-08-17,True,NONE,opponent-matchup-asymmetric-response-shadow-v1
2026-08-16,824642,690928,Hunter Dobbins,STL,CHC,0.2271734598291316,0.3173459829131586,2680.0,CONFIRMED,70,70–79,4.508155211371206,4.539976940292121,0.0318217289209146,BOOST,7.0,BOOST_UNCHANGED,0.0318217289209146,False,4.539976940292121,2.460023059707879,2.460023059707879,2.4918447886287938,-2.460023059707879,-2.460023059707879,-2.4918447886287938,False,False,True,DERIVATION_BACKTEST,False,0.1,-1.0,-0.25,2026-08-17,True,NONE,opponent-matchup-asymmetric-response-shadow-v1
2026-08-16,824642,665795,Edward Cabrera,CHC,STL,0.2090532564578737,-1.4946743542126302,2269.0,CONFIRMED,65,60–69,4.725546167042211,4.565164903313475,-0.1603812637287358,REDUCE,2.0,STRONG_REDUCE_UNCHANGED,-0.1603812637287358,False,4.565164903313475,2.565164903313475,2.565164903313475,2.7255461670422108,2.565164903313475,2.565164903313475,2.7255461670422108,False,False,True,DERIVATION_BACKTEST,False,0.1,-1.0,-0.25,2026-08-17,True,NONE,opponent-matchup-asymmetric-response-shadow-v1
2026-08-16,823182,687312,Gabriel Hughes,COL,SFG,0.2079758689626684,-1.6024131037331606,1350.0,CONFIRMED,53,<60,5.008399089369724,4.825934159552915,-0.1824649298168088,REDUCE,2.0,STRONG_REDUCE_UNCHANGED,-0.1824649298168088,False,4.825934159552915,2.825934159552915,2.825934159552915,3.008399089369724,2.825934159552915,2.825934159552915,3.008399089369724,False,False,True,DERIVATION_BACKTEST,False,0.1,-1.0,-0.25,2026-08-17,True,NONE,opponent-matchup-asymmetric-response-shadow-v1
2026-08-16,823182,694918,Blade Tidwell,SFG,COL,0.219183959430592,-0.4816040569407986,1460.0,CONFIRMED,50,<60,4.604855902574358,4.555084306412306,-0.0497715961620519,REDUCE,1.0,WEAK_REDUCE_NEUTRALIZED,0.0,True,4.604855902574358,3.555084306412306,3.604855902574358,3.604855902574358,3.555084306412306,3.604855902574358,3.604855902574358,False,True,False,DERIVATION_BACKTEST,False,0.1,-1.0,-0.25,2026-08-17,True,NONE,opponent-matchup-asymmetric-response-shadow-v1
2026-08-16,824965,682052,Jacob Lopez,ATH,TEX,0.2376393557536326,1.3639355753632594,706.0,CONFIRMED,68,60–69,4.578179454953868,4.715502572247446,0.1373231172935778,BOOST,6.0,BOOST_CAPPED,0.1,True,4.6781794549538676,1.2844974277525543,1.3218205450461324,1.421820545046132,-1.2844974277525543,-1.3218205450461324,-1.421820545046132,False,True,False,DERIVATION_BACKTEST,False,0.1,-1.0,-0.25,2026-08-17,True,NONE,opponent-matchup-asymmetric-response-shadow-v1
2026-08-16,823991,702070,Noah Cameron,KCR,LAA,0.2480854159188163,2.40854159188163,694.0,CONFIRMED,77,70–79,5.416346381202559,5.700107394222463,0.2837610130199035,BOOST,8.0,BOOST_CAPPED,0.1,True,5.516346381202559,2.2998926057775373,2.483653618797441,2.583653618797441,-2.2998926057775373,-2.483653618797441,-2.583653618797441,False,True,False,DERIVATION_BACKTEST,False,0.1,-1.0,-0.25,2026-08-17,True,NONE,opponent-matchup-asymmetric-response-shadow-v1
2026-08-16,823991,696270,Ryan Johnson,LAA,KCR,0.2171398100632892,-0.6860189936710809,2238.0,CONFIRMED,60,60–69,4.183993420610594,4.119426045711611,-0.0645673748989832,REDUCE,4.0,WEAK_REDUCE_NEUTRALIZED,0.0,True,4.183993420610594,0.1194260457116112,0.18399342061059443,0.18399342061059443,0.1194260457116112,0.18399342061059443,0.18399342061059443,False,True,False,DERIVATION_BACKTEST,False,0.1,-1.0,-0.25,2026-08-17,True,NONE,opponent-matchup-asymmetric-response-shadow-v1
2026-08-16,823912,701656,Logan Henderson,MIL,LAD,0.2107077345712413,-1.3292265428758636,2326.0,CONFIRMED,68,60–69,5.327058887923776,5.166586769096899,-0.1604721188268776,REDUCE,6.0,STRONG_REDUCE_UNCHANGED,-0.1604721188268776,False,5.166586769096899,0.8334132309031013,0.8334132309031013,0.6729411120762236,-0.8334132309031013,-0.8334132309031013,-0.6729411120762236,False,False,True,DERIVATION_BACKTEST,False,0.1,-1.0,-0.25,2026-08-17,True,NONE,opponent-matchup-asymmetric-response-shadow-v1
2026-08-16,823912,669373,Tarik Skubal,LAD,MIL,0.2170212938349161,-0.6978706165083864,706.0,CONFIRMED,71,70–79,5.918579437937701,5.825653446777954,-0.0929259911597464,REDUCE,7.0,WEAK_REDUCE_NEUTRALIZED,0.0,True,5.918579437937701,1.1743465532220458,1.0814205620622994,1.0814205620622994,-1.1743465532220458,-1.0814205620622994,-1.0814205620622994,True,False,False,DERIVATION_BACKTEST,False,0.1,-1.0,-0.25,2026-08-17,True,NONE,opponent-matchup-asymmetric-response-shadow-v1
2026-08-16,824156,693433,Bryan Woo,SEA,HOU,0.1958200694342229,-2.817993056577711,2391.0,CONFIRMED,78,70–79,5.36561061777551,5.01676483607724,-0.3488457816982704,REDUCE,5.0,STRONG_REDUCE_UNCHANGED,-0.3488457816982704,False,5.01676483607724,0.016764836077239664,0.016764836077239664,0.36561061777551007,0.016764836077239664,0.016764836077239664,0.36561061777551007,False,False,True,DERIVATION_BACKTEST,False,0.1,-1.0,-0.25,2026-08-17,True,NONE,opponent-matchup-asymmetric-response-shadow-v1
2026-08-16,824156,686613,Hunter Brown,HOU,SEA,0.2074584306509969,-1.6541569349003082,2096.0,CONFIRMED,62,60–69,5.271177457653382,5.072816727384349,-0.1983607302690329,REDUCE,5.0,STRONG_REDUCE_UNCHANGED,-0.1983607302690329,False,5.072816727384349,0.07281672738434875,0.07281672738434875,0.27117745765338164,0.07281672738434875,0.07281672738434875,0.27117745765338164,False,False,True,DERIVATION_BACKTEST,False,0.1,-1.0,-0.25,2026-08-17,True,NONE,opponent-matchup-asymmetric-response-shadow-v1
2026-08-17,824478,695076,Rhett Lowder,CIN,STL,0.2070566430664578,-1.6943356933542124,2298.0,CONFIRMED,71,70–79,4.699494264220349,4.518264999827,-0.181229264393349,REDUCE,5.0,STRONG_REDUCE_UNCHANGED,-0.181229264393349,False,4.518264999827,0.48173500017299986,0.48173500017299986,0.3005057357796508,-0.48173500017299986,-0.48173500017299986,-0.3005057357796508,False,False,True,DERIVATION_BACKTEST,False,0.1,-1.0,-0.25,2026-08-17,True,NONE,opponent-matchup-asymmetric-response-shadow-v1
2026-08-17,822939,687064,Brandon Young,BAL,TBR,0.1817085615990853,-4.229143840091468,2531.0,CONFIRMED,74,70–79,5.234276831700643,4.714334282367846,-0.5199425493327974,REDUCE,3.0,STRONG_REDUCE_UNCHANGED,-0.5199425493327974,False,4.714334282367846,1.7143342823678456,1.7143342823678456,2.234276831700643,1.7143342823678456,1.7143342823678456,2.234276831700643,False,False,True,DERIVATION_BACKTEST,False,0.1,-1.0,-0.25,2026-08-17,True,NONE,opponent-matchup-asymmetric-response-shadow-v1
2026-08-17,822939,663556,Shane McClanahan,TBR,BAL,0.2491752900254052,2.517529002540528,783.0,CONFIRMED,74,70–79,4.4240954590050405,4.666088442026614,0.2419929830215732,BOOST,3.0,BOOST_CAPPED,0.1,True,4.52409545900504,1.6660884420266138,1.5240954590050402,1.4240954590050405,1.6660884420266138,1.5240954590050402,1.4240954590050405,True,False,False,DERIVATION_BACKTEST,False,0.1,-1.0,-0.25,2026-08-17,True,NONE,opponent-matchup-asymmetric-response-shadow-v1
2026-08-17,823427,676083,Janson Junk,MIA,PHI,0.1991762284347021,-2.482377156529783,3029.0,CONFIRMED,70,70–79,4.234935559692437,3.993388375197344,-0.2415471844950936,REDUCE,2.0,STRONG_REDUCE_UNCHANGED,-0.2415471844950936,False,3.993388375197344,1.9933883751973438,1.9933883751973438,2.2349355596924374,1.9933883751973438,1.9933883751973438,2.2349355596924374,False,False,True,DERIVATION_BACKTEST,False,0.1,-1.0,-0.25,2026-08-17,True,NONE,opponent-matchup-asymmetric-response-shadow-v1
2026-08-17,823427,650911,Cristopher Sánchez,PHI,MIA,0.2122279498272504,-1.17720501727496,710.0,CONFIRMED,79,70–79,6.12652245629318,5.963363872142812,-0.1631585841503673,REDUCE,6.0,STRONG_REDUCE_UNCHANGED,-0.1631585841503673,False,5.963363872142812,0.03663612785718762,0.03663612785718762,0.1265224562931797,-0.03663612785718762,-0.03663612785718762,0.1265224562931797,False,False,True,DERIVATION_BACKTEST,False,0.1,-1.0,-0.25,2026-08-17,True,NONE,opponent-matchup-asymmetric-response-shadow-v1
2026-08-17,823343,664285,Framber Valdez,DET,PIT,0.2323345648273234,0.8334564827323476,914.0,CONFIRMED,79,70–79,5.138495804112034,5.233219003117307,0.0947231990052737,BOOST,5.0,BOOST_UNCHANGED,0.0947231990052737,False,5.233219003117307,0.23321900311730737,0.23321900311730737,0.13849580411203366,0.23321900311730737,0.23321900311730737,0.13849580411203366,False,False,True,DERIVATION_BACKTEST,False,0.1,-1.0,-0.25,2026-08-17,True,NONE,opponent-matchup-asymmetric-response-shadow-v1
2026-08-17,823343,669387,Carmen Mlodzinski,PIT,DET,0.2014389174606358,-2.256108253936417,1790.0,CONFIRMED,78,70–79,3.7827287570711,3.587177619214837,-0.1955511378562633,REDUCE,3.0,STRONG_REDUCE_UNCHANGED,-0.1955511378562633,False,3.587177619214837,0.5871776192148368,0.5871776192148368,0.7827287570711001,0.5871776192148368,0.5871776192148368,0.7827287570711001,False,False,True,DERIVATION_BACKTEST,False,0.1,-1.0,-0.25,2026-08-17,True,NONE,opponent-matchup-asymmetric-response-shadow-v1
2026-08-17,824725,683352,Mitch Bratt,ARI,BOS,0.2098643886745273,-1.4135611325472697,882.0,CONFIRMED,54,<60,4.363716037834303,4.223785431458687,-0.139930606375616,REDUCE,0.0,STRONG_REDUCE_UNCHANGED,-0.139930606375616,False,4.223785431458687,4.223785431458687,4.223785431458687,4.363716037834303,4.223785431458687,4.223785431458687,4.363716037834303,False,False,True,DERIVATION_BACKTEST,False,0.1,-1.0,-0.25,2026-08-17,True,NONE,opponent-matchup-asymmetric-response-shadow-v1
2026-08-17,823589,690997,Nolan McLean,NYM,SDP,0.2028157710358377,-2.118422896416222,2642.0,CONFIRMED,79,70–79,5.891138775717602,5.60565164504754,-0.2854871306700621,REDUCE,3.0,STRONG_REDUCE_UNCHANGED,-0.2854871306700621,False,5.60565164504754,2.6056516450475398,2.6056516450475398,2.891138775717602,2.6056516450475398,2.6056516450475398,2.891138775717602,False,False,True,DERIVATION_BACKTEST,False,0.1,-1.0,-0.25,2026-08-17,True,NONE,opponent-matchup-asymmetric-response-shadow-v1
2026-08-17,824077,686930,Mason Barnett,ATH,KCR,0.2091577176630981,-1.4842282336901824,2526.0,CONFIRMED,56,<60,4.3620985387406455,4.215105119532577,-0.1469934192080684,REDUCE,2.0,STRONG_REDUCE_UNCHANGED,-0.1469934192080684,False,4.215105119532577,2.215105119532577,2.215105119532577,2.3620985387406455,2.215105119532577,2.215105119532577,2.3620985387406455,False,False,True,DERIVATION_BACKTEST,False,0.1,-1.0,-0.25,2026-08-17,True,NONE,opponent-matchup-asymmetric-response-shadow-v1
2026-08-17,824077,608379,Michael Wacha,KCR,ATH,0.1953720233538478,-2.8627976646152216,1631.0,CONFIRMED,79,70–79,5.34154642166298,4.988548340582685,-0.3529980810802948,REDUCE,3.0,STRONG_REDUCE_UNCHANGED,-0.3529980810802948,False,4.988548340582685,1.9885483405826854,1.9885483405826854,2.34154642166298,1.9885483405826854,1.9885483405826854,2.34154642166298,False,False,True,DERIVATION_BACKTEST,False,0.1,-1.0,-0.25,2026-08-17,True,NONE,opponent-matchup-asymmetric-response-shadow-v1
2026-08-17,823668,527048,Martín Pérez,ATL,MIN,0.2173401654600034,-0.6659834539996551,875.0,CONFIRMED,72,70–79,4.058713075999724,3.997922197560462,-0.0607908784392616,REDUCE,3.0,WEAK_REDUCE_NEUTRALIZED,0.0,True,4.058713075999724,0.9979221975604622,1.0587130759997239,1.0587130759997239,0.9979221975604622,1.0587130759997239,1.0587130759997239,False,True,False,DERIVATION_BACKTEST,False,0.1,-1.0,-0.25,2026-08-17,True,NONE,opponent-matchup-asymmetric-response-shadow-v1
2026-08-17,823668,641927,Bailey Ober,MIN,ATL,0.216533430104879,-0.7466569895120956,2414.0,CONFIRMED,71,70–79,4.630520831278347,4.552692426074534,-0.0778284052038129,REDUCE,4.0,WEAK_REDUCE_NEUTRALIZED,0.0,True,4.630520831278347,0.5526924260745343,0.6305208312783472,0.6305208312783472,0.5526924260745343,0.6305208312783472,0.6305208312783472,False,True,False,DERIVATION_BACKTEST,False,0.1,-1.0,-0.25,2026-08-17,True,NONE,opponent-matchup-asymmetric-response-shadow-v1
2026-08-17,824641,622491,Luis Castillo,CHW,CHC,0.221462047104361,-0.2537952895638962,2842.0,CONFIRMED,72,70–79,4.98637977967602,4.958051101479114,-0.0283286781969058,NEUTRAL,1.0,WEAK_REDUCE_NEUTRALIZED,0.0,True,4.98637977967602,3.958051101479114,3.98637977967602,3.98637977967602,3.958051101479114,3.98637977967602,3.98637977967602,False,True,False,DERIVATION_BACKTEST,False,0.1,-1.0,-0.25,2026-08-17,True,NONE,opponent-matchup-asymmetric-response-shadow-v1
2026-08-17,824641,684007,Shota Imanaga,CHC,CHW,0.2323234418901656,0.832344189016565,889.0,CONFIRMED,79,70–79,5.22210944432129,5.318246670709621,0.0961372263883317,BOOST,10.0,BOOST_UNCHANGED,0.0961372263883317,False,5.318246670709621,4.681753329290379,4.681753329290379,4.77789055567871,-4.681753329290379,-4.681753329290379,-4.77789055567871,False,False,True,DERIVATION_BACKTEST,False,0.1,-1.0,-0.25,2026-08-17,True,NONE,opponent-matchup-asymmetric-response-shadow-v1
2026-08-17,824320,605483,Blake Snell,LAD,COL,0.2410676307093894,1.706763070938941,865.0,CONFIRMED,64,60–69,5.165468971515177,5.358647602224803,0.1931786307096255,BOOST,5.0,BOOST_CAPPED,0.1,True,5.265468971515177,0.35864760222480285,0.265468971515177,0.16546897151517737,0.35864760222480285,0.265468971515177,0.16546897151517737,True,False,False,DERIVATION_BACKTEST,False,0.1,-1.0,-0.25,2026-08-17,True,NONE,opponent-matchup-asymmetric-response-shadow-v1
2026-08-17,824320,608372,Tomoyuki Sugano,COL,LAD,0.2123013665930164,-1.1698633406983572,2498.0,CONFIRMED,76,70–79,4.047023695170114,3.9399266163000446,-0.1070970788700691,REDUCE,3.0,STRONG_REDUCE_UNCHANGED,-0.1070970788700691,False,3.9399266163000446,0.9399266163000446,0.9399266163000446,1.0470236951701137,0.9399266163000446,0.9399266163000446,1.0470236951701137,False,False,True,DERIVATION_BACKTEST,False,0.1,-1.0,-0.25,2026-08-17,True,NONE,opponent-matchup-asymmetric-response-shadow-v1
2026-08-17,824514,687273,Quinn Mathews,STL,CIN,0.2426701971652553,1.867019716525531,675.0,CONFIRMED,46,<60,5.18583301637125,5.397625398488667,0.2117923821174168,BOOST,7.0,BOOST_CAPPED,0.1,True,5.2858330163712495,1.6023746015113334,1.7141669836287505,1.8141669836287502,-1.6023746015113334,-1.7141669836287505,-1.8141669836287502,False,True,False,DERIVATION_BACKTEST,False,0.1,-1.0,-0.25,2026-08-17,True,NONE,opponent-matchup-asymmetric-response-shadow-v1
2026-08-17,824478,669467,Andre Pallante,STL,CIN,0.2519924098671727,2.799240986717269,2635.0,PROJECTED/ROSTER,70,70–79,4.747618164973832,5.035533662626852,0.28791549765302,BOOST,5.0,BOOST_CAPPED,0.1,True,4.847618164973832,0.03553366262685209,0.1523818350261683,0.25238183502616796,0.03553366262685209,-0.1523818350261683,-0.25238183502616796,False,True,False,DERIVATION_BACKTEST,False,0.1,-1.0,-0.25,2026-08-17,True,NONE,opponent-matchup-asymmetric-response-shadow-v1
2026-08-18,824803,607074,Carlos Rodón,NYY,BAL,0.2532288058184542,2.9228805818454244,846.0,CONFIRMED,79,70–79,5.281365024529709,5.61537454976998,0.3340095252402708,BOOST,4.0,BOOST_CAPPED,0.1,True,5.381365024529709,1.6153745497699799,1.3813650245297087,1.281365024529709,1.6153745497699799,1.3813650245297087,1.281365024529709,True,False,False,FORWARD_OOS,True,0.1,-1.0,-0.25,2026-08-17,True,NONE,opponent-matchup-asymmetric-response-shadow-v1
2026-08-18,824803,669358,Shane Baz,BAL,NYY,0.2443381865349852,2.0338186534985203,2170.0,CONFIRMED,79,70–79,5.184721428985547,5.414982918719831,0.2302614897342838,BOOST,10.0,BOOST_CAPPED,0.1,True,5.284721428985547,4.585017081280169,4.715278571014453,4.815278571014453,-4.585017081280169,-4.715278571014453,-4.815278571014453,False,True,False,FORWARD_OOS,True,0.1,-1.0,-0.25,2026-08-17,True,NONE,opponent-matchup-asymmetric-response-shadow-v1
2026-08-18,823341,672456,Keider Montero,DET,PIT,0.2388399289693152,1.4839928969315186,1961.0,CONFIRMED,74,70–79,4.506305639492984,4.653182668769521,0.1468770292765366,BOOST,3.0,BOOST_CAPPED,0.1,True,4.606305639492984,1.6531826687695208,1.6063056394929838,1.5063056394929841,1.6531826687695208,1.6063056394929838,1.5063056394929841,True,False,False,FORWARD_OOS,True,0.1,-1.0,-0.25,2026-08-17,True,NONE,opponent-matchup-asymmetric-response-shadow-v1
2026-08-18,823341,677952,Braxton Ashcraft,PIT,DET,0.2055205269087232,-1.8479473091276817,1753.0,CONFIRMED,79,70–79,5.581993654386925,5.346787593098446,-0.2352060612884789,REDUCE,4.0,STRONG_REDUCE_UNCHANGED,-0.2352060612884789,False,5.346787593098446,1.3467875930984459,1.3467875930984459,1.5819936543869249,1.3467875930984459,1.3467875930984459,1.5819936543869249,False,False,True,FORWARD_OOS,True,0.1,-1.0,-0.25,2026-08-17,True,NONE,opponent-matchup-asymmetric-response-shadow-v1
2026-08-18,824398,687931,Carson Whisenhunt,SFG,CLE,0.2072414286086741,-1.6758571391325834,953.0,CONFIRMED,60,60–69,4.305039022792132,4.140867861084864,-0.1641711617072676,REDUCE,1.0,STRONG_REDUCE_UNCHANGED,-0.1641711617072676,False,4.140867861084864,3.140867861084864,3.140867861084864,3.3050390227921316,3.140867861084864,3.140867861084864,3.3050390227921316,False,False,True,FORWARD_OOS,True,0.1,-1.0,-0.25,2026-08-17,True,NONE,opponent-matchup-asymmetric-response-shadow-v1
2026-08-18,824398,656492,Foster Griffin,CLE,SFG,0.2484994837249425,2.449948372494257,423.0,CONFIRMED,79,70–79,5.183658202753452,5.459779377135535,0.2761211743820837,BOOST,6.0,BOOST_CAPPED,0.1,True,5.283658202753451,0.5402206228644646,0.7163417972465487,0.8163417972465483,-0.5402206228644646,-0.7163417972465487,-0.8163417972465483,False,True,False,FORWARD_OOS,True,0.1,-1.0,-0.25,2026-08-17,True,NONE,opponent-matchup-asymmetric-response-shadow-v1
2026-08-18,824475,681517,Kyle Leahy,STL,CIN,0.2514447443843592,2.7444744384359203,2224.0,CONFIRMED,78,70–79,4.663000339515083,4.94040689536778,0.2774065558526972,BOOST,6.0,BOOST_CAPPED,0.1,True,4.763000339515083,1.0595931046322198,1.2369996604849174,1.336999660484917,-1.0595931046322198,-1.2369996604849174,-1.336999660484917,False,True,False,FORWARD_OOS,True,0.1,-1.0,-0.25,2026-08-17,True,NONE,opponent-matchup-asymmetric-response-shadow-v1
2026-08-18,824475,671096,Andrew Abbott,CIN,STL,0.1939935333639456,-3.000646663605436,1060.0,CONFIRMED,79,70–79,4.737763874152416,4.409029753133487,-0.3287341210189289,REDUCE,6.0,STRONG_REDUCE_UNCHANGED,-0.3287341210189289,False,4.409029753133487,1.5909702468665126,1.5909702468665126,1.2622361258475836,-1.5909702468665126,-1.5909702468665126,-1.2622361258475836,False,False,True,FORWARD_OOS,True,0.1,-1.0,-0.25,2026-08-17,True,NONE,opponent-matchup-asymmetric-response-shadow-v1
2026-08-18,822938,667755,José Soriano,TOR,TBR,0.1847506313802266,-3.924936861977335,2774.0,CONFIRMED,79,70–79,5.147602592142156,4.674917674843069,-0.4726849172990865,REDUCE,2.0,STRONG_REDUCE_UNCHANGED,-0.4726849172990865,False,4.674917674843069,2.674917674843069,2.674917674843069,3.1476025921421558,2.674917674843069,2.674917674843069,3.1476025921421558,False,False,True,FORWARD_OOS,True,0.1,-1.0,-0.25,2026-08-17,True,NONE,opponent-matchup-asymmetric-response-shadow-v1
2026-08-18,822938,607259,Nick Martinez,TBR,TOR,0.1918268809150684,-3.217311908493153,2078.0,CONFIRMED,78,70–79,4.5596772987059015,4.219537306215175,-0.3401399924907267,REDUCE,5.0,STRONG_REDUCE_UNCHANGED,-0.3401399924907267,False,4.219537306215175,0.7804626937848251,0.7804626937848251,0.44032270129409845,-0.7804626937848251,-0.7804626937848251,-0.44032270129409845,False,False,True,FORWARD_OOS,True,0.1,-1.0,-0.25,2026-08-17,True,NONE,opponent-matchup-asymmetric-response-shadow-v1
2026-08-18,823423,806188,Cade Gibson,MIA,PHI,0.2093145952161677,-1.4685404783832317,1237.0,CONFIRMED,46,<60,3.034046128698312,2.932904529638229,-0.101141599060083,REDUCE,1.0,STRONG_REDUCE_UNCHANGED,-0.101141599060083,False,2.932904529638229,1.932904529638229,1.932904529638229,2.034046128698312,1.932904529638229,1.932904529638229,2.034046128698312,False,False,True,FORWARD_OOS,True,0.1,-1.0,-0.25,2026-08-17,True,NONE,opponent-matchup-asymmetric-response-shadow-v1
2026-08-18,823423,554430,Zack Wheeler,PHI,MIA,0.2178487745115868,-0.6151225488413209,2170.0,CONFIRMED,74,70–79,5.46255113052202,5.387025936398032,-0.0755251941239878,REDUCE,7.0,WEAK_REDUCE_NEUTRALIZED,0.0,True,5.46255113052202,1.6129740636019676,1.5374488694779798,1.5374488694779798,-1.6129740636019676,-1.5374488694779798,-1.5374488694779798,True,False,False,FORWARD_OOS,True,0.1,-1.0,-0.25,2026-08-17,True,NONE,opponent-matchup-asymmetric-response-shadow-v1
2026-08-18,824723,518876,Merrill Kelly,ARI,BOS,0.2066461421413837,-1.7353857858616233,2362.0,CONFIRMED,77,70–79,4.421166899593929,4.246455249022981,-0.1747116505709476,REDUCE,2.0,STRONG_REDUCE_UNCHANGED,-0.1747116505709476,False,4.246455249022981,2.246455249022981,2.246455249022981,2.4211668995939286,2.246455249022981,2.246455249022981,2.4211668995939286,False,False,True,FORWARD_OOS,True,0.1,-1.0,-0.25,2026-08-17,True,NONE,opponent-matchup-asymmetric-response-shadow-v1
2026-08-18,824723,624133,Ranger Suarez,BOS,ARI,0.1991686648563793,-2.4831335143620654,775.0,CONFIRMED,76,70–79,4.638968509532615,4.374293519604724,-0.264674989927891,REDUCE,3.0,STRONG_REDUCE_UNCHANGED,-0.264674989927891,False,4.374293519604724,1.3742935196047243,1.3742935196047243,1.6389685095326154,1.3742935196047243,1.3742935196047243,1.6389685095326154,False,False,True,FORWARD_OOS,True,0.1,-1.0,-0.25,2026-08-17,True,NONE,opponent-matchup-asymmetric-response-shadow-v1
2026-08-18,823586,592662,Robbie Ray,SDP,NYM,0.2316103900666641,0.7610390066664169,785.0,CONFIRMED,78,70–79,4.8514450871538095,4.933170546179699,0.0817254590258897,BOOST,4.0,BOOST_UNCHANGED,0.0817254590258897,False,4.933170546179699,0.9331705461796993,0.9331705461796993,0.8514450871538095,0.9331705461796993,0.9331705461796993,0.8514450871538095,False,False,True,FORWARD_OOS,True,0.1,-1.0,-0.25,2026-08-17,True,NONE,opponent-matchup-asymmetric-response-shadow-v1
2026-08-18,823586,804267,Zac Thornton,NYM,SDP,0.2097466831903328,-1.4253316809667154,870.0,CONFIRMED,56,<60,4.5573643267950334,4.4099868077574325,-0.147377519037601,REDUCE,7.0,STRONG_REDUCE_UNCHANGED,-0.147377519037601,False,4.4099868077574325,2.5900131922425675,2.5900131922425675,2.4426356732049666,-2.5900131922425675,-2.5900131922425675,-2.4426356732049666,False,False,True,FORWARD_OOS,True,0.1,-1.0,-0.25,2026-08-17,True,NONE,opponent-matchup-asymmetric-response-shadow-v1
2026-08-18,824075,678022,Jack Perkins,ATH,KCR,0.2052094332981344,-1.8790566701865543,2841.0,PROJECTED/ROSTER,58,<60,5.060164578155191,4.843276836156122,-0.2168877419990691,REDUCE,4.0,STRONG_REDUCE_UNCHANGED,-0.2168877419990691,False,4.843276836156122,0.8432768361561216,0.8432768361561216,1.0601645781551907,0.8432768361561216,0.8432768361561216,1.0601645781551907,False,False,True,FORWARD_OOS,True,0.1,-1.0,-0.25,2026-08-17,True,NONE,opponent-matchup-asymmetric-response-shadow-v1
2026-08-18,823667,641816,Tyler Mahle,ATL,MIN,0.2001361264785545,-2.386387352144548,2131.0,CONFIRMED,74,70–79,5.122936073392103,4.842366678156418,-0.2805693952356849,REDUCE,3.0,STRONG_REDUCE_UNCHANGED,-0.2805693952356849,False,4.842366678156418,1.8423666781564183,1.8423666781564183,2.122936073392103,1.8423666781564183,1.8423666781564183,2.122936073392103,False,False,True,FORWARD_OOS,True,0.1,-1.0,-0.25,2026-08-17,True,NONE,opponent-matchup-asymmetric-response-shadow-v1
2026-08-18,823749,682243,Bryce Miller,SEA,MIL,0.2299280301399021,0.5928030139902091,2504.0,CONFIRMED,65,60–69,5.376236749177648,5.4469117040175,0.0706749548398519,BOOST,3.0,BOOST_UNCHANGED,0.0706749548398519,False,5.4469117040175,2.4469117040175004,2.4469117040175004,2.3762367491776484,2.4469117040175004,2.4469117040175004,2.3762367491776484,False,False,True,FORWARD_OOS,True,0.1,-1.0,-0.25,2026-08-17,True,NONE,opponent-matchup-asymmetric-response-shadow-v1
2026-08-18,822859,800600,Jackson Kent,WSH,TEX,0.2485143545822505,2.4514354582250517,736.0,CONFIRMED,46,<60,4.379704447067351,4.6131389371797855,0.233434490112435,BOOST,3.0,BOOST_CAPPED,0.1,True,4.479704447067351,1.6131389371797855,1.479704447067351,1.3797044470673514,1.6131389371797855,1.479704447067351,1.3797044470673514,True,False,False,FORWARD_OOS,True,0.1,-1.0,-0.25,2026-08-17,True,NONE,opponent-matchup-asymmetric-response-shadow-v1
2026-08-18,822859,615698,Cal Quantrill,TEX,WSH,0.2130772571226938,-1.0922742877306186,1904.0,CONFIRMED,79,70–79,4.082166104482793,3.981394497915155,-0.1007716065676378,REDUCE,5.0,STRONG_REDUCE_UNCHANGED,-0.1007716065676378,False,3.981394497915155,1.0186055020848448,1.0186055020848448,0.917833895517207,-1.0186055020848448,-1.0186055020848448,-0.917833895517207,False,False,True,FORWARD_OOS,True,0.1,-1.0,-0.25,2026-08-17,True,NONE,opponent-matchup-asymmetric-response-shadow-v1
2026-08-18,824154,691946,George Klassen,LAA,HOU,0.2087241779254917,-1.5275822074508285,2738.0,CONFIRMED,50,<60,4.174768912422857,4.029905027424963,-0.1448638849978936,REDUCE,7.0,STRONG_REDUCE_UNCHANGED,-0.1448638849978936,False,4.029905027424963,2.970094972575037,2.970094972575037,2.8252310875771434,-2.970094972575037,-2.970094972575037,-2.8252310875771434,False,False,True,FORWARD_OOS,True,0.1,-1.0,-0.25,2026-08-17,True,NONE,opponent-matchup-asymmetric-response-shadow-v1
2026-08-18,824319,641778,Eric Lauer,LAD,COL,0.2482031276164885,2.4203127616488547,851.0,CONFIRMED,68,60–69,4.214312021920208,4.436150818968063,0.2218387970478552,BOOST,6.0,BOOST_CAPPED,0.1,True,4.314312021920208,1.5638491810319373,1.685687978079792,1.7856879780797916,-1.5638491810319373,-1.685687978079792,-1.7856879780797916,False,True,False,FORWARD_OOS,True,0.1,-1.0,-0.25,2026-08-17,True,NONE,opponent-matchup-asymmetric-response-shadow-v1
2026-08-18,824319,663372,Ryan Feltner,COL,LAD,0.2111394098691047,-1.28605901308953,2539.0,CONFIRMED,71,70–79,4.20808859745829,4.085502846631547,-0.1225857508267429,REDUCE,3.0,STRONG_REDUCE_UNCHANGED,-0.1225857508267429,False,4.085502846631547,1.085502846631547,1.085502846631547,1.20808859745829,1.085502846631547,1.085502846631547,1.20808859745829,False,False,True,FORWARD_OOS,True,0.1,-1.0,-0.25,2026-08-17,True,NONE,opponent-matchup-asymmetric-response-shadow-v1
2026-08-18,824075,669620,Brady Basso,ATH,KCR,0.218787986916469,-0.5212013083530947,933.0,CONFIRMED,47,<60,3.3272812969516834,3.2883440164111546,-0.0389372805405288,REDUCE,1.0,WEAK_REDUCE_NEUTRALIZED,0.0,True,3.3272812969516834,2.2883440164111546,2.3272812969516834,2.3272812969516834,2.2883440164111546,2.3272812969516834,2.3272812969516834,False,True,False,FORWARD_OOS,True,0.1,-1.0,-0.25,2026-08-17,True,NONE,opponent-matchup-asymmetric-response-shadow-v1
