game_date,game_pk,pitcher_id,player,team,opponent,Opponent_K_Rate,Opponent_K_Delta_PP,Opponent_K_Extremity,Matchup_PA,Matchup_PA_Band,Matchup_Batters,Lineup_State,Data_Quality,Quality_Band,Neutral_Opponent_Projection,Neutral_K_Projection_Level,Applied_Projection,Matchup_Adjustment_K,Reduction_Magnitude_K,Reduction_Magnitude_Band,Actual_Strikeouts,Applied_Absolute_Error,Neutral_Absolute_Error,Applied_Error,Neutral_Error,Applied_Win,Neutral_Win,Tie,Applied_Underprediction,Neutral_Underprediction,Report_Only,Production_Authority,Validation_Version
2026-08-12,823672,669358,Shane Baz,BAL,MIN,0.1991064396674875,-2.4893560332512497,-1.50–2.49pp,2209.0,"2,000–2,999 PA",9.0,CONFIRMED,78,70–79,5.384680172194957,5.0–5.99 K,5.076665598251974,-0.3080145739429829,0.3080145739429829,0.25–0.39 K,2.0,3.0766655982519744,3.3846801721949573,3.0766655982519744,3.3846801721949573,True,False,False,False,False,True,NONE,opponent-matchup-reduce-stress-v1-report-only
2026-08-12,823017,554430,Zack Wheeler,PHI,STL,0.2053769145149314,-1.8623085485068525,-1.50–2.49pp,2276.0,"2,000–2,999 PA",9.0,CONFIRMED,72,70–79,5.340527508891616,5.0–5.99 K,5.113708402473249,-0.2268191064183664,0.2268191064183664,0.10–0.24 K,5.0,0.1137084024732493,0.3405275088916157,0.1137084024732493,0.3405275088916157,True,False,False,False,False,True,NONE,opponent-matchup-reduce-stress-v1-report-only
2026-08-12,823017,681517,Kyle Leahy,STL,PHI,0.1992902518714002,-2.4709748128599744,-1.50–2.49pp,2930.0,"2,000–2,999 PA",9.0,CONFIRMED,77,70–79,4.701671260776629,4.0–4.99 K,4.434771817643135,-0.2668994431334939,0.2668994431334939,0.25–0.39 K,6.0,1.565228182356865,1.298328739223371,-1.565228182356865,-1.298328739223371,False,True,False,True,True,True,NONE,opponent-matchup-reduce-stress-v1-report-only
2026-08-12,824967,656876,Drew Rasmussen,TBR,ATH,0.2192034834421512,-0.4796516557848795,-0.25–0.99pp,1481.0,"1,000–1,999 PA",9.0,CONFIRMED,77,70–79,5.437349349706047,5.0–5.99 K,5.378819291726495,-0.058530057979552,0.058530057979552,<0.10 K,3.0,2.3788192917264954,2.4373493497060474,2.3788192917264954,2.4373493497060474,True,False,False,False,False,True,NONE,opponent-matchup-reduce-stress-v1-report-only
2026-08-12,825047,663372,Ryan Feltner,COL,ARI,0.2077272576600541,-1.6272742339945827,-1.50–2.49pp,2275.0,"2,000–2,999 PA",9.0,CONFIRMED,70,70–79,4.427187993363331,4.0–4.99 K,4.26334716437203,-0.1638408289913009,0.1638408289913009,0.10–0.24 K,2.0,2.26334716437203,2.427187993363331,2.26334716437203,2.427187993363331,True,False,False,False,False,True,NONE,opponent-matchup-reduce-stress-v1-report-only
2026-08-12,823263,669160,Dustin May,MIL,SDP,0.210865526766236,-1.3134473233763988,-1.00–1.49pp,2194.0,"2,000–2,999 PA",9.0,CONFIRMED,77,70–79,5.008906835976723,5.0–5.99 K,4.859837383413874,-0.1490694525628493,0.1490694525628493,0.10–0.24 K,6.0,1.1401626165861265,0.991093164023277,-1.1401626165861265,-0.991093164023277,False,True,False,True,True,True,NONE,opponent-matchup-reduce-stress-v1-report-only
2026-08-12,823263,592662,Robbie Ray,SDP,MIL,0.2175661857187382,-0.6433814281261774,-0.25–0.99pp,816.0,"<1,000 PA",9.0,CONFIRMED,77,70–79,5.126483664234522,5.0–5.99 K,5.052324860965883,-0.0741588032686388,0.0741588032686388,<0.10 K,4.0,1.052324860965883,1.126483664234522,1.052324860965883,1.126483664234522,True,False,False,False,False,True,NONE,opponent-matchup-reduce-stress-v1-report-only
2026-08-12,824241,664285,Framber Valdez,DET,CLE,0.1934307140209807,-3.056928597901931,-2.50pp+,969.0,"<1,000 PA",9.0,CONFIRMED,78,70–79,5.085785990860779,5.0–5.99 K,4.726033431720969,-0.3597525591398094,0.3597525591398094,0.25–0.39 K,3.0,1.7260334317209691,2.0857859908607788,1.7260334317209691,2.0857859908607788,True,False,False,False,False,True,NONE,opponent-matchup-reduce-stress-v1-report-only
2026-08-12,823833,676083,Janson Junk,MIA,PIT,0.2193068421228486,-0.4693157877151382,-0.25–0.99pp,2014.0,"2,000–2,999 PA",9.0,CONFIRMED,68,60–69,4.225222295652576,4.0–4.99 K,4.180725412905703,-0.0444968827468725,0.0444968827468725,<0.10 K,2.0,2.180725412905703,2.225222295652576,2.180725412905703,2.225222295652576,True,False,False,False,False,True,NONE,opponent-matchup-reduce-stress-v1-report-only
2026-08-12,823511,701542,Will Warren,NYY,SEA,0.2113687840942258,-1.263121590577421,-1.00–1.49pp,2497.0,"2,000–2,999 PA",9.0,CONFIRMED,77,70–79,4.972869309678978,4.0–4.99 K,4.830626519208324,-0.1422427904706538,0.1422427904706538,0.10–0.24 K,3.0,1.830626519208324,1.9728693096789776,1.830626519208324,1.9728693096789776,True,False,False,False,False,True,NONE,opponent-matchup-reduce-stress-v1-report-only
2026-08-12,822779,624133,Ranger Suarez,BOS,TOR,0.2077720985627994,-1.6227901437200545,-1.50–2.49pp,719.0,"<1,000 PA",9.0,CONFIRMED,74,70–79,4.64922890509325,4.0–4.99 K,4.477654017973988,-0.1715748871192621,0.1715748871192621,0.10–0.24 K,2.0,2.477654017973988,2.64922890509325,2.477654017973988,2.64922890509325,True,False,False,False,False,True,NONE,opponent-matchup-reduce-stress-v1-report-only
2026-08-12,822779,667755,José Soriano,TOR,BOS,0.2035276277449431,-2.047237225505688,-1.50–2.49pp,2354.0,"2,000–2,999 PA",9.0,CONFIRMED,78,70–79,5.166943577863003,5.0–5.99 K,4.925171926160614,-0.2417716517023889,0.2417716517023889,0.10–0.24 K,4.0,0.9251719261606136,1.1669435778630026,0.9251719261606136,1.1669435778630026,True,False,False,False,False,True,NONE,opponent-matchup-reduce-stress-v1-report-only
2026-08-12,824883,804267,Zac Thornton,NYM,ATL,0.2116104975607014,-1.238950243929854,-1.00–1.49pp,1324.0,"1,000–1,999 PA",9.0,CONFIRMED,54,<60,4.562869059349587,4.0–4.99 K,4.434887433347578,-0.1279816260020085,0.1279816260020085,0.10–0.24 K,2.0,2.434887433347578,2.562869059349586,2.434887433347578,2.562869059349586,True,False,False,False,False,True,NONE,opponent-matchup-reduce-stress-v1-report-only
2026-08-12,823916,663738,Daniel Lynch IV,KCR,LAD,0.197503221301007,-2.649677869899297,-2.50pp+,1060.0,"1,000–1,999 PA",9.0,CONFIRMED,48,<60,3.232696321613808,<4.0 K,3.0354843043145308,-0.1972120172992766,0.1972120172992766,0.10–0.24 K,3.0,0.0354843043145307,0.2326963216138073,0.0354843043145307,0.2326963216138073,True,False,False,False,False,True,NONE,opponent-matchup-reduce-stress-v1-report-only
2026-08-12,823916,641778,Eric Lauer,LAD,KCR,0.2108398025293156,-1.3160197470684394,-1.00–1.49pp,927.0,"<1,000 PA",9.0,CONFIRMED,66,60–69,4.28922295817079,4.0–4.99 K,4.161318077633911,-0.1279048805368789,0.1279048805368789,0.10–0.24 K,6.0,1.8386819223660889,1.7107770418292096,-1.8386819223660889,-1.7107770418292096,False,True,False,True,True,True,NONE,opponent-matchup-reduce-stress-v1-report-only
2026-08-12,824967,678022,Jack Perkins,ATH,TBR,0.2002931325524474,-2.37068674475526,-1.50–2.49pp,2459.0,"2,000–2,999 PA",9.0,CONFIRMED,65,60–69,4.880732583602074,4.0–4.99 K,4.615237274528287,-0.2654953090737875,0.2654953090737875,0.25–0.39 K,2.0,2.615237274528287,2.8807325836020743,2.615237274528287,2.8807325836020743,True,False,False,False,False,True,NONE,opponent-matchup-reduce-stress-v1-report-only
2026-08-12,823187,605288,Adrian Houser,SFG,HOU,0.211536669458216,-1.2463330541783946,-1.00–1.49pp,2114.0,"2,000–2,999 PA",9.0,CONFIRMED,65,60–69,3.935068414021372,<4.0 K,3.824028402427333,-0.111040011594039,0.111040011594039,0.10–0.24 K,5.0,1.175971597572667,1.064931585978628,-1.175971597572667,-1.064931585978628,False,True,False,True,True,True,NONE,opponent-matchup-reduce-stress-v1-report-only
2026-08-13,824238,672456,Keider Montero,DET,CLE,0.1866123766259112,-3.73876233740888,-2.50pp+,2187.0,"2,000–2,999 PA",9.0,CONFIRMED,72,70–79,4.617692183163494,4.0–4.99 K,4.214743913149588,-0.4029482700139057,0.4029482700139057,0.40+ K,0.0,4.214743913149588,4.617692183163494,4.214743913149588,4.617692183163494,True,False,False,False,False,True,NONE,opponent-matchup-reduce-stress-v1-report-only
2026-08-13,823829,677952,Braxton Ashcraft,PIT,MIA,0.2078307888875252,-1.6169211112474768,-1.50–2.49pp,2010.0,"2,000–2,999 PA",9.0,CONFIRMED,78,70–79,5.450365636489803,5.0–5.99 K,5.249966977526226,-0.2003986589635769,0.2003986589635769,0.10–0.24 K,10.0,4.750033022473774,4.549634363510197,-4.750033022473774,-4.549634363510197,False,True,False,True,True,True,NONE,opponent-matchup-reduce-stress-v1-report-only
2026-08-13,824561,671096,Andrew Abbott,CIN,CHW,0.2204903618972196,-0.3509638102780404,-0.25–0.99pp,935.0,"<1,000 PA",9.0,CONFIRMED,79,70–79,4.828854227269734,4.0–4.99 K,4.790875567489774,-0.0379786597799602,0.0379786597799602,<0.10 K,3.0,1.790875567489774,1.8288542272697343,1.790875567489774,1.8288542272697343,True,False,False,False,False,True,NONE,opponent-matchup-reduce-stress-v1-report-only
2026-08-13,822776,801139,Payton Tolle,BOS,TOR,0.2098029253164083,-1.4197074683591715,-1.00–1.49pp,870.0,"<1,000 PA",9.0,CONFIRMED,72,70–79,5.591768903396565,5.0–5.99 K,5.411665879736916,-0.1801030236596483,0.1801030236596483,0.10–0.24 K,4.0,1.4116658797369164,1.5917689033965647,1.4116658797369164,1.5917689033965647,True,False,False,False,False,True,NONE,opponent-matchup-reduce-stress-v1-report-only
2026-08-13,822776,453286,Max Scherzer,TOR,BOS,0.2072404876246767,-1.6759512375323249,-1.50–2.49pp,2707.0,"2,000–2,999 PA",13.0,PROJECTED/ROSTER,70,70–79,4.1614090466907285,4.0–4.99 K,4.002706076813793,-0.1587029698769351,0.1587029698769351,0.10–0.24 K,4.0,0.0027060768137934,0.1614090466907285,0.0027060768137934,0.1614090466907285,True,False,False,False,False,True,NONE,opponent-matchup-reduce-stress-v1-report-only
2026-08-13,822696,592332,Kevin Gausman,CHC,WSH,0.2010723860589812,-2.292761394101878,-1.50–2.49pp,2238.0,"2,000–2,999 PA",12.0,PROJECTED/ROSTER,70,70–79,5.467952262828869,5.0–5.99 K,5.1805625411540674,-0.2873897216748018,0.2873897216748018,0.25–0.39 K,7.0,1.8194374588459328,1.5320477371711307,-1.8194374588459328,-1.5320477371711307,False,True,False,True,True,True,NONE,opponent-matchup-reduce-stress-v1-report-only
2026-08-13,822696,676917,Cade Cavalli,WSH,CHC,0.2161016949152542,-0.789830508474576,-0.25–0.99pp,3304.0,"3,000+ PA",13.0,PROJECTED/ROSTER,70,70–79,5.379962558931762,5.0–5.99 K,5.284261858257167,-0.0957007006745946,0.0957007006745946,<0.10 K,10.0,4.715738141742833,4.620037441068238,-4.715738141742833,-4.620037441068238,False,True,False,True,True,True,NONE,opponent-matchup-reduce-stress-v1-report-only
2026-08-13,823669,605400,Aaron Nola,PHI,MIN,0.2052142986500132,-1.878570134998672,-1.50–2.49pp,2266.0,"2,000–2,999 PA",9.0,CONFIRMED,79,70–79,5.285425259365067,5.0–5.99 K,5.058942410672682,-0.2264828486923855,0.2264828486923855,0.10–0.24 K,9.0,3.9410575893273183,3.7145747406349328,-3.9410575893273183,-3.7145747406349328,False,True,False,True,True,True,NONE,opponent-matchup-reduce-stress-v1-report-only
2026-08-13,823669,671737,Taj Bradley,MIN,PHI,0.1997362411884104,-2.42637588115896,-1.50–2.49pp,2958.0,"2,000–2,999 PA",9.0,CONFIRMED,78,70–79,5.847551188088904,5.0–5.99 K,5.521771862741471,-0.3257793253474323,0.3257793253474323,0.25–0.39 K,3.0,2.521771862741472,2.847551188088904,2.521771862741472,2.847551188088904,True,False,False,False,False,True,NONE,opponent-matchup-reduce-stress-v1-report-only
2026-08-13,823915,675660,Shane Drohan,MIL,LAD,0.2067927960976489,-1.7207203902351114,-1.50–2.49pp,901.0,"<1,000 PA",9.0,CONFIRMED,64,60–69,5.30273293995156,5.0–5.99 K,5.09499132605994,-0.2077416138916197,0.2077416138916197,0.10–0.24 K,5.0,0.0949913260599402,0.3027329399515599,0.0949913260599402,0.3027329399515599,True,False,False,False,False,True,NONE,opponent-matchup-reduce-stress-v1-report-only
2026-08-14,824643,605280,Clay Holmes,CHC,STL,0.1997288901159887,-2.4271109884011293,-1.50–2.49pp,2290.0,"2,000–2,999 PA",9.0,CONFIRMED,79,70–79,4.499661912756523,4.0–4.99 K,4.24889813214706,-0.2507637806094633,0.2507637806094633,0.25–0.39 K,3.0,1.24889813214706,1.4996619127565234,1.24889813214706,1.4996619127565234,True,False,False,False,False,True,NONE,opponent-matchup-reduce-stress-v1-report-only
2026-08-14,824479,695505,Chase Burns,CIN,MIA,0.2179597160509253,-0.6040283949074715,-0.25–0.99pp,2261.0,"2,000–2,999 PA",9.0,CONFIRMED,77,70–79,5.634943042080677,5.0–5.99 K,5.558449164509395,-0.0764938775712824,0.0764938775712824,<0.10 K,8.0,2.441550835490605,2.3650569579193226,-2.441550835490605,-2.3650569579193226,False,True,False,True,True,True,NONE,opponent-matchup-reduce-stress-v1-report-only
2026-08-14,823346,696149,Bubba Chandler,PIT,BOS,0.2020791912143869,-2.1920808785613035,-1.50–2.49pp,2126.0,"2,000–2,999 PA",9.0,CONFIRMED,77,70–79,4.772721784377381,4.0–4.99 K,4.53317940662322,-0.2395423777541605,0.2395423777541605,0.10–0.24 K,5.0,0.4668205933767799,0.2272782156226194,-0.4668205933767799,-0.2272782156226194,False,True,False,True,True,True,NONE,opponent-matchup-reduce-stress-v1-report-only
2026-08-14,823591,476594,Robert Stock,NYM,WSH,0.204674105282857,-1.9325894717142968,-1.50–2.49pp,2034.0,"2,000–2,999 PA",9.0,CONFIRMED,47,<60,4.551462856276256,4.0–4.99 K,4.350693049617538,-0.2007698066587178,0.2007698066587178,0.10–0.24 K,5.0,0.6493069503824618,0.448537143723744,-0.6493069503824618,-0.448537143723744,False,True,False,True,True,True,NONE,opponent-matchup-reduce-stress-v1-report-only
2026-08-14,824399,650633,Michael King,SDP,CLE,0.1915560361205985,-3.244396387940149,-2.50pp+,1992.0,"1,000–1,999 PA",9.0,CONFIRMED,79,70–79,5.143627133720286,5.0–5.99 K,4.756564500312371,-0.3870626334079148,0.3870626334079148,0.25–0.39 K,4.0,0.7565645003123711,1.143627133720286,0.7565645003123711,1.143627133720286,True,False,False,False,False,True,NONE,opponent-matchup-reduce-stress-v1-report-only
2026-08-14,824399,668909,Gavin Williams,CLE,SDP,0.2033023277838466,-2.0697672216153347,-1.50–2.49pp,2567.0,"2,000–2,999 PA",9.0,CONFIRMED,79,70–79,6.065921184774569,6.0+ K,5.778883370854544,-0.2870378139200253,0.2870378139200253,0.25–0.39 K,5.0,0.778883370854544,1.065921184774569,0.778883370854544,1.065921184774569,True,False,False,False,False,True,NONE,opponent-matchup-reduce-stress-v1-report-only
2026-08-14,824882,694297,Brandon Pfaadt,ARI,ATL,0.2161275537442103,-0.7872446255789672,-0.25–0.99pp,2357.0,"2,000–2,999 PA",9.0,CONFIRMED,79,70–79,4.78068299269797,4.0–4.99 K,4.695923424536369,-0.0847595681616004,0.0847595681616004,<0.10 K,7.0,2.3040765754636308,2.2193170073020303,-2.3040765754636308,-2.2193170073020303,False,True,False,True,True,True,NONE,opponent-matchup-reduce-stress-v1-report-only
2026-08-14,822777,543037,Gerrit Cole,NYY,TOR,0.1869173244256435,-3.708267557435649,-2.50pp+,2234.0,"2,000–2,999 PA",9.0,CONFIRMED,65,60–69,5.674663842615219,5.0–5.99 K,5.1837125225898735,-0.4909513200253457,0.4909513200253457,0.40+ K,5.0,0.1837125225898734,0.6746638426152192,0.1837125225898734,0.6746638426152192,True,False,False,False,False,True,NONE,opponent-matchup-reduce-stress-v1-report-only
2026-08-14,824159,669923,George Kirby,SEA,HOU,0.2133899480736955,-1.061005192630449,-1.00–1.49pp,2648.0,"2,000–2,999 PA",9.0,CONFIRMED,77,70–79,5.179385474519775,5.0–5.99 K,5.055233311872689,-0.1241521626470865,0.1241521626470865,0.10–0.24 K,2.0,3.055233311872689,3.1793854745197754,3.055233311872689,3.1793854745197754,True,False,False,False,False,True,NONE,opponent-matchup-reduce-stress-v1-report-only
2026-08-14,824159,663567,Peter Lambert,HOU,SEA,0.1969009292973188,-2.7099070702681165,-2.50pp+,2076.0,"2,000–2,999 PA",9.0,CONFIRMED,74,70–79,5.295514736292738,5.0–5.99 K,4.964871980644212,-0.3306427556485261,0.3306427556485261,0.25–0.39 K,6.0,1.0351280193557884,0.7044852637072623,-1.0351280193557884,-0.7044852637072623,False,True,False,True,True,True,NONE,opponent-matchup-reduce-stress-v1-report-only
2026-08-14,823993,680570,Grayson Rodriguez,LAA,KCR,0.2124778909785245,-1.152210902147549,-1.00–1.49pp,1930.0,"1,000–1,999 PA",9.0,CONFIRMED,62,60–69,4.618046613962233,4.0–4.99 K,4.497707170109626,-0.1203394438526066,0.1203394438526066,0.10–0.24 K,5.0,0.5022928298903739,0.3819533860377673,-0.5022928298903739,-0.3819533860377673,False,True,False,True,True,True,NONE,opponent-matchup-reduce-stress-v1-report-only
2026-08-14,824968,677958,Kumar Rocker,TEX,ATH,0.1944436252649416,-2.955637473505837,-2.50pp+,1987.0,"1,000–1,999 PA",9.0,CONFIRMED,74,70–79,4.7180580184366425,4.0–4.99 K,4.395781761680474,-0.3222762567561688,0.3222762567561688,0.25–0.39 K,3.0,1.3957817616804735,1.7180580184366423,1.3957817616804735,1.7180580184366423,True,False,False,False,False,True,NONE,opponent-matchup-reduce-stress-v1-report-only
2026-08-14,823913,688107,Robert Gasser,MIL,LAD,0.2141393421271099,-0.9860657872890088,-0.25–0.99pp,877.0,"<1,000 PA",9.0,CONFIRMED,64,60–69,4.854672986677297,4.0–4.99 K,4.7466171474424845,-0.1080558392348125,0.1080558392348125,0.10–0.24 K,7.0,2.2533828525575155,2.145327013322703,-2.2533828525575155,-2.145327013322703,False,True,False,True,True,True,NONE,opponent-matchup-reduce-stress-v1-report-only
2026-08-14,823185,694738,Landen Roupp,SFG,COL,0.2180213737473146,-0.597862625268536,-0.25–0.99pp,2019.0,"2,000–2,999 PA",9.0,CONFIRMED,78,70–79,5.260194254340972,5.0–5.99 K,5.18952142514298,-0.0706728291979912,0.0706728291979912,<0.10 K,5.0,0.1895214251429804,0.2601942543409716,0.1895214251429804,0.2601942543409716,True,False,False,False,False,True,NONE,opponent-matchup-reduce-stress-v1-report-only
2026-08-14,824882,519242,Chris Sale,ATL,ARI,0.1885692427237921,-3.543075727620784,-2.50pp+,870.0,"<1,000 PA",9.0,CONFIRMED,76,70–79,5.9786288485884524,5.0–5.99 K,5.485459497169694,-0.493169351418758,0.493169351418758,0.40+ K,9.0,3.5145405028303056,3.021371151411548,-3.5145405028303056,-3.021371151411548,False,True,False,True,True,True,NONE,opponent-matchup-reduce-stress-v1-report-only
2026-08-14,822942,605135,Chris Bassitt,BAL,TBR,0.1855550483960643,-3.844495160393571,-2.50pp+,2666.0,"2,000–2,999 PA",9.0,CONFIRMED,79,70–79,4.505624379489583,4.0–4.99 K,4.100788408450873,-0.4048359710387101,0.4048359710387101,0.40+ K,3.0,1.1007884084508728,1.505624379489583,1.1007884084508728,1.505624379489583,True,False,False,False,False,True,NONE,opponent-matchup-reduce-stress-v1-report-only
2026-08-15,824644,571510,Matthew Boyd,CHC,STL,0.2090410166478036,-1.4958983352196364,-1.00–1.49pp,913.0,"<1,000 PA",9.0,CONFIRMED,65,60–69,5.3503580696658535,5.0–5.99 K,5.168619874051423,-0.1817381956144306,0.1817381956144306,0.10–0.24 K,2.0,3.168619874051423,3.350358069665853,3.168619874051423,3.350358069665853,True,False,False,False,False,True,NONE,opponent-matchup-reduce-stress-v1-report-only
2026-08-15,822775,693645,Cam Schlittler,NYY,TOR,0.2108347091533088,-1.3165290846691131,-1.00–1.49pp,1613.0,"1,000–1,999 PA",9.0,CONFIRMED,79,70–79,5.942591638966059,5.0–5.99 K,5.76531356803126,-0.1772780709347987,0.1772780709347987,0.10–0.24 K,7.0,1.2346864319687398,1.057408361033941,-1.2346864319687398,-1.057408361033941,False,True,False,True,True,True,NONE,opponent-matchup-reduce-stress-v1-report-only
2026-08-15,823184,547179,Michael Lorenzen,COL,SFG,0.2098914732777949,-1.410852672220511,-1.00–1.49pp,1316.0,"1,000–1,999 PA",9.0,CONFIRMED,79,70–79,4.311234429448462,4.0–4.99 K,4.173256011909386,-0.1379784175390765,0.1379784175390765,0.10–0.24 K,1.0,3.1732560119093858,3.3112344294484624,3.1732560119093858,3.3112344294484624,True,False,False,False,False,True,NONE,opponent-matchup-reduce-stress-v1-report-only
2026-08-15,822941,680694,Kyle Bradish,BAL,TBR,0.1827332505756878,-4.1266749424312135,-2.50pp+,2697.0,"2,000–2,999 PA",9.0,CONFIRMED,78,70–79,5.015298534137301,5.0–5.99 K,4.529826520715504,-0.4854720134217967,0.4854720134217967,0.40+ K,3.0,1.5298265207155044,2.015298534137301,1.5298265207155044,2.015298534137301,True,False,False,False,False,True,NONE,opponent-matchup-reduce-stress-v1-report-only
2026-08-15,824400,676282,Joey Cantillo,CLE,SDP,0.2098756017429482,-1.4124398257051722,-1.00–1.49pp,748.0,"<1,000 PA",9.0,CONFIRMED,79,70–79,4.544945009625689,4.0–4.99 K,4.399320485164076,-0.1456245244616125,0.1456245244616125,0.10–0.24 K,7.0,2.600679514835924,2.455054990374311,-2.600679514835924,-2.455054990374311,False,True,False,True,True,True,NONE,opponent-matchup-reduce-stress-v1-report-only
2026-08-15,824157,676106,Emerson Hancock,SEA,HOU,0.212877798887287,-1.112220111271292,-1.00–1.49pp,2687.0,"2,000–2,999 PA",9.0,CONFIRMED,77,70–79,5.198521319026553,5.0–5.99 K,5.06781795311276,-0.130703365913793,0.130703365913793,0.10–0.24 K,8.0,2.93218204688724,2.801478680973447,-2.93218204688724,-2.801478680973447,False,True,False,True,True,True,NONE,opponent-matchup-reduce-stress-v1-report-only
2026-08-15,824157,669713,Hayden Wesneski,HOU,SEA,0.1968465309634882,-2.7153469036511724,-2.50pp+,2108.0,"2,000–2,999 PA",9.0,CONFIRMED,58,<60,4.9492907663211,4.0–4.99 K,4.639624601441137,-0.309666164879963,0.309666164879963,0.25–0.39 K,6.0,1.3603753985588627,1.0507092336788997,-1.3603753985588627,-1.0507092336788997,False,True,False,True,True,True,NONE,opponent-matchup-reduce-stress-v1-report-only
2026-08-15,823671,666200,Jesús Luzardo,PHI,MIN,0.2040438615745381,-1.99561384254619,-1.50–2.49pp,983.0,"<1,000 PA",9.0,CONFIRMED,79,70–79,6.440266277479743,6.0+ K,6.146693838277013,-0.2935724392027294,0.2935724392027294,0.25–0.39 K,9.0,2.853306161722987,2.559733722520257,-2.853306161722987,-2.559733722520257,False,True,False,True,True,True,NONE,opponent-matchup-reduce-stress-v1-report-only
2026-08-15,823671,687570,Connor Prielipp,MIN,PHI,0.2104380582861554,-1.3561941713844532,-1.00–1.49pp,1229.0,"1,000–1,999 PA",9.0,CONFIRMED,68,60–69,5.173553573471418,5.0–5.99 K,5.01449363583585,-0.1590599376355683,0.1590599376355683,0.10–0.24 K,6.0,0.9855063641641504,0.826446426528582,-0.9855063641641504,-0.826446426528582,False,True,False,True,True,True,NONE,opponent-matchup-reduce-stress-v1-report-only
2026-08-15,823347,683003,Jared Jones,PIT,BOS,0.2005680070777108,-2.343199292228912,-1.50–2.49pp,2456.0,"2,000–2,999 PA",9.0,CONFIRMED,64,60–69,4.617715636224875,4.0–4.99 K,4.369522756824493,-0.2481928794003822,0.2481928794003822,0.10–0.24 K,7.0,2.6304772431755072,2.382284363775125,-2.6304772431755072,-2.382284363775125,False,True,False,True,True,True,NONE,opponent-matchup-reduce-stress-v1-report-only
2026-08-15,824884,593958,Eduardo Rodriguez,ARI,ATL,0.21033908937078,-1.366091062921998,-1.00–1.49pp,1354.0,"1,000–1,999 PA",9.0,CONFIRMED,79,70–79,5.163503155241406,5.0–5.99 K,5.003575211179797,-0.159927944061609,0.159927944061609,0.10–0.24 K,5.0,0.0035752111797968,0.1635031552414059,0.0035752111797968,0.1635031552414059,True,False,False,False,False,True,NONE,opponent-matchup-reduce-stress-v1-report-only
2026-08-15,824884,656550,Grant Holmes,ATL,ARI,0.2023003064537036,-2.169969354629639,-1.50–2.49pp,2183.0,"2,000–2,999 PA",9.0,CONFIRMED,77,70–79,4.429009354976081,4.0–4.99 K,4.209018734059028,-0.219990620917053,0.219990620917053,0.10–0.24 K,3.0,1.2090187340590282,1.4290093549760812,1.2090187340590282,1.4290093549760812,True,False,False,False,False,True,NONE,opponent-matchup-reduce-stress-v1-report-only
2026-08-15,823914,694819,Jacob Misiorowski,MIL,LAD,0.2130220350706561,-1.0977964929343913,-1.00–1.49pp,2210.0,"2,000–2,999 PA",9.0,CONFIRMED,77,70–79,6.499030525048736,6.0+ K,6.337775222291999,-0.1612553027567367,0.1612553027567367,0.10–0.24 K,6.0,0.3377752222919987,0.4990305250487354,0.3377752222919987,0.4990305250487354,True,False,False,False,False,True,NONE,opponent-matchup-reduce-stress-v1-report-only
2026-08-15,823914,680736,Justin Wrobleski,LAD,MIL,0.2154922601120775,-0.85077398879225,-0.25–0.99pp,736.0,"<1,000 PA",9.0,CONFIRMED,72,70–79,5.139131645889583,5.0–5.99 K,5.040592301170672,-0.0985393447189109,0.0985393447189109,<0.10 K,6.0,0.9594076988293284,0.8608683541104174,-0.9594076988293284,-0.8608683541104174,False,True,False,True,True,True,NONE,opponent-matchup-reduce-stress-v1-report-only
2026-08-15,823990,672282,Reid Detmers,LAA,KCR,0.2119918859407736,-1.2008114059226416,-1.00–1.49pp,909.0,"<1,000 PA",9.0,CONFIRMED,79,70–79,5.452709325730244,5.0–5.99 K,5.304542788020525,-0.1481665377097192,0.1481665377097192,0.10–0.24 K,11.0,5.695457211979475,5.547290674269756,-5.695457211979475,-5.547290674269756,False,True,False,True,True,True,NONE,opponent-matchup-reduce-stress-v1-report-only
2026-08-15,824400,593974,Wandy Peralta,SDP,CLE,0.2084358827158857,-1.556411728411422,-1.50–2.49pp,761.0,"<1,000 PA",9.0,CONFIRMED,52,<60,3.038472428555756,<4.0 K,2.931011575603759,-0.1074608529519967,0.1074608529519967,0.10–0.24 K,1.0,1.9310115756037591,2.038472428555756,1.9310115756037591,2.038472428555756,True,False,False,False,False,True,NONE,opponent-matchup-reduce-stress-v1-report-only
2026-08-16,822940,669432,Trevor Rogers,BAL,TBR,0.1995954899794461,-2.440451002055391,-1.50–2.49pp,1114.0,"1,000–1,999 PA",9.0,CONFIRMED,77,70–79,4.93010082248637,4.0–4.99 K,4.653793981338421,-0.2763068411479494,0.2763068411479494,0.25–0.39 K,6.0,1.3462060186615794,1.06989917751363,-1.3462060186615794,-1.06989917751363,False,True,False,True,True,True,NONE,opponent-matchup-reduce-stress-v1-report-only
2026-08-16,823344,669199,Lake Bachar,PIT,BOS,0.2084472643287349,-1.5552735671265028,-1.50–2.49pp,2123.0,"2,000–2,999 PA",9.0,CONFIRMED,52,<60,3.1659059253508577,<4.0 K,3.0540215443291974,-0.1118843810216603,0.1118843810216603,0.10–0.24 K,4.0,0.9459784556708026,0.8340940746491423,-0.9459784556708026,-0.8340940746491423,False,True,False,True,True,True,NONE,opponent-matchup-reduce-stress-v1-report-only
2026-08-16,824880,647336,Michael Soroka,ARI,ATL,0.2189442057067619,-0.5055794293238103,-0.25–0.99pp,2326.0,"2,000–2,999 PA",9.0,CONFIRMED,68,60–69,4.691552531695018,4.0–4.99 K,4.638304993677666,-0.0532475380173522,0.0532475380173522,<0.10 K,5.0,0.3616950063223338,0.3084474683049816,-0.3616950063223338,-0.3084474683049816,False,True,False,True,True,True,NONE,opponent-matchup-reduce-stress-v1-report-only
2026-08-16,824880,693821,Bryce Elder,ATL,ARI,0.2090183353450496,-1.4981664654950406,-1.00–1.49pp,2171.0,"2,000–2,999 PA",9.0,CONFIRMED,78,70–79,5.182513104660919,5.0–5.99 K,5.006204567084418,-0.1763085375765012,0.1763085375765012,0.10–0.24 K,5.0,0.0062045670844179,0.1825131046609192,0.0062045670844179,0.1825131046609192,True,False,False,False,False,True,NONE,opponent-matchup-reduce-stress-v1-report-only
2026-08-16,822774,677960,Ryan Weathers,NYY,TOR,0.2093507740698497,-1.4649225930150278,-1.00–1.49pp,738.0,"<1,000 PA",9.0,CONFIRMED,78,70–79,5.377985776876242,5.0–5.99 K,5.199156922758577,-0.1788288541176648,0.1788288541176648,0.10–0.24 K,4.0,1.1991569227585774,1.3779857768762422,1.1991569227585774,1.3779857768762422,True,False,False,False,False,True,NONE,opponent-matchup-reduce-stress-v1-report-only
2026-08-16,823590,663623,Jake Irvin,WSH,NYM,0.2207675214072664,-0.3232478592733595,-0.25–0.99pp,2105.0,"2,000–2,999 PA",9.0,CONFIRMED,65,60–69,4.446584824782525,4.0–4.99 K,4.414384550836889,-0.0322002739456355,0.0322002739456355,<0.10 K,6.0,1.585615449163111,1.5534151752174754,-1.585615449163111,-1.5534151752174754,False,True,False,True,True,True,NONE,opponent-matchup-reduce-stress-v1-report-only
2026-08-16,823590,681035,Christian Scott,NYM,WSH,0.2043659138245001,-1.9634086175499887,-1.50–2.49pp,1788.0,"1,000–1,999 PA",9.0,CONFIRMED,70,70–79,5.122257037270326,5.0–5.99 K,4.8926211615611,-0.229635875709226,0.229635875709226,0.10–0.24 K,7.0,2.1073788384389003,1.8777429627296744,-2.1073788384389003,-1.8777429627296744,False,True,False,True,True,True,NONE,opponent-matchup-reduce-stress-v1-report-only
2026-08-16,824397,663554,Casey Mize,SDP,CLE,0.1959851390573764,-2.8014860942623567,-2.50pp+,2420.0,"2,000–2,999 PA",9.0,CONFIRMED,71,70–79,4.946504974571927,4.0–4.99 K,4.626856302479892,-0.3196486720920353,0.3196486720920353,0.25–0.39 K,3.0,1.626856302479892,1.9465049745719272,1.626856302479892,1.9465049745719272,True,False,False,False,False,True,NONE,opponent-matchup-reduce-stress-v1-report-only
2026-08-16,824397,676440,Tanner Bibee,CLE,SDP,0.2038183401030391,-2.018165989696091,-1.50–2.49pp,2645.0,"2,000–2,999 PA",9.0,CONFIRMED,79,70–79,5.13772918274559,5.0–5.99 K,4.900820874019503,-0.236908308726087,0.236908308726087,0.10–0.24 K,3.0,1.9008208740195036,2.1377291827455904,1.9008208740195036,2.1377291827455904,True,False,False,False,False,True,NONE,opponent-matchup-reduce-stress-v1-report-only
2026-08-16,824236,680732,Sean Burke,CHW,DET,0.208863101822336,-1.5136898177664004,-1.50–2.49pp,2002.0,"2,000–2,999 PA",9.0,CONFIRMED,74,70–79,5.564073124604059,5.0–5.99 K,5.372787716023881,-0.1912854085801782,0.1912854085801782,0.10–0.24 K,2.0,3.372787716023881,3.564073124604059,3.372787716023881,3.564073124604059,True,False,False,False,False,True,NONE,opponent-matchup-reduce-stress-v1-report-only
2026-08-16,824477,666157,Nick Lodolo,CIN,MIA,0.2148718983466158,-0.9128101653384124,-0.25–0.99pp,765.0,"<1,000 PA",9.0,CONFIRMED,64,60–69,4.59532698566719,4.0–4.99 K,4.500722335947863,-0.0946046497193267,0.0946046497193267,<0.10 K,2.0,2.500722335947863,2.5953269856671897,2.500722335947863,2.5953269856671897,True,False,False,False,False,True,NONE,opponent-matchup-reduce-stress-v1-report-only
2026-08-16,823670,691725,Andrew Painter,PHI,MIN,0.2061045326692066,-1.7895467330793364,-1.50–2.49pp,2373.0,"2,000–2,999 PA",9.0,CONFIRMED,66,60–69,4.3385679541162885,4.0–4.99 K,4.161655880868947,-0.1769120732473412,0.1769120732473412,0.10–0.24 K,2.0,2.161655880868947,2.3385679541162885,2.161655880868947,2.3385679541162885,True,False,False,False,False,True,NONE,opponent-matchup-reduce-stress-v1-report-only
2026-08-16,823670,665152,Dean Kremer,MIN,PHI,0.1965870563500268,-2.741294364997318,-2.50pp+,2734.0,"2,000–2,999 PA",9.0,CONFIRMED,79,70–79,4.731610031538183,4.0–4.99 K,4.432639319822826,-0.2989707117153566,0.2989707117153566,0.25–0.39 K,6.0,1.567360680177174,1.2683899684618174,-1.567360680177174,-1.2683899684618174,False,True,False,True,True,True,NONE,opponent-matchup-reduce-stress-v1-report-only
2026-08-16,824642,665795,Edward Cabrera,CHC,STL,0.2090532564578737,-1.4946743542126302,-1.00–1.49pp,2269.0,"2,000–2,999 PA",9.0,CONFIRMED,65,60–69,4.725546167042211,4.0–4.99 K,4.565164903313475,-0.1603812637287358,0.1603812637287358,0.10–0.24 K,2.0,2.565164903313475,2.7255461670422108,2.565164903313475,2.7255461670422108,True,False,False,False,False,True,NONE,opponent-matchup-reduce-stress-v1-report-only
2026-08-16,823182,687312,Gabriel Hughes,COL,SFG,0.2079758689626684,-1.6024131037331606,-1.50–2.49pp,1350.0,"1,000–1,999 PA",9.0,CONFIRMED,53,<60,5.008399089369724,5.0–5.99 K,4.825934159552915,-0.1824649298168088,0.1824649298168088,0.10–0.24 K,2.0,2.825934159552915,3.008399089369724,2.825934159552915,3.008399089369724,True,False,False,False,False,True,NONE,opponent-matchup-reduce-stress-v1-report-only
2026-08-16,823182,694918,Blade Tidwell,SFG,COL,0.219183959430592,-0.4816040569407986,-0.25–0.99pp,1460.0,"1,000–1,999 PA",9.0,CONFIRMED,50,<60,4.604855902574358,4.0–4.99 K,4.555084306412306,-0.0497715961620519,0.0497715961620519,<0.10 K,1.0,3.555084306412306,3.604855902574358,3.555084306412306,3.604855902574358,True,False,False,False,False,True,NONE,opponent-matchup-reduce-stress-v1-report-only
2026-08-16,823991,696270,Ryan Johnson,LAA,KCR,0.2171398100632892,-0.6860189936710809,-0.25–0.99pp,2238.0,"2,000–2,999 PA",9.0,CONFIRMED,60,60–69,4.183993420610594,4.0–4.99 K,4.119426045711611,-0.0645673748989832,0.0645673748989832,<0.10 K,4.0,0.1194260457116112,0.1839934206105944,0.1194260457116112,0.1839934206105944,True,False,False,False,False,True,NONE,opponent-matchup-reduce-stress-v1-report-only
2026-08-16,823912,701656,Logan Henderson,MIL,LAD,0.2107077345712413,-1.3292265428758636,-1.00–1.49pp,2326.0,"2,000–2,999 PA",9.0,CONFIRMED,68,60–69,5.327058887923776,5.0–5.99 K,5.166586769096899,-0.1604721188268776,0.1604721188268776,0.10–0.24 K,6.0,0.8334132309031013,0.6729411120762236,-0.8334132309031013,-0.6729411120762236,False,True,False,True,True,True,NONE,opponent-matchup-reduce-stress-v1-report-only
2026-08-16,823912,669373,Tarik Skubal,LAD,MIL,0.2170212938349161,-0.6978706165083864,-0.25–0.99pp,706.0,"<1,000 PA",9.0,CONFIRMED,71,70–79,5.918579437937701,5.0–5.99 K,5.825653446777954,-0.0929259911597464,0.0929259911597464,<0.10 K,7.0,1.1743465532220458,1.0814205620622994,-1.1743465532220458,-1.0814205620622994,False,True,False,True,True,True,NONE,opponent-matchup-reduce-stress-v1-report-only
2026-08-16,824156,693433,Bryan Woo,SEA,HOU,0.1958200694342229,-2.817993056577711,-2.50pp+,2391.0,"2,000–2,999 PA",9.0,CONFIRMED,78,70–79,5.36561061777551,5.0–5.99 K,5.01676483607724,-0.3488457816982704,0.3488457816982704,0.25–0.39 K,5.0,0.0167648360772396,0.36561061777551,0.0167648360772396,0.36561061777551,True,False,False,False,False,True,NONE,opponent-matchup-reduce-stress-v1-report-only
2026-08-16,824156,686613,Hunter Brown,HOU,SEA,0.2074584306509969,-1.6541569349003082,-1.50–2.49pp,2096.0,"2,000–2,999 PA",9.0,CONFIRMED,62,60–69,5.271177457653382,5.0–5.99 K,5.072816727384349,-0.1983607302690329,0.1983607302690329,0.10–0.24 K,5.0,0.0728167273843487,0.2711774576533816,0.0728167273843487,0.2711774576533816,True,False,False,False,False,True,NONE,opponent-matchup-reduce-stress-v1-report-only
2026-08-17,824478,695076,Rhett Lowder,CIN,STL,0.2070566430664578,-1.6943356933542124,-1.50–2.49pp,2298.0,"2,000–2,999 PA",9.0,CONFIRMED,71,70–79,4.699494264220349,4.0–4.99 K,4.518264999827,-0.181229264393349,0.181229264393349,0.10–0.24 K,5.0,0.4817350001729998,0.3005057357796508,-0.4817350001729998,-0.3005057357796508,False,True,False,True,True,True,NONE,opponent-matchup-reduce-stress-v1-report-only
2026-08-17,822939,687064,Brandon Young,BAL,TBR,0.1817085615990853,-4.229143840091468,-2.50pp+,2531.0,"2,000–2,999 PA",9.0,CONFIRMED,74,70–79,5.234276831700643,5.0–5.99 K,4.714334282367846,-0.5199425493327974,0.5199425493327974,0.40+ K,3.0,1.7143342823678456,2.234276831700643,1.7143342823678456,2.234276831700643,True,False,False,False,False,True,NONE,opponent-matchup-reduce-stress-v1-report-only
2026-08-17,823427,676083,Janson Junk,MIA,PHI,0.1991762284347021,-2.482377156529783,-1.50–2.49pp,3029.0,"3,000+ PA",9.0,CONFIRMED,70,70–79,4.234935559692437,4.0–4.99 K,3.993388375197344,-0.2415471844950936,0.2415471844950936,0.10–0.24 K,2.0,1.993388375197344,2.2349355596924374,1.993388375197344,2.2349355596924374,True,False,False,False,False,True,NONE,opponent-matchup-reduce-stress-v1-report-only
2026-08-17,823427,650911,Cristopher Sánchez,PHI,MIA,0.2122279498272504,-1.17720501727496,-1.00–1.49pp,710.0,"<1,000 PA",9.0,CONFIRMED,79,70–79,6.12652245629318,6.0+ K,5.963363872142812,-0.1631585841503673,0.1631585841503673,0.10–0.24 K,6.0,0.0366361278571876,0.1265224562931797,-0.0366361278571876,0.1265224562931797,True,False,False,True,False,True,NONE,opponent-matchup-reduce-stress-v1-report-only
2026-08-17,823343,669387,Carmen Mlodzinski,PIT,DET,0.2014389174606358,-2.256108253936417,-1.50–2.49pp,1790.0,"1,000–1,999 PA",9.0,CONFIRMED,78,70–79,3.7827287570711,<4.0 K,3.587177619214837,-0.1955511378562633,0.1955511378562633,0.10–0.24 K,3.0,0.5871776192148368,0.7827287570711001,0.5871776192148368,0.7827287570711001,True,False,False,False,False,True,NONE,opponent-matchup-reduce-stress-v1-report-only
2026-08-17,824725,683352,Mitch Bratt,ARI,BOS,0.2098643886745273,-1.4135611325472697,-1.00–1.49pp,882.0,"<1,000 PA",9.0,CONFIRMED,54,<60,4.363716037834303,4.0–4.99 K,4.223785431458687,-0.139930606375616,0.139930606375616,0.10–0.24 K,0.0,4.223785431458687,4.363716037834303,4.223785431458687,4.363716037834303,True,False,False,False,False,True,NONE,opponent-matchup-reduce-stress-v1-report-only
2026-08-17,823589,690997,Nolan McLean,NYM,SDP,0.2028157710358377,-2.118422896416222,-1.50–2.49pp,2642.0,"2,000–2,999 PA",9.0,CONFIRMED,79,70–79,5.891138775717602,5.0–5.99 K,5.60565164504754,-0.2854871306700621,0.2854871306700621,0.25–0.39 K,3.0,2.60565164504754,2.891138775717602,2.60565164504754,2.891138775717602,True,False,False,False,False,True,NONE,opponent-matchup-reduce-stress-v1-report-only
2026-08-17,824077,686930,Mason Barnett,ATH,KCR,0.2091577176630981,-1.4842282336901824,-1.00–1.49pp,2526.0,"2,000–2,999 PA",9.0,CONFIRMED,56,<60,4.3620985387406455,4.0–4.99 K,4.215105119532577,-0.1469934192080684,0.1469934192080684,0.10–0.24 K,2.0,2.215105119532577,2.362098538740645,2.215105119532577,2.362098538740645,True,False,False,False,False,True,NONE,opponent-matchup-reduce-stress-v1-report-only
2026-08-17,824077,608379,Michael Wacha,KCR,ATH,0.1953720233538478,-2.8627976646152216,-2.50pp+,1631.0,"1,000–1,999 PA",9.0,CONFIRMED,79,70–79,5.34154642166298,5.0–5.99 K,4.988548340582685,-0.3529980810802948,0.3529980810802948,0.25–0.39 K,3.0,1.9885483405826851,2.34154642166298,1.9885483405826851,2.34154642166298,True,False,False,False,False,True,NONE,opponent-matchup-reduce-stress-v1-report-only
2026-08-17,823668,527048,Martín Pérez,ATL,MIN,0.2173401654600034,-0.6659834539996551,-0.25–0.99pp,875.0,"<1,000 PA",9.0,CONFIRMED,72,70–79,4.058713075999724,4.0–4.99 K,3.997922197560462,-0.0607908784392616,0.0607908784392616,<0.10 K,3.0,0.9979221975604622,1.058713075999724,0.9979221975604622,1.058713075999724,True,False,False,False,False,True,NONE,opponent-matchup-reduce-stress-v1-report-only
2026-08-17,823668,641927,Bailey Ober,MIN,ATL,0.216533430104879,-0.7466569895120956,-0.25–0.99pp,2414.0,"2,000–2,999 PA",9.0,CONFIRMED,71,70–79,4.630520831278347,4.0–4.99 K,4.552692426074534,-0.0778284052038129,0.0778284052038129,<0.10 K,4.0,0.5526924260745343,0.6305208312783472,0.5526924260745343,0.6305208312783472,True,False,False,False,False,True,NONE,opponent-matchup-reduce-stress-v1-report-only
2026-08-17,824320,608372,Tomoyuki Sugano,COL,LAD,0.2123013665930164,-1.1698633406983572,-1.00–1.49pp,2498.0,"2,000–2,999 PA",9.0,CONFIRMED,76,70–79,4.047023695170114,4.0–4.99 K,3.9399266163000446,-0.1070970788700691,0.1070970788700691,0.10–0.24 K,3.0,0.9399266163000446,1.0470236951701135,0.9399266163000446,1.0470236951701135,True,False,False,False,False,True,NONE,opponent-matchup-reduce-stress-v1-report-only
2026-08-18,823341,677952,Braxton Ashcraft,PIT,DET,0.2055205269087232,-1.8479473091276817,-1.50–2.49pp,1753.0,"1,000–1,999 PA",9.0,CONFIRMED,79,70–79,5.581993654386925,5.0–5.99 K,5.346787593098446,-0.2352060612884789,0.2352060612884789,0.10–0.24 K,4.0,1.346787593098446,1.5819936543869249,1.346787593098446,1.5819936543869249,True,False,False,False,False,True,NONE,opponent-matchup-reduce-stress-v1-report-only
