Game_Date,Pitcher,team,opponent,Target_Label,Projection,Actual_K,Projection_Headroom,Actual_Margin,Ladder_Win,Crusher_Event,Mega_Crusher_Event,Raw_Path_Target_Probability,Confidence,Data_Quality,Data_Quality_Bucket,Headroom_Bucket,Opponent_K_Bucket,Lineup_State,Weather_Risk,Leash_Label,Starter_Role,Production_Authority,Report_Only,Crusher_Version
2026-08-12,Shane Baz,BAL,MIN,5+,5.076665598251974,2.0,0.07666559825197439,-3.0,False,False,False,0.5819433961528153,HIGH,78,75-89,0.00-0.24,LOW_K_<22,CONFIRMED,UNKNOWN,NORMAL,UNKNOWN,NONE,True,projection-crusher-v2-report-only
2026-08-12,Zebby Matthews,MIN,BAL,5+,5.292388596361408,4.0,0.2923885963614081,-1.0,False,False,False,0.6196122779817503,HIGH,66,50-74,0.25-0.49,MID_K_22-24.9,CONFIRMED,UNKNOWN,NORMAL,UNKNOWN,NONE,True,projection-crusher-v2-report-only
2026-08-12,Zack Wheeler,PHI,STL,5+,5.113708402473249,5.0,0.11370840247324931,0.0,True,False,False,0.563426552189235,HIGH,72,50-74,0.00-0.24,LOW_K_<22,CONFIRMED,UNKNOWN,NORMAL,UNKNOWN,NONE,True,projection-crusher-v2-report-only
2026-08-12,Kyle Leahy,STL,PHI,4+,4.434771817643135,6.0,0.434771817643135,2.0,True,True,False,0.6391974692760674,HIGH,77,75-89,0.25-0.49,LOW_K_<22,CONFIRMED,UNKNOWN,NORMAL,UNKNOWN,NONE,True,projection-crusher-v2-report-only
2026-08-12,Drew Rasmussen,TBR,ATH,5+,5.378819291726495,3.0,0.3788192917264954,-2.0,False,False,False,0.6083779529482816,HIGH,77,75-89,0.25-0.49,LOW_K_<22,CONFIRMED,UNKNOWN,NORMAL,UNKNOWN,NONE,True,projection-crusher-v2-report-only
2026-08-12,Ryan Feltner,COL,ARI,4+,4.26334716437203,2.0,0.2633471643720302,-2.0,False,False,False,0.6131744912036347,HIGH,70,50-74,0.25-0.49,LOW_K_<22,CONFIRMED,UNKNOWN,TIGHT,UNKNOWN,NONE,True,projection-crusher-v2-report-only
2026-08-12,Merrill Kelly,ARI,COL,4+,4.583344702255669,2.0,0.583344702255669,-2.0,False,False,False,0.6809609230604788,HIGH,76,75-89,0.50-0.74,MID_K_22-24.9,CONFIRMED,UNKNOWN,NORMAL,UNKNOWN,NONE,True,projection-crusher-v2-report-only
2026-08-12,Dustin May,MIL,SDP,4+,4.859837383413874,6.0,0.8598373834138737,2.0,True,True,False,0.702496442328423,HIGH,77,75-89,0.75-0.99,LOW_K_<22,CONFIRMED,UNKNOWN,NORMAL,UNKNOWN,NONE,True,projection-crusher-v2-report-only
2026-08-12,Robbie Ray,SDP,MIL,5+,5.052324860965883,4.0,0.05232486096588307,-1.0,False,False,False,0.5750979807137603,HIGH,77,75-89,0.00-0.24,LOW_K_<22,CONFIRMED,UNKNOWN,NORMAL,UNKNOWN,NONE,True,projection-crusher-v2-report-only
2026-08-12,Foster Griffin,CLE,DET,5+,5.372364059781617,3.0,0.37236405978161713,-2.0,False,False,False,0.6223546834230687,HIGH,78,75-89,0.25-0.49,MID_K_22-24.9,CONFIRMED,UNKNOWN,NORMAL,UNKNOWN,NONE,True,projection-crusher-v2-report-only
2026-08-12,Framber Valdez,DET,CLE,4+,4.726033431720969,3.0,0.7260334317209693,-1.0,False,False,False,0.6885893560819438,HIGH,78,75-89,0.50-0.74,LOW_K_<22,CONFIRMED,UNKNOWN,NORMAL,UNKNOWN,NONE,True,projection-crusher-v2-report-only
2026-08-12,Carmen Mlodzinski,PIT,MIA,4+,4.0459259725286,1.0,0.04592597252860031,-3.0,False,False,False,0.5560886761268533,HIGH,77,75-89,0.00-0.24,MID_K_22-24.9,CONFIRMED,UNKNOWN,TIGHT,UNKNOWN,NONE,True,projection-crusher-v2-report-only
2026-08-12,Janson Junk,MIA,PIT,4+,4.180725412905703,2.0,0.1807254129057032,-2.0,False,False,False,0.6045156892571746,HIGH,68,50-74,0.00-0.24,LOW_K_<22,CONFIRMED,UNKNOWN,TIGHT,UNKNOWN,NONE,True,projection-crusher-v2-report-only
2026-08-12,David Peterson,CHC,WSH,4+,4.793542729116886,6.0,0.7935427291168864,2.0,True,True,False,0.7160261690770915,HIGH,66,50-74,0.75-0.99,MID_K_22-24.9,CONFIRMED,UNKNOWN,NORMAL,UNKNOWN,NONE,True,projection-crusher-v2-report-only
2026-08-12,Bryce Miller,SEA,NYY,5+,5.483300285566592,5.0,0.48330028556659244,0.0,True,False,False,0.6183372284393098,HIGH,64,50-74,0.25-0.49,MID_K_22-24.9,CONFIRMED,UNKNOWN,NORMAL,UNKNOWN,NONE,True,projection-crusher-v2-report-only
2026-08-12,Will Warren,NYY,SEA,4+,4.830626519208324,3.0,0.830626519208324,-1.0,False,False,False,0.69494595344522,HIGH,77,75-89,0.75-0.99,LOW_K_<22,CONFIRMED,UNKNOWN,NORMAL,UNKNOWN,NONE,True,projection-crusher-v2-report-only
2026-08-12,Ranger Suarez,BOS,TOR,4+,4.477654017973988,2.0,0.4776540179739879,-2.0,False,False,False,0.6330036996323811,HIGH,74,50-74,0.25-0.49,LOW_K_<22,CONFIRMED,UNKNOWN,TIGHT,UNKNOWN,NONE,True,projection-crusher-v2-report-only
2026-08-12,José Soriano,TOR,BOS,4+,4.925171926160614,4.0,0.9251719261606137,0.0,True,False,False,0.7211944765938026,HIGH,78,75-89,0.75-0.99,LOW_K_<22,CONFIRMED,UNKNOWN,NORMAL,UNKNOWN,NONE,True,projection-crusher-v2-report-only
2026-08-12,Zac Thornton,NYM,ATL,4+,4.434887433347578,2.0,0.43488743334757807,-2.0,False,False,False,0.6571211743708258,MEDIUM,54,50-74,0.25-0.49,LOW_K_<22,CONFIRMED,UNKNOWN,TIGHT,UNKNOWN,NONE,True,projection-crusher-v2-report-only
2026-08-12,Tyler Mahle,ATL,NYM,5+,5.086881035303266,7.0,0.08688103530326607,2.0,True,True,False,0.5805835432094619,HIGH,72,50-74,0.00-0.24,MID_K_22-24.9,CONFIRMED,UNKNOWN,NORMAL,UNKNOWN,NONE,True,projection-crusher-v2-report-only
2026-08-12,Rhett Lowder,CIN,CHW,4+,4.845516739681388,4.0,0.8455167396813881,0.0,True,False,False,0.7146911893864759,HIGH,70,50-74,0.75-0.99,MID_K_22-24.9,CONFIRMED,UNKNOWN,NORMAL,UNKNOWN,NONE,True,projection-crusher-v2-report-only
2026-08-12,Luis Castillo,CHW,CIN,5+,5.077414760392842,10.0,0.07741476039284212,5.0,True,True,True,0.5781477995191002,HIGH,71,50-74,0.00-0.24,MID_K_22-24.9,CONFIRMED,UNKNOWN,NORMAL,UNKNOWN,NONE,True,projection-crusher-v2-report-only
2026-08-12,Daniel Lynch IV,KCR,LAD,3+,3.0354843043145308,3.0,0.03548430431453076,0.0,True,False,False,0.585581149144816,MEDIUM,48,<50,0.00-0.24,LOW_K_<22,CONFIRMED,UNKNOWN,TIGHT,UNKNOWN,NONE,True,projection-crusher-v2-report-only
2026-08-12,Eric Lauer,LAD,KCR,4+,4.161318077633911,6.0,0.16131807763391137,2.0,True,True,False,0.5905227218524004,HIGH,66,50-74,0.00-0.24,LOW_K_<22,CONFIRMED,UNKNOWN,NORMAL,UNKNOWN,NONE,True,projection-crusher-v2-report-only
2026-08-12,Cal Quantrill,TEX,LAA,4+,4.138202343473262,6.0,0.138202343473262,2.0,True,True,False,0.5966460225586075,HIGH,79,75-89,0.00-0.24,MID_K_22-24.9,CONFIRMED,UNKNOWN,TIGHT,UNKNOWN,NONE,True,projection-crusher-v2-report-only
2026-08-12,George Klassen,LAA,TEX,3+,3.858255496642796,5.0,0.858255496642796,2.0,True,True,False,0.7510696755503042,MEDIUM,48,<50,0.75-0.99,MID_K_22-24.9,CONFIRMED,UNKNOWN,TIGHT,UNKNOWN,NONE,True,projection-crusher-v2-report-only
2026-08-12,Jack Perkins,ATH,TBR,4+,4.615237274528287,2.0,0.6152372745282868,-2.0,False,False,False,0.6874455108675821,HIGH,65,50-74,0.50-0.74,LOW_K_<22,CONFIRMED,UNKNOWN,TIGHT,UNKNOWN,NONE,True,projection-crusher-v2-report-only
2026-08-12,Adrian Houser,SFG,HOU,3+,3.824028402427333,5.0,0.824028402427333,2.0,True,True,False,0.7300883203944719,HIGH,65,50-74,0.75-0.99,LOW_K_<22,CONFIRMED,UNKNOWN,TIGHT,UNKNOWN,NONE,True,projection-crusher-v2-report-only
2026-08-12,Bryan King,HOU,SFG,5+,5.231113000659757,1.0,0.23111300065975726,-4.0,False,False,False,0.603973067218526,MEDIUM,46,<50,0.00-0.24,MID_K_22-24.9,CONFIRMED,UNKNOWN,NORMAL,UNKNOWN,NONE,True,projection-crusher-v2-report-only
2026-08-12,Jackson Kent,WSH,CHC,4+,4.987131452321712,6.0,0.9871314523217123,2.0,True,True,False,0.7394318022521018,MEDIUM,46,<50,0.75-0.99,LOW_K_<22,CONFIRMED,UNKNOWN,NORMAL,UNKNOWN,NONE,True,projection-crusher-v2-report-only
2026-08-13,Parker Messick,CLE,DET,5+,5.693249422713524,6.0,0.6932494227135244,1.0,True,False,False,0.6817082446781169,HIGH,78,75-89,0.50-0.74,MID_K_22-24.9,CONFIRMED,UNKNOWN,NORMAL,ESTABLISHED,NONE,True,projection-crusher-v2-report-only
2026-08-13,Keider Montero,DET,CLE,4+,4.214743913149588,0.0,0.2147439131495883,-4.0,False,False,False,0.6127918225051716,HIGH,72,50-74,0.00-0.24,LOW_K_<22,CONFIRMED,UNKNOWN,TIGHT,ESTABLISHED,NONE,True,projection-crusher-v2-report-only
2026-08-13,Braxton Ashcraft,PIT,MIA,5+,5.249966977526226,10.0,0.24996697752622588,5.0,True,True,True,0.6117813829636738,HIGH,78,75-89,0.00-0.24,LOW_K_<22,CONFIRMED,UNKNOWN,NORMAL,ESTABLISHED,NONE,True,projection-crusher-v2-report-only
2026-08-13,Tyler Phillips,MIA,PIT,3+,3.866392782415895,6.0,0.866392782415895,3.0,True,True,True,0.7371262467118302,HIGH,64,50-74,0.75-0.99,MID_K_22-24.9,CONFIRMED,UNKNOWN,TIGHT,ESTABLISHED,NONE,True,projection-crusher-v2-report-only
2026-08-13,Logan Gilbert,SEA,NYY,5+,5.999279409012194,7.0,0.9992794090121944,2.0,True,True,False,0.7275879909526339,HIGH,78,75-89,0.75-0.99,MID_K_22-24.9,CONFIRMED,UNKNOWN,NORMAL,ESTABLISHED,NONE,True,projection-crusher-v2-report-only
2026-08-13,Max Fried,NYY,SEA,4+,4.8420928252218784,4.0,0.8420928252218784,0.0,True,False,False,0.7082613829048258,HIGH,65,50-74,0.75-0.99,MID_K_22-24.9,CONFIRMED,UNKNOWN,NORMAL,ESTABLISHED,NONE,True,projection-crusher-v2-report-only
2026-08-13,Andrew Abbott,CIN,CHW,4+,4.790875567489774,3.0,0.7908755674897741,-1.0,False,False,False,0.7165224071719605,HIGH,79,75-89,0.75-0.99,MID_K_22-24.9,CONFIRMED,UNKNOWN,NORMAL,ESTABLISHED,NONE,True,projection-crusher-v2-report-only
2026-08-13,Davis Martin,CHW,CIN,4+,4.709475301098596,3.0,0.7094753010985961,-1.0,False,False,False,0.669107548852125,HIGH,78,75-89,0.50-0.74,HIGH_K_25+,CONFIRMED,UNKNOWN,TIGHT,ESTABLISHED,NONE,True,projection-crusher-v2-report-only
2026-08-13,Payton Tolle,BOS,TOR,5+,5.411665879736916,4.0,0.4116658797369164,-1.0,False,False,False,0.6097360744311613,HIGH,72,50-74,0.25-0.49,LOW_K_<22,CONFIRMED,UNKNOWN,NORMAL,ESTABLISHED,NONE,True,projection-crusher-v2-report-only
2026-08-13,Max Scherzer,TOR,BOS,4+,4.002706076813793,4.0,0.0027060768137934232,0.0,True,False,False,0.5463234039919608,HIGH,70,50-74,0.00-0.24,LOW_K_<22,PROJECTED_OR_UNKNOWN,UNKNOWN,TIGHT,UNKNOWN,NONE,True,projection-crusher-v2-report-only
2026-08-13,Kevin Gausman,CHC,WSH,5+,5.1805625411540674,7.0,0.18056254115406745,2.0,True,True,False,0.5903111087172896,HIGH,70,50-74,0.00-0.24,LOW_K_<22,PROJECTED_OR_UNKNOWN,UNKNOWN,NORMAL,UNKNOWN,NONE,True,projection-crusher-v2-report-only
2026-08-13,Cade Cavalli,WSH,CHC,5+,5.284261858257167,10.0,0.28426185825716743,5.0,True,True,True,0.5813675657329586,HIGH,70,50-74,0.25-0.49,LOW_K_<22,PROJECTED_OR_UNKNOWN,UNKNOWN,NORMAL,UNKNOWN,NONE,True,projection-crusher-v2-report-only
2026-08-13,Aaron Nola,PHI,MIN,5+,5.058942410672682,9.0,0.05894241067268169,4.0,True,True,True,0.5790192879226238,HIGH,79,75-89,0.00-0.24,LOW_K_<22,CONFIRMED,UNKNOWN,NORMAL,ESTABLISHED,NONE,True,projection-crusher-v2-report-only
2026-08-13,Taj Bradley,MIN,PHI,5+,5.521771862741471,3.0,0.5217718627414714,-2.0,False,False,False,0.6462460529473355,HIGH,78,75-89,0.50-0.74,LOW_K_<22,CONFIRMED,UNKNOWN,NORMAL,ESTABLISHED,NONE,True,projection-crusher-v2-report-only
2026-08-13,Jacob deGrom,TEX,LAA,5+,5.515084930170935,3.0,0.5150849301709348,-2.0,False,False,False,0.6535327565062923,HIGH,77,75-89,0.50-0.74,MID_K_22-24.9,CONFIRMED,UNKNOWN,NORMAL,ESTABLISHED,NONE,True,projection-crusher-v2-report-only
2026-08-13,Walbert Ureña,LAA,TEX,4+,4.713297608881091,5.0,0.7132976088810912,1.0,True,False,False,0.6960994774421552,HIGH,72,50-74,0.50-0.74,MID_K_22-24.9,CONFIRMED,UNKNOWN,TIGHT,ESTABLISHED,NONE,True,projection-crusher-v2-report-only
2026-08-13,Shane Drohan,MIL,LAD,5+,5.09499132605994,5.0,0.0949913260599402,0.0,True,False,False,0.5818667447419064,HIGH,64,50-74,0.00-0.24,LOW_K_<22,CONFIRMED,UNKNOWN,NORMAL,ESTABLISHED,NONE,True,projection-crusher-v2-report-only
2026-08-13,Roki Sasaki,LAD,MIL,5+,5.157072926337631,2.0,0.15707292633763092,-3.0,False,False,False,0.5959729006262258,HIGH,74,50-74,0.00-0.24,MID_K_22-24.9,CONFIRMED,UNKNOWN,NORMAL,ESTABLISHED,NONE,True,projection-crusher-v2-report-only
2026-08-14,Matthew Liberatore,STL,CHC,4+,4.807385909419322,6.0,0.8073859094193221,2.0,True,True,False,0.7064333591636343,HIGH,78,75-89,0.75-0.99,MID_K_22-24.9,CONFIRMED,UNKNOWN,NORMAL,ESTABLISHED,NONE,True,projection-crusher-v2-report-only
2026-08-14,Clay Holmes,CHC,STL,4+,4.24889813214706,3.0,0.24889813214706002,-1.0,False,False,False,0.6216036923246964,HIGH,79,75-89,0.00-0.24,LOW_K_<22,CONFIRMED,UNKNOWN,NORMAL,ESTABLISHED,NONE,True,projection-crusher-v2-report-only
2026-08-14,Sandy Alcantara,MIA,CIN,5+,5.969322268750199,2.0,0.969322268750199,-3.0,False,False,False,0.723692119148748,HIGH,79,75-89,0.75-0.99,HIGH_K_25+,CONFIRMED,UNKNOWN,LONG,ESTABLISHED,NONE,True,projection-crusher-v2-report-only
2026-08-14,Chase Burns,CIN,MIA,5+,5.558449164509395,8.0,0.558449164509395,3.0,True,True,True,0.657260639762443,HIGH,77,75-89,0.50-0.74,LOW_K_<22,CONFIRMED,UNKNOWN,NORMAL,ESTABLISHED,NONE,True,projection-crusher-v2-report-only
2026-08-14,Jake Bennett,BOS,PIT,5+,5.136651373886729,6.0,0.1366513738867292,1.0,True,False,False,0.59101235038534,HIGH,64,50-74,0.00-0.24,MID_K_22-24.9,CONFIRMED,UNKNOWN,NORMAL,ESTABLISHED,NONE,True,projection-crusher-v2-report-only
2026-08-14,Bubba Chandler,PIT,BOS,4+,4.53317940662322,5.0,0.53317940662322,1.0,True,False,False,0.6674672199400904,HIGH,77,75-89,0.50-0.74,LOW_K_<22,CONFIRMED,UNKNOWN,NORMAL,ESTABLISHED,NONE,True,projection-crusher-v2-report-only
2026-08-14,Sean Newcomb,CHW,DET,4+,4.293658542998768,2.0,0.29365854299876837,-2.0,False,False,False,0.6142416585560155,MEDIUM,53,50-74,0.25-0.49,MID_K_22-24.9,CONFIRMED,UNKNOWN,TIGHT,ESTABLISHED,NONE,True,projection-crusher-v2-report-only
2026-08-14,Jackson Jobe,DET,CHW,4+,4.509072904569642,4.0,0.509072904569642,0.0,True,False,False,0.6662095889008485,HIGH,60,50-74,0.50-0.74,MID_K_22-24.9,CONFIRMED,UNKNOWN,NORMAL,ESTABLISHED,NONE,True,projection-crusher-v2-report-only
2026-08-14,Andrew Alvarez,WSH,NYM,4+,4.411414403822503,4.0,0.41141440382250316,0.0,True,False,False,0.6511952768137343,HIGH,65,50-74,0.25-0.49,MID_K_22-24.9,CONFIRMED,UNKNOWN,TIGHT,ESTABLISHED,NONE,True,projection-crusher-v2-report-only
2026-08-14,Robert Stock,NYM,WSH,4+,4.350693049617538,5.0,0.3506930496175382,1.0,True,False,False,0.6363997033107749,MEDIUM,47,<50,0.25-0.49,LOW_K_<22,CONFIRMED,UNKNOWN,TIGHT,ESTABLISHED,NONE,True,projection-crusher-v2-report-only
2026-08-14,Michael King,SDP,CLE,4+,4.756564500312371,4.0,0.7565645003123711,0.0,True,False,False,0.7099204591627534,HIGH,79,75-89,0.75-0.99,LOW_K_<22,CONFIRMED,UNKNOWN,NORMAL,ESTABLISHED,NONE,True,projection-crusher-v2-report-only
2026-08-14,Gavin Williams,CLE,SDP,5+,5.778883370854544,5.0,0.778883370854544,0.0,True,False,False,0.684890322060145,HIGH,79,75-89,0.75-0.99,LOW_K_<22,CONFIRMED,UNKNOWN,NORMAL,ESTABLISHED,NONE,True,projection-crusher-v2-report-only
2026-08-14,Brandon Pfaadt,ARI,ATL,4+,4.695923424536369,7.0,0.6959234245363692,3.0,True,True,True,0.6943283368934432,HIGH,79,75-89,0.50-0.74,LOW_K_<22,CONFIRMED,UNKNOWN,NORMAL,ESTABLISHED,NONE,True,projection-crusher-v2-report-only
2026-08-14,Gerrit Cole,NYY,TOR,5+,5.1837125225898735,5.0,0.18371252258987347,0.0,True,False,False,0.5847128741500884,HIGH,65,50-74,0.00-0.24,LOW_K_<22,CONFIRMED,UNKNOWN,NORMAL,ESTABLISHED,NONE,True,projection-crusher-v2-report-only
2026-08-14,Shane Bieber,TOR,NYY,4+,4.789902636901819,5.0,0.7899026369018189,1.0,True,False,False,0.7055546147953903,HIGH,68,50-74,0.75-0.99,MID_K_22-24.9,CONFIRMED,UNKNOWN,TIGHT,ESTABLISHED,NONE,True,projection-crusher-v2-report-only
2026-08-14,George Kirby,SEA,HOU,5+,5.055233311872689,2.0,0.05523331187268887,-3.0,False,False,False,0.5766702881538788,HIGH,77,75-89,0.00-0.24,LOW_K_<22,CONFIRMED,UNKNOWN,NORMAL,ESTABLISHED,NONE,True,projection-crusher-v2-report-only
2026-08-14,Peter Lambert,HOU,SEA,4+,4.964871980644212,6.0,0.9648719806442116,2.0,True,True,False,0.7413753498905093,HIGH,74,50-74,0.75-0.99,LOW_K_<22,CONFIRMED,UNKNOWN,NORMAL,ESTABLISHED,NONE,True,projection-crusher-v2-report-only
2026-08-14,Seth Lugo,KCR,LAA,4+,4.862892118380245,4.0,0.8628921183802447,0.0,True,False,False,0.7248627023810422,HIGH,79,75-89,0.75-0.99,MID_K_22-24.9,CONFIRMED,UNKNOWN,NORMAL,ESTABLISHED,NONE,True,projection-crusher-v2-report-only
2026-08-14,Grayson Rodriguez,LAA,KCR,4+,4.497707170109626,5.0,0.49770717010962606,1.0,True,False,False,0.6519494865601498,HIGH,62,50-74,0.25-0.49,LOW_K_<22,CONFIRMED,UNKNOWN,NORMAL,ESTABLISHED,NONE,True,projection-crusher-v2-report-only
2026-08-14,Kumar Rocker,TEX,ATH,4+,4.395781761680474,3.0,0.39578176168047374,-1.0,False,False,False,0.6445505560480466,HIGH,74,50-74,0.25-0.49,LOW_K_<22,CONFIRMED,UNKNOWN,TIGHT,ESTABLISHED,NONE,True,projection-crusher-v2-report-only
2026-08-14,Robert Gasser,MIL,LAD,4+,4.7466171474424845,7.0,0.7466171474424845,3.0,True,True,True,0.7059053025245983,HIGH,64,50-74,0.50-0.74,LOW_K_<22,CONFIRMED,UNKNOWN,NORMAL,ESTABLISHED,NONE,True,projection-crusher-v2-report-only
2026-08-14,Yoshinobu Yamamoto,LAD,MIL,5+,5.946600628694665,9.0,0.9466006286946653,4.0,True,True,True,0.7195320065796726,HIGH,76,75-89,0.75-0.99,MID_K_22-24.9,CONFIRMED,UNKNOWN,LONG,ESTABLISHED,NONE,True,projection-crusher-v2-report-only
2026-08-14,Kyle Freeland,COL,SFG,5+,5.705471119678161,2.0,0.7054711196781609,-3.0,False,False,False,0.6825386374169748,HIGH,76,75-89,0.50-0.74,MID_K_22-24.9,CONFIRMED,UNKNOWN,NORMAL,ESTABLISHED,NONE,True,projection-crusher-v2-report-only
2026-08-14,Landen Roupp,SFG,COL,5+,5.18952142514298,5.0,0.18952142514298043,0.0,True,False,False,0.5985427150297761,HIGH,78,75-89,0.00-0.24,LOW_K_<22,CONFIRMED,UNKNOWN,NORMAL,ESTABLISHED,NONE,True,projection-crusher-v2-report-only
2026-08-14,Chris Sale,ATL,ARI,5+,5.485459497169694,9.0,0.4854594971696944,4.0,True,True,True,0.6469035342731773,HIGH,76,75-89,0.25-0.49,LOW_K_<22,CONFIRMED,UNKNOWN,LONG,ESTABLISHED,NONE,True,projection-crusher-v2-report-only
2026-08-14,Chris Bassitt,BAL,TBR,4+,4.100788408450873,3.0,0.10078840845087278,-1.0,False,False,False,0.574144754397713,HIGH,79,75-89,0.00-0.24,LOW_K_<22,CONFIRMED,UNKNOWN,TIGHT,ESTABLISHED,NONE,True,projection-crusher-v2-report-only
2026-08-14,Steven Matz,TBR,BAL,4+,4.256740631891617,1.0,0.256740631891617,-3.0,False,False,False,0.607909998711427,HIGH,62,50-74,0.25-0.49,HIGH_K_25+,CONFIRMED,UNKNOWN,TIGHT,LOW_RECENT_EXPOSURE,NONE,True,projection-crusher-v2-report-only
2026-08-14,Gage Jump,ATH,TEX,5+,5.663479055047671,1.0,0.663479055047671,-4.0,False,False,False,0.6732297911302467,HIGH,65,50-74,0.50-0.74,MID_K_22-24.9,CONFIRMED,UNKNOWN,NORMAL,ESTABLISHED,NONE,True,projection-crusher-v2-report-only
2026-08-15,Anthony Kay,CHW,DET,4+,4.794158051567684,4.0,0.7941580515676838,0.0,True,False,False,0.7167115547140409,HIGH,77,75-89,0.75-0.99,MID_K_22-24.9,CONFIRMED,UNKNOWN,NORMAL,RAMPING,NONE,True,projection-crusher-v2-report-only
2026-08-15,Troy Melton,DET,CHW,5+,5.350953547943936,4.0,0.3509535479439361,-1.0,False,False,False,0.6292303560933765,HIGH,64,50-74,0.25-0.49,MID_K_22-24.9,CONFIRMED,UNKNOWN,NORMAL,ESTABLISHED,NONE,True,projection-crusher-v2-report-only
2026-08-15,Michael McGreevy,STL,CHC,4+,4.488471728532872,6.0,0.4884717285328719,2.0,True,True,False,0.6638396461552099,HIGH,78,75-89,0.25-0.49,MID_K_22-24.9,CONFIRMED,UNKNOWN,NORMAL,ESTABLISHED,NONE,True,projection-crusher-v2-report-only
2026-08-15,Matthew Boyd,CHC,STL,5+,5.168619874051423,2.0,0.16861987405142287,-3.0,False,False,False,0.5929966086063977,HIGH,65,50-74,0.00-0.24,LOW_K_<22,CONFIRMED,UNKNOWN,NORMAL,ESTABLISHED,NONE,True,projection-crusher-v2-report-only
2026-08-15,Cam Schlittler,NYY,TOR,5+,5.76531356803126,7.0,0.7653135680312602,2.0,True,True,False,0.6913375257309959,HIGH,79,75-89,0.75-0.99,LOW_K_<22,CONFIRMED,UNKNOWN,NORMAL,ESTABLISHED,NONE,True,projection-crusher-v2-report-only
2026-08-15,Braydon Fisher,TOR,NYY,3+,3.1565460243819308,0.0,0.15654602438193077,-3.0,False,False,False,0.6019522711746403,MEDIUM,56,50-74,0.00-0.24,MID_K_22-24.9,CONFIRMED,UNKNOWN,TIGHT,OPENER_LIKE,NONE,True,projection-crusher-v2-report-only
2026-08-15,Michael Lorenzen,COL,SFG,4+,4.173256011909386,1.0,0.17325601190938578,-3.0,False,False,False,0.6060032692833557,HIGH,79,75-89,0.00-0.24,LOW_K_<22,CONFIRMED,UNKNOWN,NORMAL,ESTABLISHED,NONE,True,projection-crusher-v2-report-only
2026-08-15,Logan Webb,SFG,COL,5+,5.51839318904492,7.0,0.5183931890449198,2.0,True,True,False,0.6544974299979243,HIGH,76,75-89,0.50-0.74,MID_K_22-24.9,CONFIRMED,UNKNOWN,NORMAL,ESTABLISHED,NONE,True,projection-crusher-v2-report-only
2026-08-15,Brad Lord,WSH,NYM,3+,3.8440168524749634,1.0,0.8440168524749634,-2.0,False,False,False,0.7388357192287311,HIGH,76,75-89,0.75-0.99,MID_K_22-24.9,CONFIRMED,UNKNOWN,TIGHT,LOW_RECENT_EXPOSURE,NONE,True,projection-crusher-v2-report-only
2026-08-15,Sean Manaea,NYM,WSH,5+,5.368189786752298,7.0,0.3681897867522981,2.0,True,True,False,0.623626726635202,HIGH,78,75-89,0.25-0.49,MID_K_22-24.9,CONFIRMED,UNKNOWN,NORMAL,ESTABLISHED,NONE,True,projection-crusher-v2-report-only
2026-08-15,Kyle Bradish,BAL,TBR,4+,4.529826520715504,3.0,0.5298265207155044,-1.0,False,False,False,0.6447638047220614,HIGH,78,75-89,0.50-0.74,LOW_K_<22,CONFIRMED,UNKNOWN,NORMAL,ESTABLISHED,NONE,True,projection-crusher-v2-report-only
2026-08-15,Ian Seymour,TBR,BAL,5+,5.399951571868048,9.0,0.39995157186804775,4.0,True,True,True,0.6012879360608815,HIGH,65,50-74,0.25-0.49,HIGH_K_25+,CONFIRMED,UNKNOWN,TIGHT,ESTABLISHED,NONE,True,projection-crusher-v2-report-only
2026-08-15,Ryan Gusto,MIA,CIN,4+,4.531679633410276,6.0,0.5316796334102758,2.0,True,True,False,0.6578910201675283,HIGH,79,75-89,0.50-0.74,MID_K_22-24.9,CONFIRMED,UNKNOWN,TIGHT,ESTABLISHED,NONE,True,projection-crusher-v2-report-only
2026-08-15,Brady Singer,CIN,MIA,5+,5.221973800020474,4.0,0.22197380002047407,-1.0,False,False,False,0.6048801964687986,HIGH,78,75-89,0.00-0.24,MID_K_22-24.9,CONFIRMED,UNKNOWN,NORMAL,ESTABLISHED,NONE,True,projection-crusher-v2-report-only
2026-08-15,Joey Cantillo,CLE,SDP,4+,4.399320485164076,7.0,0.39932048516407637,3.0,True,True,True,0.6243921683583048,HIGH,79,75-89,0.25-0.49,LOW_K_<22,CONFIRMED,UNKNOWN,TIGHT,LOW_RECENT_EXPOSURE,NONE,True,projection-crusher-v2-report-only
2026-08-15,Emerson Hancock,SEA,HOU,5+,5.06781795311276,8.0,0.06781795311276007,3.0,True,True,True,0.5584341572079332,HIGH,77,75-89,0.00-0.24,LOW_K_<22,CONFIRMED,UNKNOWN,NORMAL,ESTABLISHED,NONE,True,projection-crusher-v2-report-only
2026-08-15,Hayden Wesneski,HOU,SEA,4+,4.639624601441137,6.0,0.6396246014411373,2.0,True,True,False,0.6741316378269955,MEDIUM,58,50-74,0.50-0.74,LOW_K_<22,CONFIRMED,UNKNOWN,TIGHT,ESTABLISHED,NONE,True,projection-crusher-v2-report-only
2026-08-15,Jesús Luzardo,PHI,MIN,6+,6.146693838277013,9.0,0.1466938382770131,3.0,True,True,True,0.5738785480019722,HIGH,79,75-89,0.00-0.24,LOW_K_<22,CONFIRMED,UNKNOWN,LONG,ESTABLISHED,NONE,True,projection-crusher-v2-report-only
2026-08-15,Connor Prielipp,MIN,PHI,5+,5.01449363583585,6.0,0.014493635835849616,1.0,True,False,False,0.5646351894209218,HIGH,68,50-74,0.00-0.24,LOW_K_<22,CONFIRMED,UNKNOWN,NORMAL,ESTABLISHED,NONE,True,projection-crusher-v2-report-only
2026-08-15,Sonny Gray,BOS,PIT,5+,5.404713263895313,7.0,0.4047132638953128,2.0,True,True,False,0.6162312927165359,HIGH,77,75-89,0.25-0.49,MID_K_22-24.9,CONFIRMED,UNKNOWN,NORMAL,ESTABLISHED,NONE,True,projection-crusher-v2-report-only
2026-08-15,Jared Jones,PIT,BOS,4+,4.369522756824493,7.0,0.36952275682449276,3.0,True,True,True,0.6421318657873842,HIGH,64,50-74,0.25-0.49,LOW_K_<22,CONFIRMED,UNKNOWN,TIGHT,ESTABLISHED,NONE,True,projection-crusher-v2-report-only
2026-08-15,Eduardo Rodriguez,ARI,ATL,5+,5.003575211179797,5.0,0.0035752111797968666,0.0,True,False,False,0.5653739607063554,HIGH,79,75-89,0.00-0.24,LOW_K_<22,CONFIRMED,UNKNOWN,LONG,ESTABLISHED,NONE,True,projection-crusher-v2-report-only
2026-08-15,Grant Holmes,ATL,ARI,4+,4.209018734059028,3.0,0.20901873405902816,-1.0,False,False,False,0.6112168913419442,HIGH,77,75-89,0.00-0.24,LOW_K_<22,CONFIRMED,UNKNOWN,TIGHT,ESTABLISHED,NONE,True,projection-crusher-v2-report-only
2026-08-15,Jacob Misiorowski,MIL,LAD,6+,6.337775222291999,6.0,0.33777522229199874,0.0,True,False,False,0.6153519600299711,HIGH,77,75-89,0.25-0.49,LOW_K_<22,CONFIRMED,UNKNOWN,NORMAL,ESTABLISHED,NONE,True,projection-crusher-v2-report-only
2026-08-15,Justin Wrobleski,LAD,MIL,5+,5.040592301170672,6.0,0.040592301170671696,1.0,True,False,False,0.5477007499606525,HIGH,72,50-74,0.00-0.24,LOW_K_<22,CONFIRMED,UNKNOWN,NORMAL,ESTABLISHED,NONE,True,projection-crusher-v2-report-only
2026-08-15,Randy Dobnak,KCR,LAA,4+,4.623363071899023,6.0,0.6233630718990231,2.0,True,True,False,0.6850322630626892,MEDIUM,52,50-74,0.50-0.74,MID_K_22-24.9,CONFIRMED,UNKNOWN,NORMAL,ESTABLISHED,NONE,True,projection-crusher-v2-report-only
2026-08-15,Reid Detmers,LAA,KCR,5+,5.304542788020525,11.0,0.3045427880205249,6.0,True,True,True,0.6106868840594004,HIGH,79,75-89,0.25-0.49,LOW_K_<22,CONFIRMED,UNKNOWN,NORMAL,ESTABLISHED,NONE,True,projection-crusher-v2-report-only
2026-08-15,MacKenzie Gore,TEX,ATH,5+,5.728918305023873,5.0,0.728918305023873,0.0,True,False,False,0.6805286606241763,HIGH,79,75-89,0.50-0.74,MID_K_22-24.9,CONFIRMED,UNKNOWN,NORMAL,ESTABLISHED,NONE,True,projection-crusher-v2-report-only
2026-08-15,J.T. Ginn,ATH,TEX,5+,5.2555044065094165,7.0,0.2555044065094165,2.0,True,True,False,0.6056588834603529,HIGH,76,75-89,0.25-0.49,MID_K_22-24.9,CONFIRMED,UNKNOWN,NORMAL,ESTABLISHED,NONE,True,projection-crusher-v2-report-only
2026-08-16,Trevor Rogers,BAL,TBR,4+,4.653793981338421,6.0,0.6537939813384206,2.0,True,True,False,0.6889548245032375,HIGH,77,75-89,0.50-0.74,LOW_K_<22,CONFIRMED,NONE,NORMAL,ESTABLISHED,NONE,True,projection-crusher-v2-report-only
2026-08-16,Freddy Peralta,TBR,BAL,5+,5.157942880566768,2.0,0.1579428805667682,-3.0,False,False,False,0.5959993327795998,HIGH,79,75-89,0.00-0.24,MID_K_22-24.9,CONFIRMED,NONE,NORMAL,ESTABLISHED,NONE,True,projection-crusher-v2-report-only
2026-08-16,Patrick Sandoval,BOS,PIT,5+,5.361548644646005,6.0,0.361548644646005,1.0,True,False,False,0.6307752847520525,MEDIUM,53,50-74,0.25-0.49,MID_K_22-24.9,CONFIRMED,HIGH,NORMAL,RAMPING,NONE,True,projection-crusher-v2-report-only
2026-08-16,Lake Bachar,PIT,BOS,3+,3.0540215443291974,4.0,0.05402154432919737,1.0,True,False,False,0.5836707982107193,MEDIUM,52,50-74,0.00-0.24,LOW_K_<22,CONFIRMED,HIGH,TIGHT,OPENER_LIKE,NONE,True,projection-crusher-v2-report-only
2026-08-16,Michael Soroka,ARI,ATL,4+,4.638304993677666,5.0,0.6383049936776661,1.0,True,False,False,0.640896337828412,HIGH,68,50-74,0.50-0.74,LOW_K_<22,CONFIRMED,NONE,TIGHT,LOW_RECENT_EXPOSURE,NONE,True,projection-crusher-v2-report-only
2026-08-16,Bryce Elder,ATL,ARI,5+,5.006204567084418,5.0,0.006204567084417967,0.0,True,False,False,0.566190463611735,HIGH,78,75-89,0.00-0.24,LOW_K_<22,CONFIRMED,NONE,NORMAL,ESTABLISHED,NONE,True,projection-crusher-v2-report-only
2026-08-16,Ryan Weathers,NYY,TOR,5+,5.199156922758577,4.0,0.19915692275857744,-1.0,False,False,False,0.5985650865794739,HIGH,78,75-89,0.00-0.24,LOW_K_<22,CONFIRMED,NONE,NORMAL,ESTABLISHED,NONE,True,projection-crusher-v2-report-only
2026-08-16,Dylan Cease,TOR,NYY,6+,6.797942636173971,10.0,0.7979426361739712,4.0,True,True,True,0.6866530327561862,HIGH,77,75-89,0.75-0.99,MID_K_22-24.9,CONFIRMED,NONE,LONG,ESTABLISHED,NONE,True,projection-crusher-v2-report-only
2026-08-16,Jake Irvin,WSH,NYM,4+,4.414384550836889,6.0,0.4143845508368891,2.0,True,True,False,0.6529868645581896,HIGH,65,50-74,0.25-0.49,MID_K_22-24.9,CONFIRMED,LOW,TIGHT,ESTABLISHED,NONE,True,projection-crusher-v2-report-only
2026-08-16,Christian Scott,NYM,WSH,4+,4.8926211615611,7.0,0.8926211615610997,3.0,True,True,True,0.7262390042125064,HIGH,70,50-74,0.75-0.99,LOW_K_<22,CONFIRMED,LOW,NORMAL,ESTABLISHED,NONE,True,projection-crusher-v2-report-only
2026-08-16,Casey Mize,SDP,CLE,4+,4.626856302479892,3.0,0.6268563024798919,-1.0,False,False,False,0.6765885532227918,HIGH,71,50-74,0.50-0.74,LOW_K_<22,CONFIRMED,HIGH,TIGHT,ESTABLISHED,NONE,True,projection-crusher-v2-report-only
2026-08-16,Tanner Bibee,CLE,SDP,4+,4.900820874019503,3.0,0.9008208740195034,-1.0,False,False,False,0.7271359934852468,HIGH,79,75-89,0.75-0.99,LOW_K_<22,CONFIRMED,HIGH,NORMAL,ESTABLISHED,NONE,True,projection-crusher-v2-report-only
2026-08-16,Sean Burke,CHW,DET,5+,5.372787716023881,2.0,0.37278771602388083,-3.0,False,False,False,0.6240310419855273,HIGH,74,50-74,0.25-0.49,LOW_K_<22,CONFIRMED,LOW,NORMAL,ESTABLISHED,NONE,True,projection-crusher-v2-report-only
2026-08-16,Drew Anderson,DET,CHW,3+,3.6685559209445335,5.0,0.6685559209445335,2.0,True,True,False,0.6548439651229536,MEDIUM,50,50-74,0.50-0.74,MID_K_22-24.9,CONFIRMED,LOW,TIGHT,OPENER_LIKE,NONE,True,projection-crusher-v2-report-only
2026-08-16,Eury Pérez,MIA,CIN,5+,5.708494599050562,5.0,0.708494599050562,0.0,True,False,False,0.6840609421484402,HIGH,76,75-89,0.50-0.74,MID_K_22-24.9,CONFIRMED,LOW,NORMAL,ESTABLISHED,NONE,True,projection-crusher-v2-report-only
2026-08-16,Nick Lodolo,CIN,MIA,4+,4.500722335947863,2.0,0.500722335947863,-2.0,False,False,False,0.6632557382878985,HIGH,64,50-74,0.50-0.74,LOW_K_<22,CONFIRMED,LOW,NORMAL,ESTABLISHED,NONE,True,projection-crusher-v2-report-only
2026-08-16,Andrew Painter,PHI,MIN,4+,4.161655880868947,2.0,0.16165588086894722,-2.0,False,False,False,0.6021541371933583,HIGH,66,50-74,0.00-0.24,LOW_K_<22,CONFIRMED,NONE,TIGHT,ESTABLISHED,NONE,True,projection-crusher-v2-report-only
2026-08-16,Dean Kremer,MIN,PHI,4+,4.432639319822826,6.0,0.432639319822826,2.0,True,True,False,0.6542786800447158,HIGH,79,75-89,0.25-0.49,LOW_K_<22,CONFIRMED,NONE,NORMAL,ESTABLISHED,NONE,True,projection-crusher-v2-report-only
2026-08-16,Hunter Dobbins,STL,CHC,4+,4.539976940292121,7.0,0.5399769402921208,3.0,True,True,True,0.6659297088803297,HIGH,70,50-74,0.50-0.74,MID_K_22-24.9,CONFIRMED,HIGH,NORMAL,ESTABLISHED,NONE,True,projection-crusher-v2-report-only
2026-08-16,Edward Cabrera,CHC,STL,4+,4.565164903313475,2.0,0.5651649033134749,-2.0,False,False,False,0.6755369477123826,HIGH,65,50-74,0.50-0.74,LOW_K_<22,CONFIRMED,HIGH,NORMAL,ESTABLISHED,NONE,True,projection-crusher-v2-report-only
2026-08-16,Gabriel Hughes,COL,SFG,4+,4.825934159552915,2.0,0.825934159552915,-2.0,False,False,False,0.7263007622434341,MEDIUM,53,50-74,0.75-0.99,LOW_K_<22,CONFIRMED,NONE,TIGHT,ESTABLISHED,NONE,True,projection-crusher-v2-report-only
2026-08-16,Blade Tidwell,SFG,COL,4+,4.555084306412306,1.0,0.5550843064123061,-3.0,False,False,False,0.6755208846246001,MEDIUM,50,50-74,0.50-0.74,LOW_K_<22,CONFIRMED,NONE,NORMAL,ESTABLISHED,NONE,True,projection-crusher-v2-report-only
2026-08-16,Cody Bradford,TEX,ATH,4+,4.845734792117946,4.0,0.8457347921179457,0.0,True,False,False,0.7192517904371419,MEDIUM,47,<50,0.75-0.99,MID_K_22-24.9,CONFIRMED,NONE,TIGHT,ESTABLISHED,NONE,True,projection-crusher-v2-report-only
2026-08-16,Jacob Lopez,ATH,TEX,4+,4.715502572247446,6.0,0.7155025722474457,2.0,True,True,False,0.6676650981827281,HIGH,68,50-74,0.50-0.74,MID_K_22-24.9,CONFIRMED,NONE,NORMAL,ESTABLISHED,NONE,True,projection-crusher-v2-report-only
2026-08-16,Noah Cameron,KCR,LAA,5+,5.700107394222463,8.0,0.7001073942224627,3.0,True,True,True,0.6757004929574177,HIGH,77,75-89,0.50-0.74,MID_K_22-24.9,CONFIRMED,NONE,LONG,ESTABLISHED,NONE,True,projection-crusher-v2-report-only
2026-08-16,Ryan Johnson,LAA,KCR,4+,4.119426045711611,4.0,0.1194260457116112,0.0,True,False,False,0.5909991592165742,HIGH,60,50-74,0.00-0.24,LOW_K_<22,CONFIRMED,NONE,TIGHT,ESTABLISHED,NONE,True,projection-crusher-v2-report-only
2026-08-16,Logan Henderson,MIL,LAD,5+,5.166586769096899,6.0,0.16658676909689873,1.0,True,False,False,0.5932312301862741,HIGH,68,50-74,0.00-0.24,LOW_K_<22,CONFIRMED,NONE,NORMAL,ESTABLISHED,NONE,True,projection-crusher-v2-report-only
2026-08-16,Tarik Skubal,LAD,MIL,5+,5.825653446777954,7.0,0.8256534467779542,2.0,True,True,False,0.7031090124510261,HIGH,71,50-74,0.75-0.99,LOW_K_<22,CONFIRMED,NONE,NORMAL,ESTABLISHED,NONE,True,projection-crusher-v2-report-only
