Game_Date,Pitcher,Pitcher_ID,Team,Opponent,Projection,Actual_K,K_Residual,Beat_Projection,Material_Crusher_Event,Confidence,Data_Quality,Opponent_K_Pct,Lineup_State,Starter_Role,Leash_Label,SIM_Mean_K,MATH_Mean_K,SIM_MATH_Disagreement,Projection_SD,Report_Only,Production_Authority,No_Projection_Adjustment,Research_Version
2026-08-12,Shane Baz,669358,BAL,MIN,5.076665598251974,2.0,-3.0766655982519744,False,False,HIGH,78,19.91064396674875,CONFIRMED,UNKNOWN,NORMAL,,,,2.1523243491625133,True,NONE,True,projection-crusher-shadow-v1-report-only
2026-08-12,Zebby Matthews,805673,MIN,BAL,5.292388596361408,4.0,-1.2923885963614081,False,False,HIGH,66,24.08718085532845,CONFIRMED,UNKNOWN,NORMAL,,,,2.1531623613348407,True,NONE,True,projection-crusher-shadow-v1-report-only
2026-08-12,Zack Wheeler,554430,PHI,STL,5.113708402473249,5.0,-0.11370840247324931,False,False,HIGH,72,20.53769145149315,CONFIRMED,UNKNOWN,NORMAL,,,,2.5016194494041035,True,NONE,True,projection-crusher-shadow-v1-report-only
2026-08-12,Kyle Leahy,681517,STL,PHI,4.434771817643135,6.0,1.565228182356865,True,False,HIGH,77,19.929025187140027,CONFIRMED,UNKNOWN,NORMAL,,,,2.197686023027716,True,NONE,True,projection-crusher-shadow-v1-report-only
2026-08-12,Drew Rasmussen,656876,TBR,ATH,5.378819291726495,3.0,-2.3788192917264954,False,False,HIGH,77,21.92034834421512,CONFIRMED,UNKNOWN,NORMAL,,,,2.538561989410848,True,NONE,True,projection-crusher-shadow-v1-report-only
2026-08-12,Ryan Feltner,663372,COL,ARI,4.26334716437203,2.0,-2.26334716437203,False,False,HIGH,70,20.77272576600542,CONFIRMED,UNKNOWN,TIGHT,,,,2.093021874678222,True,NONE,True,projection-crusher-shadow-v1-report-only
2026-08-12,Merrill Kelly,518876,ARI,COL,4.583344702255669,2.0,-2.583344702255669,False,False,HIGH,76,22.60657328351401,CONFIRMED,UNKNOWN,NORMAL,,,,1.7898687212359217,True,NONE,True,projection-crusher-shadow-v1-report-only
2026-08-12,Dustin May,669160,MIL,SDP,4.859837383413874,6.0,1.1401626165861263,True,False,HIGH,77,21.0865526766236,CONFIRMED,UNKNOWN,NORMAL,,,,2.314597532196183,True,NONE,True,projection-crusher-shadow-v1-report-only
2026-08-12,Robbie Ray,592662,SDP,MIL,5.052324860965883,4.0,-1.052324860965883,False,False,HIGH,77,21.756618571873823,CONFIRMED,UNKNOWN,NORMAL,,,,1.972915620261788,True,NONE,True,projection-crusher-shadow-v1-report-only
2026-08-12,Foster Griffin,656492,CLE,DET,5.372364059781617,3.0,-2.372364059781617,False,False,HIGH,78,22.392070840080606,CONFIRMED,UNKNOWN,NORMAL,,,,2.3296002081557563,True,NONE,True,projection-crusher-shadow-v1-report-only
2026-08-12,Framber Valdez,664285,DET,CLE,4.726033431720969,3.0,-1.7260334317209693,False,False,HIGH,78,19.34307140209807,CONFIRMED,UNKNOWN,NORMAL,,,,2.2306340182632463,True,NONE,True,projection-crusher-shadow-v1-report-only
2026-08-12,Carmen Mlodzinski,669387,PIT,MIA,4.0459259725286,1.0,-3.0459259725286003,False,False,HIGH,77,22.966764439993938,CONFIRMED,UNKNOWN,TIGHT,,,,2.2370229090043905,True,NONE,True,projection-crusher-shadow-v1-report-only
2026-08-12,Janson Junk,676083,MIA,PIT,4.180725412905703,2.0,-2.180725412905703,False,False,HIGH,68,21.930684212284863,CONFIRMED,UNKNOWN,TIGHT,,,,1.7382683382817037,True,NONE,True,projection-crusher-shadow-v1-report-only
2026-08-12,David Peterson,656849,CHC,WSH,4.793542729116886,6.0,1.2064572708831136,True,False,HIGH,66,22.59412762184728,CONFIRMED,UNKNOWN,NORMAL,,,,1.8995944136315803,True,NONE,True,projection-crusher-shadow-v1-report-only
2026-08-12,Bryce Miller,682243,SEA,NYY,5.483300285566592,5.0,-0.48330028556659244,False,False,HIGH,64,24.294908813442703,CONFIRMED,UNKNOWN,NORMAL,,,,2.614200772440239,True,NONE,True,projection-crusher-shadow-v1-report-only
2026-08-12,Will Warren,701542,NYY,SEA,4.830626519208324,3.0,-1.830626519208324,False,False,HIGH,77,21.13687840942258,CONFIRMED,UNKNOWN,NORMAL,,,,2.3449894720405045,True,NONE,True,projection-crusher-shadow-v1-report-only
2026-08-12,Ranger Suarez,624133,BOS,TOR,4.477654017973988,2.0,-2.477654017973988,False,False,HIGH,74,20.777209856279946,CONFIRMED,UNKNOWN,TIGHT,,,,2.331347460232805,True,NONE,True,projection-crusher-shadow-v1-report-only
2026-08-12,José Soriano,667755,TOR,BOS,4.925171926160614,4.0,-0.9251719261606137,False,False,HIGH,78,20.352762774494312,CONFIRMED,UNKNOWN,NORMAL,,,,2.2599265167062543,True,NONE,True,projection-crusher-shadow-v1-report-only
2026-08-12,Zac Thornton,804267,NYM,ATL,4.434887433347578,2.0,-2.434887433347578,False,False,MEDIUM,54,21.161049756070145,CONFIRMED,UNKNOWN,TIGHT,,,,1.9079808230479045,True,NONE,True,projection-crusher-shadow-v1-report-only
2026-08-12,Tyler Mahle,641816,ATL,NYM,5.086881035303266,7.0,1.913118964696734,True,False,HIGH,72,22.211407186781944,CONFIRMED,UNKNOWN,NORMAL,,,,1.985804330961617,True,NONE,True,projection-crusher-shadow-v1-report-only
2026-08-12,Rhett Lowder,695076,CIN,CHW,4.845516739681388,4.0,-0.8455167396813881,False,False,HIGH,70,24.300118067490644,CONFIRMED,UNKNOWN,NORMAL,,,,2.0900407872959987,True,NONE,True,projection-crusher-shadow-v1-report-only
2026-08-12,Luis Castillo,622491,CHW,CIN,5.077414760392842,10.0,4.922585239607158,True,True,HIGH,71,24.350602776478613,CONFIRMED,UNKNOWN,NORMAL,,,,1.7926204056618298,True,NONE,True,projection-crusher-shadow-v1-report-only
2026-08-12,Daniel Lynch IV,663738,KCR,LAD,3.0354843043145308,3.0,-0.03548430431453076,False,False,MEDIUM,48,19.750322130100702,CONFIRMED,UNKNOWN,TIGHT,,,,1.3154298259599717,True,NONE,True,projection-crusher-shadow-v1-report-only
2026-08-12,Eric Lauer,641778,LAD,KCR,4.161318077633911,6.0,1.8386819223660886,True,False,HIGH,66,21.08398025293156,CONFIRMED,UNKNOWN,NORMAL,,,,2.1098329251453665,True,NONE,True,projection-crusher-shadow-v1-report-only
2026-08-12,Cal Quantrill,615698,TEX,LAA,4.138202343473262,6.0,1.861797656526738,True,False,HIGH,79,23.321711632958632,CONFIRMED,UNKNOWN,TIGHT,,,,1.9692977989416616,True,NONE,True,projection-crusher-shadow-v1-report-only
2026-08-12,George Klassen,691946,LAA,TEX,3.858255496642796,5.0,1.141744503357204,True,False,MEDIUM,48,23.32912180234725,CONFIRMED,UNKNOWN,TIGHT,,,,1.4653970384640516,True,NONE,True,projection-crusher-shadow-v1-report-only
2026-08-12,Jack Perkins,678022,ATH,TBR,4.615237274528287,2.0,-2.615237274528287,False,False,HIGH,65,20.02931325524474,CONFIRMED,UNKNOWN,TIGHT,,,,2.015828333942726,True,NONE,True,projection-crusher-shadow-v1-report-only
2026-08-12,Adrian Houser,605288,SFG,HOU,3.824028402427333,5.0,1.175971597572667,True,False,HIGH,65,21.153666945821605,CONFIRMED,UNKNOWN,TIGHT,,,,1.7114013243311963,True,NONE,True,projection-crusher-shadow-v1-report-only
2026-08-12,Bryan King,687911,HOU,SFG,5.231113000659757,1.0,-4.231113000659757,False,False,MEDIUM,46,24.04044665002596,CONFIRMED,UNKNOWN,NORMAL,,,,2.083739852205853,True,NONE,True,projection-crusher-shadow-v1-report-only
2026-08-12,Jackson Kent,800600,WSH,CHC,4.987131452321712,6.0,1.0128685476782877,True,False,MEDIUM,46,21.592546872408168,CONFIRMED,UNKNOWN,NORMAL,,,,2.061088890537375,True,NONE,True,projection-crusher-shadow-v1-report-only
2026-08-13,Parker Messick,800048,CLE,DET,5.693249422713524,6.0,0.3067505772864756,True,False,HIGH,78,22.86229888972531,CONFIRMED,ESTABLISHED,NORMAL,,,,2.17908085365747,True,NONE,True,projection-crusher-shadow-v1-report-only
2026-08-13,Keider Montero,672456,DET,CLE,4.214743913149588,0.0,-4.214743913149588,False,False,HIGH,72,18.66123766259112,CONFIRMED,ESTABLISHED,TIGHT,,,,2.0051706830162472,True,NONE,True,projection-crusher-shadow-v1-report-only
2026-08-13,Braxton Ashcraft,677952,PIT,MIA,5.249966977526226,10.0,4.750033022473774,True,True,HIGH,78,20.783078888752524,CONFIRMED,ESTABLISHED,NORMAL,,,,2.1440426859275328,True,NONE,True,projection-crusher-shadow-v1-report-only
2026-08-13,Tyler Phillips,663969,MIA,PIT,3.866392782415895,6.0,2.133607217584105,True,True,HIGH,64,22.46787762178659,CONFIRMED,ESTABLISHED,TIGHT,,,,1.7313666048566425,True,NONE,True,projection-crusher-shadow-v1-report-only
2026-08-13,Logan Gilbert,669302,SEA,NYY,5.999279409012194,7.0,1.0007205909878056,True,False,HIGH,78,23.52373323893833,CONFIRMED,ESTABLISHED,NORMAL,,,,2.045832346234452,True,NONE,True,projection-crusher-shadow-v1-report-only
2026-08-13,Max Fried,608331,NYY,SEA,4.8420928252218784,4.0,-0.8420928252218784,False,False,HIGH,65,22.912299046781147,CONFIRMED,ESTABLISHED,NORMAL,,,,2.0702427190955337,True,NONE,True,projection-crusher-shadow-v1-report-only
2026-08-13,Andrew Abbott,671096,CIN,CHW,4.790875567489774,3.0,-1.790875567489774,False,False,HIGH,79,22.04903618972196,CONFIRMED,ESTABLISHED,NORMAL,,,,1.8614451198872763,True,NONE,True,projection-crusher-shadow-v1-report-only
2026-08-13,Davis Martin,663436,CHW,CIN,4.709475301098596,3.0,-1.7094753010985961,False,False,HIGH,78,25.4054946668788,CONFIRMED,ESTABLISHED,TIGHT,,,,2.3785528757774337,True,NONE,True,projection-crusher-shadow-v1-report-only
2026-08-13,Payton Tolle,801139,BOS,TOR,5.411665879736916,4.0,-1.4116658797369164,False,False,HIGH,72,20.980292531640828,CONFIRMED,ESTABLISHED,NORMAL,,,,2.583060404298091,True,NONE,True,projection-crusher-shadow-v1-report-only
2026-08-13,Max Scherzer,453286,TOR,BOS,4.002706076813793,4.0,-0.0027060768137934232,False,False,HIGH,70,20.724048762467675,PROJECTED_OR_UNKNOWN,UNKNOWN,TIGHT,,,,2.244463311311244,True,NONE,True,projection-crusher-shadow-v1-report-only
2026-08-13,Kevin Gausman,592332,CHC,WSH,5.1805625411540674,7.0,1.8194374588459326,True,False,HIGH,70,20.10723860589812,PROJECTED_OR_UNKNOWN,UNKNOWN,NORMAL,,,,2.300745953965036,True,NONE,True,projection-crusher-shadow-v1-report-only
2026-08-13,Cade Cavalli,676917,WSH,CHC,5.284261858257167,10.0,4.715738141742833,True,True,HIGH,70,21.610169491525426,PROJECTED_OR_UNKNOWN,UNKNOWN,NORMAL,,,,2.712117857787707,True,NONE,True,projection-crusher-shadow-v1-report-only
2026-08-13,Aaron Nola,605400,PHI,MIN,5.058942410672682,9.0,3.9410575893273183,True,True,HIGH,79,20.521429865001327,CONFIRMED,ESTABLISHED,NORMAL,,,,1.9107737516084424,True,NONE,True,projection-crusher-shadow-v1-report-only
2026-08-13,Taj Bradley,671737,MIN,PHI,5.521771862741471,3.0,-2.5217718627414714,False,False,HIGH,78,19.97362411884104,CONFIRMED,ESTABLISHED,NORMAL,,,,2.3542016445281653,True,NONE,True,projection-crusher-shadow-v1-report-only
2026-08-13,Jacob deGrom,594798,TEX,LAA,5.515084930170935,3.0,-2.515084930170935,False,False,HIGH,77,22.25872780507947,CONFIRMED,ESTABLISHED,NORMAL,,,,2.218397781099001,True,NONE,True,projection-crusher-shadow-v1-report-only
2026-08-13,Walbert Ureña,700712,LAA,TEX,4.713297608881091,5.0,0.28670239111890883,True,False,HIGH,72,22.51886854059686,CONFIRMED,ESTABLISHED,TIGHT,,,,1.8770889319673536,True,NONE,True,projection-crusher-shadow-v1-report-only
2026-08-13,Shane Drohan,675660,MIL,LAD,5.09499132605994,5.0,-0.0949913260599402,False,False,HIGH,64,20.67927960976489,CONFIRMED,ESTABLISHED,NORMAL,,,,2.1230490710990013,True,NONE,True,projection-crusher-shadow-v1-report-only
2026-08-13,Roki Sasaki,808963,LAD,MIL,5.157072926337631,2.0,-3.157072926337631,False,False,HIGH,74,22.323435361122325,CONFIRMED,ESTABLISHED,NORMAL,,,,2.080127260357413,True,NONE,True,projection-crusher-shadow-v1-report-only
2026-08-14,Matthew Liberatore,669461,STL,CHC,4.807385909419322,6.0,1.192614090580678,True,False,HIGH,78,22.15184456831837,CONFIRMED,ESTABLISHED,NORMAL,,,,2.2077415449922286,True,NONE,True,projection-crusher-shadow-v1-report-only
2026-08-14,Clay Holmes,605280,CHC,STL,4.24889813214706,3.0,-1.24889813214706,False,False,HIGH,79,19.97288901159887,CONFIRMED,ESTABLISHED,NORMAL,,,,1.8044083436697127,True,NONE,True,projection-crusher-shadow-v1-report-only
2026-08-14,Sandy Alcantara,645261,MIA,CIN,5.969322268750199,2.0,-3.969322268750199,False,False,HIGH,79,25.52687178603017,CONFIRMED,ESTABLISHED,LONG,,,,2.050326584318726,True,NONE,True,projection-crusher-shadow-v1-report-only
2026-08-14,Chase Burns,695505,CIN,MIA,5.558449164509395,8.0,2.441550835490605,True,True,HIGH,77,21.79597160509253,CONFIRMED,ESTABLISHED,NORMAL,,,,2.312426190777883,True,NONE,True,projection-crusher-shadow-v1-report-only
2026-08-14,Jake Bennett,687562,BOS,PIT,5.136651373886729,6.0,0.8633486261132708,True,False,HIGH,64,22.93411645468545,CONFIRMED,ESTABLISHED,NORMAL,,,,1.988504879869872,True,NONE,True,projection-crusher-shadow-v1-report-only
2026-08-14,Bubba Chandler,696149,PIT,BOS,4.53317940662322,5.0,0.46682059337677995,True,False,HIGH,77,20.207919121438696,CONFIRMED,ESTABLISHED,NORMAL,,,,2.1009933495490807,True,NONE,True,projection-crusher-shadow-v1-report-only
2026-08-14,Sean Newcomb,656794,CHW,DET,4.293658542998768,2.0,-2.2936585429987684,False,False,MEDIUM,53,22.464061154188627,CONFIRMED,ESTABLISHED,TIGHT,,,,1.921817807844298,True,NONE,True,projection-crusher-shadow-v1-report-only
2026-08-14,Jackson Jobe,695549,DET,CHW,4.509072904569642,4.0,-0.509072904569642,False,False,HIGH,60,23.167521097812813,CONFIRMED,ESTABLISHED,NORMAL,,,,1.7446642727498352,True,NONE,True,projection-crusher-shadow-v1-report-only
2026-08-14,Andrew Alvarez,674841,WSH,NYM,4.411414403822503,4.0,-0.41141440382250316,False,False,HIGH,65,22.29864514301804,CONFIRMED,ESTABLISHED,TIGHT,,,,1.674950426341056,True,NONE,True,projection-crusher-shadow-v1-report-only
2026-08-14,Robert Stock,476594,NYM,WSH,4.350693049617538,5.0,0.6493069503824618,True,False,MEDIUM,47,20.467410528285704,CONFIRMED,ESTABLISHED,TIGHT,,,,1.996185728608068,True,NONE,True,projection-crusher-shadow-v1-report-only
2026-08-14,Michael King,650633,SDP,CLE,4.756564500312371,4.0,-0.7565645003123711,False,False,HIGH,79,19.155603612059853,CONFIRMED,ESTABLISHED,NORMAL,,,,1.868770269461508,True,NONE,True,projection-crusher-shadow-v1-report-only
2026-08-14,Gavin Williams,668909,CLE,SDP,5.778883370854544,5.0,-0.778883370854544,False,False,HIGH,79,20.330232778384666,CONFIRMED,ESTABLISHED,NORMAL,,,,2.4319888307961777,True,NONE,True,projection-crusher-shadow-v1-report-only
2026-08-14,Brandon Pfaadt,694297,ARI,ATL,4.695923424536369,7.0,2.3040765754636308,True,True,HIGH,79,21.612755374421035,CONFIRMED,ESTABLISHED,NORMAL,,,,2.0713114999758457,True,NONE,True,projection-crusher-shadow-v1-report-only
2026-08-14,Gerrit Cole,543037,NYY,TOR,5.1837125225898735,5.0,-0.18371252258987347,False,False,HIGH,65,18.69173244256435,CONFIRMED,ESTABLISHED,NORMAL,,,,2.396159099522176,True,NONE,True,projection-crusher-shadow-v1-report-only
2026-08-14,Shane Bieber,669456,TOR,NYY,4.789902636901819,5.0,0.21009736309818106,True,False,HIGH,68,24.402589062889312,CONFIRMED,ESTABLISHED,TIGHT,,,,2.110774167338472,True,NONE,True,projection-crusher-shadow-v1-report-only
2026-08-14,George Kirby,669923,SEA,HOU,5.055233311872689,2.0,-3.055233311872689,False,False,HIGH,77,21.338994807369552,CONFIRMED,ESTABLISHED,NORMAL,,,,1.9818837427740936,True,NONE,True,projection-crusher-shadow-v1-report-only
2026-08-14,Peter Lambert,663567,HOU,SEA,4.964871980644212,6.0,1.0351280193557884,True,False,HIGH,74,19.690092929731883,CONFIRMED,ESTABLISHED,NORMAL,,,,2.0133553788417604,True,NONE,True,projection-crusher-shadow-v1-report-only
2026-08-14,Seth Lugo,607625,KCR,LAA,4.862892118380245,4.0,-0.8628921183802447,False,False,HIGH,79,22.21333703669492,CONFIRMED,ESTABLISHED,NORMAL,,,,1.972753676751089,True,NONE,True,projection-crusher-shadow-v1-report-only
2026-08-14,Grayson Rodriguez,680570,LAA,KCR,4.497707170109626,5.0,0.5022928298903739,True,False,HIGH,62,21.24778909785245,CONFIRMED,ESTABLISHED,NORMAL,,,,2.177262331180518,True,NONE,True,projection-crusher-shadow-v1-report-only
2026-08-14,Kumar Rocker,677958,TEX,ATH,4.395781761680474,3.0,-1.3957817616804737,False,False,HIGH,74,19.444362526494164,CONFIRMED,ESTABLISHED,TIGHT,,,,1.742929474817993,True,NONE,True,projection-crusher-shadow-v1-report-only
2026-08-14,Robert Gasser,688107,MIL,LAD,4.7466171474424845,7.0,2.2533828525575155,True,True,HIGH,64,21.41393421271099,CONFIRMED,ESTABLISHED,NORMAL,,,,1.7478296448849648,True,NONE,True,projection-crusher-shadow-v1-report-only
2026-08-14,Yoshinobu Yamamoto,808967,LAD,MIL,5.946600628694665,9.0,3.0533993713053347,True,True,HIGH,76,22.3038949326692,CONFIRMED,ESTABLISHED,LONG,,,,2.198389384996228,True,NONE,True,projection-crusher-shadow-v1-report-only
2026-08-14,Kyle Freeland,607536,COL,SFG,5.705471119678161,2.0,-3.705471119678161,False,False,HIGH,76,24.48012631936205,CONFIRMED,ESTABLISHED,NORMAL,,,,2.189009080690279,True,NONE,True,projection-crusher-shadow-v1-report-only
2026-08-14,Landen Roupp,694738,SFG,COL,5.18952142514298,5.0,-0.18952142514298043,False,False,HIGH,78,21.802137374731466,CONFIRMED,ESTABLISHED,NORMAL,,,,1.977811165111942,True,NONE,True,projection-crusher-shadow-v1-report-only
2026-08-14,Chris Sale,519242,ATL,ARI,5.485459497169694,9.0,3.5145405028303056,True,True,HIGH,76,18.856924272379217,CONFIRMED,ESTABLISHED,LONG,,,,2.1995572045602696,True,NONE,True,projection-crusher-shadow-v1-report-only
2026-08-14,Chris Bassitt,605135,BAL,TBR,4.100788408450873,3.0,-1.1007884084508728,False,False,HIGH,79,18.555504839606428,CONFIRMED,ESTABLISHED,TIGHT,,,,2.1547957922832586,True,NONE,True,projection-crusher-shadow-v1-report-only
2026-08-14,Steven Matz,571927,TBR,BAL,4.256740631891617,1.0,-3.256740631891617,False,False,HIGH,62,26.11599085278673,CONFIRMED,LOW_RECENT_EXPOSURE,TIGHT,,,,2.1358575447746486,True,NONE,True,projection-crusher-shadow-v1-report-only
2026-08-14,Gage Jump,695611,ATH,TEX,5.663479055047671,1.0,-4.663479055047671,False,False,HIGH,65,24.519953321152848,CONFIRMED,ESTABLISHED,NORMAL,,,,2.332109629115426,True,NONE,True,projection-crusher-shadow-v1-report-only
2026-08-15,Anthony Kay,641743,CHW,DET,4.794158051567684,4.0,-0.7941580515676838,False,False,HIGH,77,22.98993930276515,CONFIRMED,RAMPING,NORMAL,,,,1.9263789987604336,True,NONE,True,projection-crusher-shadow-v1-report-only
2026-08-15,Troy Melton,675512,DET,CHW,5.350953547943936,4.0,-1.350953547943936,False,False,HIGH,64,23.17671596370065,CONFIRMED,ESTABLISHED,NORMAL,,,,2.144218336385305,True,NONE,True,projection-crusher-shadow-v1-report-only
2026-08-15,Michael McGreevy,700241,STL,CHC,4.488471728532872,6.0,1.511528271467128,True,False,HIGH,78,22.967240498159555,CONFIRMED,ESTABLISHED,NORMAL,,,,1.9892978291591648,True,NONE,True,projection-crusher-shadow-v1-report-only
2026-08-15,Matthew Boyd,571510,CHC,STL,5.168619874051423,2.0,-3.168619874051423,False,False,HIGH,65,20.904101664780363,CONFIRMED,ESTABLISHED,NORMAL,,,,2.139924381967768,True,NONE,True,projection-crusher-shadow-v1-report-only
2026-08-15,Cam Schlittler,693645,NYY,TOR,5.76531356803126,7.0,1.2346864319687398,True,False,HIGH,79,21.08347091533089,CONFIRMED,ESTABLISHED,NORMAL,,,,2.2883148768032373,True,NONE,True,projection-crusher-shadow-v1-report-only
2026-08-15,Braydon Fisher,680755,TOR,NYY,3.1565460243819308,0.0,-3.1565460243819308,False,False,MEDIUM,56,24.33876440330708,CONFIRMED,OPENER_LIKE,TIGHT,,,,1.3485090070694374,True,NONE,True,projection-crusher-shadow-v1-report-only
2026-08-15,Michael Lorenzen,547179,COL,SFG,4.173256011909386,1.0,-3.1732560119093858,False,False,HIGH,79,20.989147327779488,CONFIRMED,ESTABLISHED,NORMAL,,,,1.891758883104821,True,NONE,True,projection-crusher-shadow-v1-report-only
2026-08-15,Logan Webb,657277,SFG,COL,5.51839318904492,7.0,1.4816068109550802,True,False,HIGH,76,22.928116873182663,CONFIRMED,ESTABLISHED,NORMAL,,,,1.9582059104521647,True,NONE,True,projection-crusher-shadow-v1-report-only
2026-08-15,Brad Lord,695418,WSH,NYM,3.8440168524749634,1.0,-2.8440168524749634,False,False,HIGH,76,22.40127994997025,CONFIRMED,LOW_RECENT_EXPOSURE,TIGHT,,,,1.7633886458206598,True,NONE,True,projection-crusher-shadow-v1-report-only
2026-08-15,Sean Manaea,640455,NYM,WSH,5.368189786752298,7.0,1.631810213247702,True,False,HIGH,78,22.43566373632261,CONFIRMED,ESTABLISHED,NORMAL,,,,2.1471253572836435,True,NONE,True,projection-crusher-shadow-v1-report-only
2026-08-15,Kyle Bradish,680694,BAL,TBR,4.529826520715504,3.0,-1.5298265207155044,False,False,HIGH,78,18.273325057568787,CONFIRMED,ESTABLISHED,NORMAL,,,,2.290002445280068,True,NONE,True,projection-crusher-shadow-v1-report-only
2026-08-15,Ian Seymour,693855,TBR,BAL,5.399951571868048,9.0,3.6000484281319522,True,True,HIGH,65,25.31342791309677,CONFIRMED,ESTABLISHED,TIGHT,,,,2.625954362016848,True,NONE,True,projection-crusher-shadow-v1-report-only
2026-08-15,Ryan Gusto,687473,MIA,CIN,4.531679633410276,6.0,1.4683203665897242,True,False,HIGH,79,24.735702548816,CONFIRMED,ESTABLISHED,TIGHT,,,,2.1796009955183155,True,NONE,True,projection-crusher-shadow-v1-report-only
2026-08-15,Brady Singer,663903,CIN,MIA,5.221973800020474,4.0,-1.221973800020474,False,False,HIGH,78,23.56241731301588,CONFIRMED,ESTABLISHED,NORMAL,,,,1.997247419255847,True,NONE,True,projection-crusher-shadow-v1-report-only
2026-08-15,Joey Cantillo,676282,CLE,SDP,4.399320485164076,7.0,2.6006795148359236,True,True,HIGH,79,20.987560174294828,CONFIRMED,LOW_RECENT_EXPOSURE,TIGHT,,,,2.2555140657836823,True,NONE,True,projection-crusher-shadow-v1-report-only
2026-08-15,Emerson Hancock,676106,SEA,HOU,5.06781795311276,8.0,2.93218204688724,True,True,HIGH,77,21.287779888728707,CONFIRMED,ESTABLISHED,NORMAL,,,,2.433976335677876,True,NONE,True,projection-crusher-shadow-v1-report-only
2026-08-15,Hayden Wesneski,669713,HOU,SEA,4.639624601441137,6.0,1.3603753985588627,True,False,MEDIUM,58,19.68465309634883,CONFIRMED,ESTABLISHED,TIGHT,,,,2.2307498843068863,True,NONE,True,projection-crusher-shadow-v1-report-only
2026-08-15,Jesús Luzardo,666200,PHI,MIN,6.146693838277013,9.0,2.853306161722987,True,True,HIGH,79,20.40438615745381,CONFIRMED,ESTABLISHED,LONG,,,,2.564527695135705,True,NONE,True,projection-crusher-shadow-v1-report-only
2026-08-15,Connor Prielipp,687570,MIN,PHI,5.01449363583585,6.0,0.9855063641641504,True,False,HIGH,68,21.043805828615547,CONFIRMED,ESTABLISHED,NORMAL,,,,2.1698017931582743,True,NONE,True,projection-crusher-shadow-v1-report-only
2026-08-15,Sonny Gray,543243,BOS,PIT,5.404713263895313,7.0,1.5952867361046872,True,False,HIGH,77,22.49866327539845,CONFIRMED,ESTABLISHED,NORMAL,,,,2.4741484233488675,True,NONE,True,projection-crusher-shadow-v1-report-only
2026-08-15,Jared Jones,683003,PIT,BOS,4.369522756824493,7.0,2.6304772431755072,True,True,HIGH,64,20.05680070777109,CONFIRMED,ESTABLISHED,TIGHT,,,,1.899864687874716,True,NONE,True,projection-crusher-shadow-v1-report-only
2026-08-15,Eduardo Rodriguez,593958,ARI,ATL,5.003575211179797,5.0,-0.0035752111797968666,False,False,HIGH,79,21.033908937078003,CONFIRMED,ESTABLISHED,LONG,,,,1.918872653255581,True,NONE,True,projection-crusher-shadow-v1-report-only
2026-08-15,Grant Holmes,656550,ATL,ARI,4.209018734059028,3.0,-1.2090187340590282,False,False,HIGH,77,20.230030645370363,CONFIRMED,ESTABLISHED,TIGHT,,,,1.871683555275872,True,NONE,True,projection-crusher-shadow-v1-report-only
2026-08-15,Jacob Misiorowski,694819,MIL,LAD,6.337775222291999,6.0,-0.33777522229199874,False,False,HIGH,77,21.30220350706561,CONFIRMED,ESTABLISHED,NORMAL,,,,2.277305348378259,True,NONE,True,projection-crusher-shadow-v1-report-only
2026-08-15,Justin Wrobleski,680736,LAD,MIL,5.040592301170672,6.0,0.9594076988293283,True,False,HIGH,72,21.54922601120775,CONFIRMED,ESTABLISHED,NORMAL,,,,2.556257497164156,True,NONE,True,projection-crusher-shadow-v1-report-only
2026-08-15,Randy Dobnak,677976,KCR,LAA,4.623363071899023,6.0,1.376636928100977,True,False,MEDIUM,52,23.11314232678908,CONFIRMED,ESTABLISHED,NORMAL,,,,1.6842930258479003,True,NONE,True,projection-crusher-shadow-v1-report-only
2026-08-15,Reid Detmers,672282,LAA,KCR,5.304542788020525,11.0,5.695457211979475,True,True,HIGH,79,21.19918859407736,CONFIRMED,ESTABLISHED,NORMAL,,,,2.315039399184181,True,NONE,True,projection-crusher-shadow-v1-report-only
2026-08-15,MacKenzie Gore,669022,TEX,ATH,5.728918305023873,5.0,-0.728918305023873,False,False,HIGH,79,22.804660450717712,CONFIRMED,ESTABLISHED,NORMAL,,,,2.269464233583843,True,NONE,True,projection-crusher-shadow-v1-report-only
2026-08-15,J.T. Ginn,669372,ATH,TEX,5.2555044065094165,7.0,1.7444955934905835,True,False,HIGH,76,22.51241168839586,CONFIRMED,ESTABLISHED,NORMAL,,,,2.191053498737915,True,NONE,True,projection-crusher-shadow-v1-report-only
2026-08-15,Wandy Peralta,593974,SDP,CLE,2.931011575603759,1.0,-1.9310115756037591,False,False,MEDIUM,52,20.84358827158858,CONFIRMED,OPENER_LIKE,TIGHT,,,,1.1950552870413833,True,NONE,True,projection-crusher-shadow-v1-report-only
2026-08-16,Trevor Rogers,669432,BAL,TBR,4.653793981338421,6.0,1.3462060186615794,True,False,HIGH,77,19.95954899794461,CONFIRMED,ESTABLISHED,NORMAL,,,,1.993996103607744,True,NONE,True,projection-crusher-shadow-v1-report-only
2026-08-16,Freddy Peralta,642547,TBR,BAL,5.157942880566768,2.0,-3.157942880566768,False,False,HIGH,79,24.27081959527378,CONFIRMED,ESTABLISHED,NORMAL,,,,2.047583551749946,True,NONE,True,projection-crusher-shadow-v1-report-only
2026-08-16,Patrick Sandoval,663776,BOS,PIT,5.361548644646005,6.0,0.638451355353995,True,False,MEDIUM,53,24.378865037344312,CONFIRMED,RAMPING,NORMAL,,,,1.75917488267958,True,NONE,True,projection-crusher-shadow-v1-report-only
2026-08-16,Lake Bachar,669199,PIT,BOS,3.0540215443291974,4.0,0.9459784556708026,True,False,MEDIUM,52,20.844726432873497,CONFIRMED,OPENER_LIKE,TIGHT,,,,1.2845934096083167,True,NONE,True,projection-crusher-shadow-v1-report-only
2026-08-16,Michael Soroka,647336,ARI,ATL,4.638304993677666,5.0,0.36169500632233387,True,False,HIGH,68,21.89442057067619,CONFIRMED,LOW_RECENT_EXPOSURE,TIGHT,,,,2.540638099942256,True,NONE,True,projection-crusher-shadow-v1-report-only
2026-08-16,Bryce Elder,693821,ATL,ARI,5.006204567084418,5.0,-0.006204567084417967,False,False,HIGH,78,20.90183353450496,CONFIRMED,ESTABLISHED,NORMAL,,,,2.1631672186142112,True,NONE,True,projection-crusher-shadow-v1-report-only
2026-08-16,Ryan Weathers,677960,NYY,TOR,5.199156922758577,4.0,-1.1991569227585774,False,False,HIGH,78,20.935077406984973,CONFIRMED,ESTABLISHED,NORMAL,,,,2.175492229949886,True,NONE,True,projection-crusher-shadow-v1-report-only
2026-08-16,Dylan Cease,656302,TOR,NYY,6.797942636173971,10.0,3.202057363826029,True,True,HIGH,77,23.514686971575298,CONFIRMED,ESTABLISHED,LONG,,,,2.213244384771906,True,NONE,True,projection-crusher-shadow-v1-report-only
2026-08-16,Jake Irvin,663623,WSH,NYM,4.414384550836889,6.0,1.585615449163111,True,False,HIGH,65,22.07675214072664,CONFIRMED,ESTABLISHED,TIGHT,,,,2.0131058995741458,True,NONE,True,projection-crusher-shadow-v1-report-only
2026-08-16,Christian Scott,681035,NYM,WSH,4.8926211615611,7.0,2.1073788384389003,True,True,HIGH,70,20.43659138245001,CONFIRMED,ESTABLISHED,NORMAL,,,,1.9289702216491955,True,NONE,True,projection-crusher-shadow-v1-report-only
2026-08-16,Casey Mize,663554,SDP,CLE,4.626856302479892,3.0,-1.6268563024798919,False,False,HIGH,71,19.598513905737644,CONFIRMED,ESTABLISHED,TIGHT,,,,2.1686777152937013,True,NONE,True,projection-crusher-shadow-v1-report-only
2026-08-16,Tanner Bibee,676440,CLE,SDP,4.900820874019503,3.0,-1.9008208740195034,False,False,HIGH,79,20.38183401030391,CONFIRMED,ESTABLISHED,NORMAL,,,,2.1698158255549416,True,NONE,True,projection-crusher-shadow-v1-report-only
2026-08-16,Sean Burke,680732,CHW,DET,5.372787716023881,2.0,-3.372787716023881,False,False,HIGH,74,20.8863101822336,CONFIRMED,ESTABLISHED,NORMAL,,,,2.339551976257777,True,NONE,True,projection-crusher-shadow-v1-report-only
2026-08-16,Drew Anderson,623454,DET,CHW,3.6685559209445335,5.0,1.3314440790554665,True,False,MEDIUM,50,23.02129423398826,CONFIRMED,OPENER_LIKE,TIGHT,,,,2.4323092312302426,True,NONE,True,projection-crusher-shadow-v1-report-only
2026-08-16,Eury Pérez,691587,MIA,CIN,5.708494599050562,5.0,-0.708494599050562,False,False,HIGH,76,24.23788731635306,CONFIRMED,ESTABLISHED,NORMAL,,,,2.279078894320806,True,NONE,True,projection-crusher-shadow-v1-report-only
2026-08-16,Nick Lodolo,666157,CIN,MIA,4.500722335947863,2.0,-2.500722335947863,False,False,HIGH,64,21.48718983466159,CONFIRMED,ESTABLISHED,NORMAL,,,,1.808041035290796,True,NONE,True,projection-crusher-shadow-v1-report-only
2026-08-16,Andrew Painter,691725,PHI,MIN,4.161655880868947,2.0,-2.161655880868947,False,False,HIGH,66,20.610453266920665,CONFIRMED,ESTABLISHED,TIGHT,,,,2.0031983590329587,True,NONE,True,projection-crusher-shadow-v1-report-only
2026-08-16,Dean Kremer,665152,MIN,PHI,4.432639319822826,6.0,1.567360680177174,True,False,HIGH,79,19.658705635002683,CONFIRMED,ESTABLISHED,NORMAL,,,,1.9507963281679963,True,NONE,True,projection-crusher-shadow-v1-report-only
2026-08-16,Hunter Dobbins,690928,STL,CHC,4.539976940292121,7.0,2.460023059707879,True,True,HIGH,70,22.71734598291316,CONFIRMED,ESTABLISHED,NORMAL,,,,2.0400187418400555,True,NONE,True,projection-crusher-shadow-v1-report-only
2026-08-16,Edward Cabrera,665795,CHC,STL,4.565164903313475,2.0,-2.565164903313475,False,False,HIGH,65,20.90532564578737,CONFIRMED,ESTABLISHED,NORMAL,,,,1.8875523298503127,True,NONE,True,projection-crusher-shadow-v1-report-only
2026-08-16,Gabriel Hughes,687312,COL,SFG,4.825934159552915,2.0,-2.825934159552915,False,False,MEDIUM,53,20.79758689626684,CONFIRMED,ESTABLISHED,TIGHT,,,,2.0347297818165933,True,NONE,True,projection-crusher-shadow-v1-report-only
2026-08-16,Blade Tidwell,694918,SFG,COL,4.555084306412306,1.0,-3.555084306412306,False,False,MEDIUM,50,21.918395943059203,CONFIRMED,ESTABLISHED,NORMAL,,,,1.8567882199377903,True,NONE,True,projection-crusher-shadow-v1-report-only
2026-08-16,Cody Bradford,674003,TEX,ATH,4.845734792117946,4.0,-0.8457347921179457,False,False,MEDIUM,47,22.5022612070238,CONFIRMED,ESTABLISHED,TIGHT,,,,2.049074895926736,True,NONE,True,projection-crusher-shadow-v1-report-only
2026-08-16,Jacob Lopez,682052,ATH,TEX,4.715502572247446,6.0,1.2844974277525543,True,False,HIGH,68,23.76393557536326,CONFIRMED,ESTABLISHED,NORMAL,,,,2.3942896499206414,True,NONE,True,projection-crusher-shadow-v1-report-only
2026-08-16,Noah Cameron,702070,KCR,LAA,5.700107394222463,8.0,2.2998926057775373,True,True,HIGH,77,24.80854159188163,CONFIRMED,ESTABLISHED,LONG,,,,2.383765271543666,True,NONE,True,projection-crusher-shadow-v1-report-only
2026-08-16,Ryan Johnson,696270,LAA,KCR,4.119426045711611,4.0,-0.1194260457116112,False,False,HIGH,60,21.71398100632892,CONFIRMED,ESTABLISHED,TIGHT,,,,2.038598887221456,True,NONE,True,projection-crusher-shadow-v1-report-only
2026-08-16,Logan Henderson,701656,MIL,LAD,5.166586769096899,6.0,0.8334132309031013,True,False,HIGH,68,21.070773457124137,CONFIRMED,ESTABLISHED,NORMAL,,,,2.0105171509759807,True,NONE,True,projection-crusher-shadow-v1-report-only
2026-08-16,Tarik Skubal,669373,LAD,MIL,5.825653446777954,7.0,1.1743465532220458,True,False,HIGH,71,21.702129383491613,CONFIRMED,ESTABLISHED,NORMAL,,,,2.220045608209767,True,NONE,True,projection-crusher-shadow-v1-report-only
2026-08-16,Bryan Woo,693433,SEA,HOU,5.01676483607724,5.0,-0.016764836077239664,False,False,HIGH,78,19.58200694342229,CONFIRMED,ESTABLISHED,NORMAL,,,,2.292132971264049,True,NONE,True,projection-crusher-shadow-v1-report-only
2026-08-16,Hunter Brown,686613,HOU,SEA,5.072816727384349,5.0,-0.07281672738434875,False,False,HIGH,62,20.74584306509969,CONFIRMED,ESTABLISHED,NORMAL,,,,2.057626414197648,True,NONE,True,projection-crusher-shadow-v1-report-only
2026-08-17,Rhett Lowder,695076,CIN,STL,4.518264999827,5.0,0.48173500017299986,True,False,HIGH,71,20.705664306645787,CONFIRMED,ESTABLISHED,NORMAL,4.53108,4.505449999654001,0.02563000034599927,2.018311651074023,True,NONE,True,projection-crusher-shadow-v1-report-only
2026-08-17,Brandon Young,687064,BAL,TBR,4.714334282367846,3.0,-1.7143342823678456,False,False,HIGH,74,18.17085615990853,CONFIRMED,ESTABLISHED,NORMAL,4.72868,4.6999885647356905,0.028691435264309284,1.834381987062509,True,NONE,True,projection-crusher-shadow-v1-report-only
2026-08-17,Shane McClanahan,663556,TBR,BAL,4.666088442026614,3.0,-1.6660884420266138,False,False,HIGH,74,24.91752900254053,CONFIRMED,LOW_RECENT_EXPOSURE,TIGHT,4.67224,4.659936884053227,0.012303115946773246,1.755394242772233,True,NONE,True,projection-crusher-shadow-v1-report-only
2026-08-17,Janson Junk,676083,MIA,PHI,3.993388375197344,2.0,-1.9933883751973438,False,False,HIGH,70,19.917622843470216,CONFIRMED,ESTABLISHED,TIGHT,4.00552,3.981256750394688,0.0242632496053119,1.7177564449167024,True,NONE,True,projection-crusher-shadow-v1-report-only
2026-08-17,Cristopher Sánchez,650911,PHI,MIA,5.963363872142812,6.0,0.03663612785718762,True,False,HIGH,79,21.22279498272504,CONFIRMED,ESTABLISHED,NORMAL,5.97624,5.950487744285625,0.025752255714374783,2.414024032954367,True,NONE,True,projection-crusher-shadow-v1-report-only
2026-08-17,Framber Valdez,664285,DET,PIT,5.233219003117307,5.0,-0.23321900311730737,False,False,HIGH,79,23.233456482732347,CONFIRMED,ESTABLISHED,NORMAL,5.24888,5.217558006234614,0.03132199376538569,2.266731726913405,True,NONE,True,projection-crusher-shadow-v1-report-only
2026-08-17,Carmen Mlodzinski,669387,PIT,DET,3.587177619214837,3.0,-0.5871776192148368,False,False,HIGH,78,20.143891746063584,CONFIRMED,LOW_RECENT_EXPOSURE,TIGHT,3.59996,3.5743952384296738,0.025564761570326056,2.191552644311806,True,NONE,True,projection-crusher-shadow-v1-report-only
2026-08-17,Mitch Bratt,683352,ARI,BOS,4.223785431458687,0.0,-4.223785431458687,False,False,MEDIUM,54,20.98643886745273,CONFIRMED,RAMPING,TIGHT,4.23408,4.213490862917374,0.02058913708262544,2.432885419132996,True,NONE,True,projection-crusher-shadow-v1-report-only
2026-08-17,Walker Buehler,621111,SDP,NYM,4.52204327956815,4.0,-0.52204327956815,False,False,HIGH,79,22.33840418631468,CONFIRMED,ESTABLISHED,NORMAL,4.53412,4.5099665591363,0.024153440863699416,1.900741454721557,True,NONE,True,projection-crusher-shadow-v1-report-only
2026-08-17,Nolan McLean,690997,NYM,SDP,5.60565164504754,3.0,-2.6056516450475398,False,False,HIGH,79,20.28157710358378,CONFIRMED,ESTABLISHED,NORMAL,5.62224,5.58906329009508,0.03317670990491983,2.114774753018222,True,NONE,True,projection-crusher-shadow-v1-report-only
2026-08-17,Mason Barnett,686930,ATH,KCR,4.215105119532577,2.0,-2.215105119532577,False,False,MEDIUM,56,20.915771766309817,CONFIRMED,ESTABLISHED,TIGHT,4.2304,4.199810239065153,0.030589760934847554,2.4334838652270374,True,NONE,True,projection-crusher-shadow-v1-report-only
2026-08-17,Michael Wacha,608379,KCR,ATH,4.988548340582685,3.0,-1.9885483405826854,False,False,HIGH,79,19.53720233538478,CONFIRMED,ESTABLISHED,NORMAL,5.00024,4.976856681165371,0.023383318834628852,1.9592551648625909,True,NONE,True,projection-crusher-shadow-v1-report-only
2026-08-17,Martín Pérez,527048,ATL,MIN,3.997922197560462,3.0,-0.9979221975604622,False,False,HIGH,72,21.734016546000344,CONFIRMED,ESTABLISHED,TIGHT,4.00252,3.993324395120925,0.009195604879074448,2.071559135293961,True,NONE,True,projection-crusher-shadow-v1-report-only
2026-08-17,Bailey Ober,641927,MIN,ATL,4.552692426074534,4.0,-0.5526924260745343,False,False,HIGH,71,21.653343010487905,CONFIRMED,ESTABLISHED,NORMAL,4.56988,4.535504852149068,0.03437514785093221,2.3111256246057343,True,NONE,True,projection-crusher-shadow-v1-report-only
2026-08-17,Luis Castillo,622491,CHW,CHC,4.958051101479114,1.0,-3.958051101479114,False,False,HIGH,72,22.146204710436106,CONFIRMED,ESTABLISHED,NORMAL,4.9734,4.942702202958228,0.030697797041772112,1.9810211892314664,True,NONE,True,projection-crusher-shadow-v1-report-only
2026-08-17,Shota Imanaga,684007,CHC,CHW,5.318246670709621,10.0,4.681753329290379,True,True,HIGH,79,23.232344189016565,CONFIRMED,ESTABLISHED,NORMAL,5.338,5.298493341419242,0.03950665858075819,2.2863473165474693,True,NONE,True,projection-crusher-shadow-v1-report-only
2026-08-17,Blake Snell,605483,LAD,COL,5.358647602224803,5.0,-0.35864760222480285,False,False,HIGH,64,24.106763070938943,CONFIRMED,ESTABLISHED,NORMAL,5.37004,5.347255204449606,0.022784795550394144,2.8201725716936834,True,NONE,True,projection-crusher-shadow-v1-report-only
2026-08-17,Tomoyuki Sugano,608372,COL,LAD,3.9399266163000446,3.0,-0.9399266163000446,False,False,HIGH,76,21.230136659301643,CONFIRMED,ESTABLISHED,NORMAL,3.95084,3.929013232600089,0.021826767399911073,1.5962721301349845,True,NONE,True,projection-crusher-shadow-v1-report-only
2026-08-17,Quinn Mathews,687273,STL,CIN,5.397625398488667,7.0,1.6023746015113334,True,False,MEDIUM,46,24.26701971652553,CONFIRMED,UNKNOWN,NORMAL,5.40972,5.385530796977333,0.024189203022666916,2.0961919095399795,True,NONE,True,projection-crusher-shadow-v1-report-only
2026-08-17,Andre Pallante,669467,STL,CIN,5.035533662626852,5.0,-0.03553366262685209,False,False,HIGH,70,25.19924098671727,PROJECTED_OR_UNKNOWN,ESTABLISHED,NORMAL,5.04284,5.028227325253705,0.014612674746294907,2.0042317388905766,True,NONE,True,projection-crusher-shadow-v1-report-only
2026-08-17,Kent Emanuel,592288,CIN,STL,4.658534057548187,4.0,-0.6585340575481871,False,False,MEDIUM,46,20.633866695047804,CONFIRMED,UNKNOWN,NORMAL,4.67316,4.643908115096374,0.02925188490362629,2.0288253873850506,True,NONE,True,projection-crusher-shadow-v1-report-only
2026-08-17,Alec Gamboa,687941,BOS,ARI,4.689950643277936,1.0,-3.6899506432779363,False,False,MEDIUM,46,20.817064666046907,CONFIRMED,UNKNOWN,NORMAL,4.71552,4.664381286555873,0.05113871344412679,2.0365317240982352,True,NONE,True,projection-crusher-shadow-v1-report-only
2026-08-18,Carlos Rodón,607074,NYY,BAL,5.61537454976998,4.0,-1.6153745497699799,False,False,HIGH,79,25.322880581845425,CONFIRMED,ESTABLISHED,NORMAL,5.62696,5.603789099539959,0.02317090046004111,2.054579452147484,True,NONE,True,projection-crusher-shadow-v1-report-only
2026-08-18,Shane Baz,669358,BAL,NYY,5.414982918719831,10.0,4.585017081280169,True,True,HIGH,79,24.43381865349852,CONFIRMED,ESTABLISHED,NORMAL,5.42292,5.407045837439663,0.0158741625603378,2.208491832309409,True,NONE,True,projection-crusher-shadow-v1-report-only
2026-08-18,Keider Montero,672456,DET,PIT,4.653182668769521,3.0,-1.6531826687695208,False,False,HIGH,74,23.88399289693152,CONFIRMED,ESTABLISHED,TIGHT,4.66568,4.640685337539042,0.024994662460957606,2.099097989596097,True,NONE,True,projection-crusher-shadow-v1-report-only
2026-08-18,Braxton Ashcraft,677952,PIT,DET,5.346787593098446,4.0,-1.3467875930984459,False,False,HIGH,79,20.55205269087232,CONFIRMED,ESTABLISHED,NORMAL,5.3648,5.328775186196892,0.03602481380310785,2.203484448660292,True,NONE,True,projection-crusher-shadow-v1-report-only
2026-08-18,Carson Whisenhunt,687931,SFG,CLE,4.140867861084864,1.0,-3.140867861084864,False,False,HIGH,60,20.724142860867417,CONFIRMED,ESTABLISHED,TIGHT,4.15436,4.127375722169729,0.026984277830270464,1.7686779825311385,True,NONE,True,projection-crusher-shadow-v1-report-only
2026-08-18,Foster Griffin,656492,CLE,SFG,5.459779377135535,6.0,0.5402206228644646,True,False,HIGH,79,24.849948372494257,CONFIRMED,ESTABLISHED,NORMAL,5.47208,5.447478754271069,0.024601245728931076,2.333664903284758,True,NONE,True,projection-crusher-shadow-v1-report-only
2026-08-18,Kyle Leahy,681517,STL,CIN,4.94040689536778,6.0,1.0595931046322198,True,False,HIGH,78,25.14447443843592,CONFIRMED,ESTABLISHED,NORMAL,4.95428,4.926533790735561,0.02774620926443916,2.2139624477885933,True,NONE,True,projection-crusher-shadow-v1-report-only
2026-08-18,Andrew Abbott,671096,CIN,STL,4.409029753133487,6.0,1.5909702468665126,True,False,HIGH,79,19.399353336394565,CONFIRMED,ESTABLISHED,NORMAL,4.42108,4.396979506266972,0.024100493733027584,1.8087491478198927,True,NONE,True,projection-crusher-shadow-v1-report-only
2026-08-18,José Soriano,667755,TOR,TBR,4.674917674843069,2.0,-2.674917674843069,False,False,HIGH,79,18.475063138022666,CONFIRMED,ESTABLISHED,NORMAL,4.68184,4.667995349686139,0.013844650313861173,2.228607118320991,True,NONE,True,projection-crusher-shadow-v1-report-only
2026-08-18,Nick Martinez,607259,TBR,TOR,4.219537306215175,5.0,0.7804626937848251,True,False,HIGH,78,19.182688091506847,CONFIRMED,ESTABLISHED,NORMAL,4.23392,4.205154612430349,0.02876538756965097,1.807267537034364,True,NONE,True,projection-crusher-shadow-v1-report-only
2026-08-18,Cade Gibson,806188,MIA,PHI,2.932904529638229,1.0,-1.932904529638229,False,False,LOW,46,20.93145952161677,CONFIRMED,UNKNOWN,TIGHT,2.43632,3.4294890592764578,0.9931690592764579,1.749735663406239,True,NONE,True,projection-crusher-shadow-v1-report-only
2026-08-18,Zack Wheeler,554430,PHI,MIA,5.387025936398032,7.0,1.6129740636019676,True,False,HIGH,74,21.78487745115868,CONFIRMED,ESTABLISHED,NORMAL,5.3956,5.378451872796065,0.017148127203935104,2.496589063916534,True,NONE,True,projection-crusher-shadow-v1-report-only
2026-08-18,Merrill Kelly,518876,ARI,BOS,4.246455249022981,2.0,-2.246455249022981,False,False,HIGH,77,20.66461421413838,CONFIRMED,ESTABLISHED,NORMAL,4.26776,4.225150498045961,0.0426095019540389,1.7621407076105793,True,NONE,True,projection-crusher-shadow-v1-report-only
2026-08-18,Ranger Suarez,624133,BOS,ARI,4.374293519604724,3.0,-1.3742935196047243,False,False,HIGH,76,19.916866485637936,CONFIRMED,ESTABLISHED,TIGHT,4.39296,4.355627039209446,0.037332960790554814,2.338664635856421,True,NONE,True,projection-crusher-shadow-v1-report-only
2026-08-18,Robbie Ray,592662,SDP,NYM,4.933170546179699,4.0,-0.9331705461796993,False,False,HIGH,78,23.161039006666417,CONFIRMED,ESTABLISHED,NORMAL,4.94104,4.925301092359398,0.015738907640602484,1.959556465279362,True,NONE,True,projection-crusher-shadow-v1-report-only
2026-08-18,Zac Thornton,804267,NYM,SDP,4.4099868077574325,7.0,2.5900131922425675,True,True,MEDIUM,56,20.974668319033285,CONFIRMED,ESTABLISHED,TIGHT,4.42596,4.394013615514864,0.03194638448513576,1.8971905389414816,True,NONE,True,projection-crusher-shadow-v1-report-only
2026-08-18,Jack Perkins,678022,ATH,KCR,4.843276836156122,4.0,-0.8432768361561216,False,False,MEDIUM,58,20.520943329813445,PROJECTED_OR_UNKNOWN,ESTABLISHED,NORMAL,4.85788,4.828673672312243,0.029206327687756328,2.110332731070287,True,NONE,True,projection-crusher-shadow-v1-report-only
2026-08-18,Tyler Mahle,641816,ATL,MIN,4.842366678156418,3.0,-1.8423666781564183,False,False,HIGH,74,20.013612647855453,CONFIRMED,ESTABLISHED,NORMAL,4.85848,4.826253356312836,0.03222664368716455,1.9653712049410816,True,NONE,True,projection-crusher-shadow-v1-report-only
2026-08-18,Zebby Matthews,805673,MIN,ATL,5.082791831743988,4.0,-1.0827918317439877,False,False,HIGH,68,22.622269709549823,CONFIRMED,ESTABLISHED,NORMAL,5.09472,5.070863663487976,0.0238563365120239,2.105395477910204,True,NONE,True,projection-crusher-shadow-v1-report-only
2026-08-18,Bryce Miller,682243,SEA,MIL,5.4469117040175,3.0,-2.4469117040175004,False,False,HIGH,65,22.99280301399021,CONFIRMED,ESTABLISHED,NORMAL,5.47148,5.422343408035,0.04913659196499953,2.5466641786900905,True,NONE,True,projection-crusher-shadow-v1-report-only
2026-08-18,Kyle Harrison,690986,MIL,SEA,4.9877979754341375,8.0,3.0122020245658625,True,True,HIGH,72,22.430522041229484,CONFIRMED,ESTABLISHED,TIGHT,5.01308,4.962515950868274,0.05056404913172674,2.9096803558221973,True,NONE,True,projection-crusher-shadow-v1-report-only
2026-08-18,Jackson Kent,800600,WSH,TEX,4.6131389371797855,3.0,-1.6131389371797855,False,False,MEDIUM,46,24.85143545822505,CONFIRMED,UNKNOWN,TIGHT,4.6196,4.60667787435957,0.01292212564043016,2.02553993603713,True,NONE,True,projection-crusher-shadow-v1-report-only
2026-08-18,Cal Quantrill,615698,TEX,WSH,3.981394497915155,5.0,1.0186055020848448,True,False,HIGH,79,21.30772571226938,CONFIRMED,RAMPING,TIGHT,3.98744,3.975348995830311,0.01209100416968889,1.9614922685732177,True,NONE,True,projection-crusher-shadow-v1-report-only
2026-08-18,Kevin Gausman,592332,CHC,CHW,5.497617917478005,5.0,-0.49761791747800466,False,False,HIGH,79,23.01277648672004,CONFIRMED,ESTABLISHED,NORMAL,5.51324,5.48199583495601,0.03124416504399008,2.294742422345348,True,NONE,True,projection-crusher-shadow-v1-report-only
2026-08-18,George Klassen,691946,LAA,HOU,4.029905027424963,7.0,2.970094972575037,True,True,MEDIUM,50,20.87241779254917,CONFIRMED,ESTABLISHED,TIGHT,4.036,4.023810054849927,0.012189945150072212,1.661602370273188,True,NONE,True,projection-crusher-shadow-v1-report-only
2026-08-18,Cristian Javier,664299,HOU,LAA,4.0800288699010405,5.0,0.9199711300989595,True,False,HIGH,65,22.249915916773308,CONFIRMED,ESTABLISHED,TIGHT,4.08284,4.077217739802082,0.005622260197918116,1.8958634585369936,True,NONE,True,projection-crusher-shadow-v1-report-only
2026-08-18,Eric Lauer,641778,LAD,COL,4.436150818968063,6.0,1.5638491810319373,True,False,HIGH,68,24.820312761648854,CONFIRMED,ESTABLISHED,NORMAL,4.44308,4.4292216379361244,0.013858362063875695,2.164623346120341,True,NONE,True,projection-crusher-shadow-v1-report-only
2026-08-18,Ryan Feltner,663372,COL,LAD,4.085502846631547,3.0,-1.085502846631547,False,False,HIGH,71,21.11394098691047,CONFIRMED,ESTABLISHED,NORMAL,4.09288,4.078125693263093,0.01475430673690692,2.048445175043821,True,NONE,True,projection-crusher-shadow-v1-report-only
2026-08-18,Brady Basso,669620,ATH,KCR,3.2883440164111546,1.0,-2.2883440164111546,False,False,MEDIUM,47,21.878798691646907,CONFIRMED,LOW_RECENT_EXPOSURE,TIGHT,3.08512,3.491568032822309,0.406448032822309,1.857631643952316,True,NONE,True,projection-crusher-shadow-v1-report-only
2026-08-18,Daniel Lynch IV,663738,KCR,ATH,3.285548322264458,1.0,-2.285548322264458,False,False,MEDIUM,50,22.42456280160091,CONFIRMED,OPENER_LIKE,TIGHT,2.8498,3.721296644528916,0.8714966445289161,1.2694878668099825,True,NONE,True,projection-crusher-shadow-v1-report-only
2026-08-18,Bryan Hudson,663542,CHW,CHC,2.9189015787531987,1.0,-1.9189015787531987,False,False,MEDIUM,53,21.122774486966968,CONFIRMED,OPENER_LIKE,TIGHT,2.3562,3.481603157506397,1.1254031575063972,1.1070825647946096,True,NONE,True,projection-crusher-shadow-v1-report-only
2026-08-19,Jackson Jobe,695549,DET,PIT,4.510444868440044,3.0,-1.510444868440044,False,False,HIGH,62,23.40887367743373,CONFIRMED,ESTABLISHED,TIGHT,4.51984,4.501049736880088,0.01879026311991261,1.6981160374301896,True,NONE,True,projection-crusher-shadow-v1-report-only
2026-08-19,Paul Skenes,694973,PIT,DET,5.443366497409093,5.0,-0.44336649740909273,False,False,HIGH,79,20.77110920082456,CONFIRMED,ESTABLISHED,NORMAL,5.46224,5.424492994818185,0.037747005181815396,2.313009142146149,True,NONE,True,projection-crusher-shadow-v1-report-only
2026-08-19,Michael King,650633,SDP,NYM,5.073213228237977,4.0,-1.073213228237977,False,False,HIGH,79,22.108177854910544,CONFIRMED,ESTABLISHED,NORMAL,5.08532,5.061106456475953,0.024213543524047587,1.8962840727410493,True,NONE,True,projection-crusher-shadow-v1-report-only
2026-08-19,Robert Stock,476594,NYM,SDP,4.3612403298526,6.0,1.6387596701474,True,False,MEDIUM,48,20.226733532505573,CONFIRMED,ESTABLISHED,TIGHT,4.38284,4.3396406597052,0.04319934029479988,1.4772483906616072,True,NONE,True,projection-crusher-shadow-v1-report-only
2026-08-19,AJ Smith-Shawver,700363,ATL,MIN,4.233027144207289,3.0,-1.2330271442072887,False,False,MEDIUM,59,20.347955010254204,CONFIRMED,LOW_RECENT_EXPOSURE,TIGHT,4.24792,4.218134288414578,0.029785711585422092,2.1202709713838503,True,NONE,True,projection-crusher-shadow-v1-report-only
2026-08-19,Taj Bradley,671737,MIN,ATL,5.684919719738696,7.0,1.315080280261304,True,False,HIGH,79,21.80299159068786,CONFIRMED,ESTABLISHED,NORMAL,5.70196,5.667879439477393,0.03408056052260644,2.3838222442613755,True,NONE,True,projection-crusher-shadow-v1-report-only
2026-08-19,Clay Holmes,605280,CHC,CHW,4.483154365728499,1.0,-3.483154365728499,False,False,HIGH,79,23.192219466516462,CONFIRMED,ESTABLISHED,TIGHT,4.49504,4.4712687314569965,0.02377126854300382,1.82157795336232,True,NONE,True,projection-crusher-shadow-v1-report-only
2026-08-19,Brandon Pfaadt,694297,ARI,BOS,4.378245622636715,8.0,3.6217543773632848,True,True,HIGH,62,21.30023007391956,CONFIRMED,ESTABLISHED,NORMAL,4.38772,4.368771245273432,0.01894875472656743,1.9533108581691327,True,NONE,True,projection-crusher-shadow-v1-report-only
2026-08-19,Payton Tolle,801139,BOS,ARI,5.173953729346422,6.0,0.8260462706535776,True,False,HIGH,74,19.67750371344257,CONFIRMED,ESTABLISHED,NORMAL,5.18248,5.165427458692844,0.017052541307156055,2.551340938140928,True,NONE,True,projection-crusher-shadow-v1-report-only
2026-08-19,Sandy Alcantara,645261,MIA,PHI,5.190362114932669,1.0,-4.190362114932669,False,False,HIGH,79,19.619946684171,CONFIRMED,ESTABLISHED,LONG,5.2166,5.1641242298653385,0.052475770134661204,2.0124340027997505,True,NONE,True,projection-crusher-shadow-v1-report-only
2026-08-19,Aaron Nola,605400,PHI,MIA,5.325987810486483,8.0,2.674012189513517,True,True,HIGH,79,22.09592392160761,CONFIRMED,ESTABLISHED,NORMAL,5.335,5.316975620972967,0.018024379027033355,1.982905589427561,True,NONE,True,projection-crusher-shadow-v1-report-only
2026-08-19,Will Warren,701542,NYY,BAL,5.35430306156303,5.0,-0.35430306156303004,False,False,HIGH,78,25.48278213025437,CONFIRMED,ESTABLISHED,NORMAL,5.37208,5.33652612312606,0.03555387687394074,2.374512817616173,True,NONE,True,projection-crusher-shadow-v1-report-only
2026-08-19,Chris Bassitt,605135,BAL,NYY,4.745489881531514,6.0,1.2545101184684864,True,False,HIGH,79,24.57296003453145,CONFIRMED,ESTABLISHED,TIGHT,4.758,4.732979763063026,0.02502023693697364,2.230971039333941,True,NONE,True,projection-crusher-shadow-v1-report-only
2026-08-19,Parker Messick,800048,CLE,SFG,5.8662311594836645,10.0,4.1337688405163355,True,True,HIGH,79,24.18164113785489,CONFIRMED,ESTABLISHED,NORMAL,5.87844,5.8540223189673295,0.024417681032670835,2.1526858829559457,True,NONE,True,projection-crusher-shadow-v1-report-only
2026-08-19,Matthew Liberatore,669461,STL,CIN,5.0360527737266665,9.0,3.9639472262733335,True,True,HIGH,79,24.321192183174382,CONFIRMED,ESTABLISHED,NORMAL,5.058,5.014105547453332,0.04389445254666757,2.2098873364345444,True,NONE,True,projection-crusher-shadow-v1-report-only
2026-08-19,Chase Burns,695505,CIN,STL,5.480226465839715,8.0,2.5197735341602847,True,True,HIGH,78,20.97817422762588,CONFIRMED,ESTABLISHED,NORMAL,5.50276,5.457692931679429,0.04506706832057095,2.283107503439228,True,NONE,True,projection-crusher-shadow-v1-report-only
2026-08-19,Max Scherzer,453286,TOR,TBR,3.811104589690931,1.0,-2.811104589690931,False,False,HIGH,79,18.11588264916211,CONFIRMED,ESTABLISHED,TIGHT,3.82504,3.797169179381862,0.027870820618137948,2.18852245336108,True,NONE,True,projection-crusher-shadow-v1-report-only
2026-08-19,Drew Rasmussen,656876,TBR,TOR,5.224669289701269,5.0,-0.22466928970126876,False,False,HIGH,78,21.224056623806355,CONFIRMED,ESTABLISHED,NORMAL,5.23568,5.213658579402537,0.02202142059746315,2.5281109744013497,True,NONE,True,projection-crusher-shadow-v1-report-only
2026-08-19,Logan Gilbert,669302,SEA,MIL,5.717394751422095,5.0,-0.7173947514220949,False,False,HIGH,79,21.22807011897728,CONFIRMED,ESTABLISHED,NORMAL,5.73892,5.6958695028441895,0.043050497155810774,2.0103413763863656,True,NONE,True,projection-crusher-shadow-v1-report-only
2026-08-19,Dustin May,669160,MIL,SEA,4.71223265085526,1.0,-3.7122326508552597,False,False,HIGH,78,20.2955970046892,CONFIRMED,ESTABLISHED,TIGHT,4.73556,4.688905301710518,0.04665469828948243,2.2755905349614056,True,NONE,True,projection-crusher-shadow-v1-report-only
2026-08-19,Cade Cavalli,676917,WSH,TEX,5.596987811813542,11.0,5.403012188186458,True,True,HIGH,79,23.00949677244176,CONFIRMED,ESTABLISHED,NORMAL,5.60608,5.587895623627084,0.01818437637291659,2.768191834436568,True,NONE,True,projection-crusher-shadow-v1-report-only
2026-08-19,Kumar Rocker,677958,TEX,WSH,4.5068986117045,3.0,-1.5068986117045,False,False,HIGH,76,20.06751203702008,CONFIRMED,ESTABLISHED,NORMAL,4.52264,4.491157223408999,0.03148277659100085,1.755326047607654,True,NONE,True,projection-crusher-shadow-v1-report-only
2026-08-19,Walbert Ureña,700712,LAA,HOU,4.70497713729241,7.0,2.29502286270759,True,True,HIGH,74,21.68695539276606,CONFIRMED,ESTABLISHED,NORMAL,4.71628,4.69367427458482,0.02260572541517991,1.851360567436576,True,NONE,True,projection-crusher-shadow-v1-report-only
2026-08-19,Roki Sasaki,808963,LAD,COL,4.779758171196984,6.0,1.2202418288030161,True,False,HIGH,76,21.61482231091788,CONFIRMED,ESTABLISHED,NORMAL,4.79024,4.769276342393968,0.020963657606031916,2.091919348139289,True,NONE,True,projection-crusher-shadow-v1-report-only
2026-08-19,Kyle Freeland,607536,COL,LAD,4.674067341355391,5.0,0.32593265864460896,True,False,HIGH,77,19.612336180682423,CONFIRMED,ESTABLISHED,NORMAL,4.68848,4.659654682710782,0.028825317289218333,2.1155401607391844,True,NONE,True,projection-crusher-shadow-v1-report-only
2026-08-19,Sean Newcomb,656794,CHW,CHC,3.691783945868399,0.0,-3.691783945868399,False,False,MEDIUM,54,21.19953791009463,CONFIRMED,LOW_RECENT_EXPOSURE,TIGHT,3.67308,3.710487891736797,0.03740789173679682,1.993916633684704,True,NONE,True,projection-crusher-shadow-v1-report-only
2026-08-19,Seth Lugo,607625,KCR,ATH,4.659569149653388,3.0,-1.6595691496533878,False,False,HIGH,79,21.09955233241108,CONFIRMED,ESTABLISHED,NORMAL,4.67224,4.646898299306774,0.025341700693226166,1.9396832179609749,True,NONE,True,projection-crusher-shadow-v1-report-only
2026-08-19,Jeffrey Springs,605488,ATH,KCR,4.03921984202886,1.0,-3.03921984202886,False,False,HIGH,77,21.11021844954611,CONFIRMED,LOW_RECENT_EXPOSURE,TIGHT,4.05712,4.021319684057721,0.035800315942279504,1.9218612542380649,True,NONE,True,projection-crusher-shadow-v1-report-only
2026-08-19,Matt Wilkinson,683363,SFG,CLE,4.504782238807596,0.0,-4.504782238807596,False,False,MEDIUM,46,19.05971031536159,CONFIRMED,UNKNOWN,NORMAL,4.5196,4.489964477615192,0.029635522384807267,2.007338809559526,True,NONE,True,projection-crusher-shadow-v1-report-only
2026-08-19,Ethan Pecko,814490,HOU,LAA,3.12370571311448,4.0,0.8762942868855199,True,False,LOW,46,23.43186845436612,CONFIRMED,UNKNOWN,TIGHT,2.58924,3.658171426228959,1.0689314262289589,1.7568100541784983,True,NONE,True,projection-crusher-shadow-v1-report-only
2026-08-20,Michael McGreevy,700241,STL,CIN,4.830287037029995,4.0,-0.8302870370299953,False,False,HIGH,79,24.628194176372087,CONFIRMED,ESTABLISHED,NORMAL,4.8506,4.80997407405999,0.040625925940010355,2.022216020467589,True,NONE,True,projection-crusher-shadow-v1-report-only
2026-08-20,Brady Singer,663903,CIN,STL,4.975886953872402,3.0,-1.9758869538724024,False,False,HIGH,79,21.454865906789124,CONFIRMED,ESTABLISHED,NORMAL,4.999,4.952773907744804,0.04622609225519536,1.9679701700423844,True,NONE,True,projection-crusher-shadow-v1-report-only
2026-08-20,Landen Roupp,694738,SFG,CLE,4.892290798953244,2.0,-2.892290798953244,False,False,HIGH,79,19.3642166088198,CONFIRMED,ESTABLISHED,NORMAL,4.90876,4.875821597906487,0.03293840209351284,1.9406349285558453,True,NONE,True,projection-crusher-shadow-v1-report-only
2026-08-20,Gavin Williams,668909,CLE,SFG,5.8766220812787004,11.0,5.1233779187212996,True,True,HIGH,79,21.193570530635263,CONFIRMED,ESTABLISHED,NORMAL,5.88432,5.8689241625574,0.015395837442599536,2.446730170726052,True,NONE,True,projection-crusher-shadow-v1-report-only
2026-08-20,Shane Bieber,669456,TOR,TBR,4.371613704416658,7.0,2.6283862955833417,True,True,HIGH,70,18.665306923586265,CONFIRMED,ESTABLISHED,NORMAL,4.37596,4.367267408833317,0.00869259116668264,2.0177595421192738,True,NONE,True,projection-crusher-shadow-v1-report-only
2026-08-20,Ian Seymour,693855,TBR,TOR,5.177023303035572,8.0,2.822976696964428,True,True,HIGH,66,20.77975028494496,CONFIRMED,ESTABLISHED,NORMAL,5.19288,5.161166606071143,0.031713393928856526,2.58121123594565,True,NONE,True,projection-crusher-shadow-v1-report-only
2026-08-20,Gage Jump,695611,ATH,KCR,5.080170290147141,3.0,-2.080170290147141,False,False,HIGH,66,20.400158851489746,CONFIRMED,ESTABLISHED,NORMAL,5.08492,5.075420580294281,0.009499419705718992,2.4212677195476258,True,NONE,True,projection-crusher-shadow-v1-report-only
2026-08-20,Randy Dobnak,677976,KCR,ATH,4.52780318794702,4.0,-0.5278031879470202,False,False,MEDIUM,53,21.34715646855429,CONFIRMED,ESTABLISHED,NORMAL,4.53588,4.519726375894041,0.016153624105958997,1.8416508843749937,True,NONE,True,projection-crusher-shadow-v1-report-only
2026-08-20,Grant Holmes,656550,ATL,CHW,4.405485902472372,3.0,-1.405485902472372,False,False,HIGH,78,22.90283045300412,CONFIRMED,ESTABLISHED,TIGHT,4.40812,4.402851804944744,0.005268195055256442,1.8835283913011769,True,NONE,True,projection-crusher-shadow-v1-report-only
2026-08-20,Anthony Kay,641743,CHW,ATL,4.505969400727092,6.0,1.4940305992729082,True,False,HIGH,78,20.96929312518283,CONFIRMED,ESTABLISHED,NORMAL,4.5108,4.501138801454184,0.009661198545815708,1.8800192307272217,True,NONE,True,projection-crusher-shadow-v1-report-only
2026-08-20,George Kirby,669923,SEA,MIL,5.398152790286933,3.0,-2.3981527902869333,False,False,HIGH,78,23.57644316335506,CONFIRMED,ESTABLISHED,NORMAL,5.40816,5.388145580573867,0.02001441942613269,2.047586503831037,True,NONE,True,projection-crusher-shadow-v1-report-only
2026-08-20,Robert Gasser,688107,MIL,SEA,5.022227145716616,4.0,-1.0222271457166157,False,False,HIGH,65,21.22341168083344,CONFIRMED,ESTABLISHED,NORMAL,5.0374,5.007054291433231,0.030345708566768437,1.8234431843008665,True,NONE,True,projection-crusher-shadow-v1-report-only
2026-08-20,Gerrit Cole,543037,NYY,BAL,5.870309529353726,8.0,2.129690470646274,True,True,HIGH,66,24.34323787005277,CONFIRMED,ESTABLISHED,NORMAL,5.8804,5.860219058707451,0.02018094129254866,2.3975630772705934,True,NONE,True,projection-crusher-shadow-v1-report-only
2026-08-20,Kyle Bradish,680694,BAL,NYY,5.209599773673959,5.0,-0.20959977367395943,False,False,HIGH,79,23.79503675061057,CONFIRMED,ESTABLISHED,NORMAL,5.21776,5.201439547347918,0.016320452652082373,2.3378822183242587,True,NONE,True,projection-crusher-shadow-v1-report-only
2026-08-20,Andrew Alvarez,674841,WSH,TEX,4.6114686913474525,5.0,0.3885313086525475,True,False,HIGH,66,24.57643853597612,CONFIRMED,ESTABLISHED,TIGHT,4.6208,4.602137382694904,0.018662617305095885,1.6765055812556713,True,NONE,True,projection-crusher-shadow-v1-report-only
2026-08-20,Jacob deGrom,594798,TEX,WSH,5.122795537671218,10.0,4.877204462328782,True,True,HIGH,78,22.137663922782817,CONFIRMED,ESTABLISHED,NORMAL,5.13336,5.112231075342437,0.021128924657562997,2.2487127326523817,True,NONE,True,projection-crusher-shadow-v1-report-only
2026-08-20,Grayson Rodriguez,680570,LAA,HOU,4.38740661645816,6.0,1.6125933835418396,True,False,HIGH,64,21.59680897916301,CONFIRMED,ESTABLISHED,NORMAL,4.39344,4.381373232916318,0.012066767083681817,2.1092772328970435,True,NONE,True,projection-crusher-shadow-v1-report-only
2026-08-20,Peter Lambert,663567,HOU,LAA,5.370480024115135,3.0,-2.3704800241151354,False,False,HIGH,76,22.9241862768066,CONFIRMED,ESTABLISHED,NORMAL,5.37804,5.36292004823027,0.015119951769730022,2.0147013490280186,True,NONE,True,projection-crusher-shadow-v1-report-only
2026-08-21,Chris Sale,519242,ATL,MIL,5.882717730823426,6.0,0.1172822691765738,True,False,HIGH,77,21.369341679061847,CONFIRMED,ESTABLISHED,LONG,5.89336,5.872075461646851,0.02128453835314925,2.2274004864858963,True,NONE,True,projection-crusher-shadow-v1-report-only
2026-08-21,Jacob Misiorowski,694819,MIL,ATL,6.423008680458235,6.0,-0.4230086804582349,False,False,HIGH,78,21.52145036210028,CONFIRMED,ESTABLISHED,NORMAL,6.43576,6.410257360916469,0.025502639083531342,2.3074664044795257,True,NONE,True,projection-crusher-shadow-v1-report-only
2026-08-21,Jesús Luzardo,666200,PHI,STL,6.223001157677428,9.0,2.7769988423225724,True,True,HIGH,79,20.26867148751642,CONFIRMED,ESTABLISHED,LONG,6.2422,6.203802315354855,0.0383976846451457,2.547135468710653,True,NONE,True,projection-crusher-shadow-v1-report-only
2026-08-21,Cam Schlittler,693645,NYY,TOR,5.461453981255983,4.0,-1.4614539812559828,False,False,HIGH,79,19.29716257655966,CONFIRMED,ESTABLISHED,NORMAL,5.46872,5.454187962511965,0.014532037488034888,2.232853108943856,True,NONE,True,projection-crusher-shadow-v1-report-only
2026-08-21,Logan Webb,657277,SFG,BOS,4.97488871043981,2.0,-2.97488871043981,False,False,HIGH,77,20.46654782163388,CONFIRMED,ESTABLISHED,NORMAL,4.98996,4.959817420879621,0.030142579120378876,1.935569174106077,True,NONE,True,projection-crusher-shadow-v1-report-only
2026-08-21,Sonny Gray,543243,BOS,SFG,5.237612693677365,6.0,0.7623873063226352,True,False,HIGH,78,21.40815683827125,CONFIRMED,ESTABLISHED,NORMAL,5.2472,5.22802538735473,0.019174612645270095,2.437450315958716,True,NONE,True,projection-crusher-shadow-v1-report-only
2026-08-21,Brad Lord,695418,WSH,MIA,3.568349915455668,1.0,-2.568349915455668,False,False,HIGH,77,23.23230156772832,CONFIRMED,LOW_RECENT_EXPOSURE,TIGHT,3.59796,3.5387398309113345,0.059220169088665564,1.7956998033714422,True,NONE,True,projection-crusher-shadow-v1-report-only
2026-08-21,Ryan Gusto,687473,MIA,WSH,4.159985257017219,2.0,-2.159985257017219,False,False,HIGH,79,20.569064108520493,CONFIRMED,ESTABLISHED,TIGHT,4.1782,4.1417705140344365,0.036429485965563835,2.135464715298938,True,NONE,True,projection-crusher-shadow-v1-report-only
2026-08-21,Freddy Peralta,642547,TBR,BAL,5.038658126621143,6.0,0.9613418733788572,True,False,HIGH,79,25.07428616145394,CONFIRMED,ESTABLISHED,NORMAL,5.05512,5.022196253242286,0.0329237467577137,2.063988395007053,True,NONE,True,projection-crusher-shadow-v1-report-only
2026-08-21,Trevor Rogers,669432,BAL,TBR,4.713536756032543,6.0,1.2864632439674573,True,False,HIGH,78,19.910840576568685,CONFIRMED,ESTABLISHED,NORMAL,4.72892,4.698153512065085,0.030766487934914544,1.9826985347025183,True,NONE,True,projection-crusher-shadow-v1-report-only
2026-08-21,Sean Manaea,640455,NYM,CHW,5.779149075347374,4.0,-1.779149075347374,False,False,HIGH,62,23.46981248113536,CONFIRMED,ESTABLISHED,NORMAL,5.78024,5.778058150694748,0.002181849305252115,2.181523955732417,True,NONE,True,projection-crusher-shadow-v1-report-only
2026-08-21,Sean Burke,680732,CHW,NYM,5.423076934498678,4.0,-1.4230769344986776,False,False,HIGH,76,22.49726472104716,CONFIRMED,ESTABLISHED,NORMAL,5.44016,5.405993868997355,0.034166131002645095,2.3946885505728,True,NONE,True,projection-crusher-shadow-v1-report-only
2026-08-21,Troy Melton,675512,DET,KCR,5.011320221929184,3.0,-2.011320221929184,False,False,HIGH,65,20.88024757759811,CONFIRMED,ESTABLISHED,NORMAL,5.02584,4.996800443858369,0.029039556141630563,2.097049776756947,True,NONE,True,projection-crusher-shadow-v1-report-only
2026-08-21,Noah Cameron,702070,KCR,DET,5.710727627732709,2.0,-3.710727627732709,False,False,HIGH,78,23.22783521940472,CONFIRMED,ESTABLISHED,LONG,5.72212,5.699335255465417,0.022784744534583012,2.400017559480701,True,NONE,True,projection-crusher-shadow-v1-report-only
2026-08-21,J.T. Ginn,669372,ATH,HOU,5.095414939915699,4.0,-1.095414939915699,False,False,HIGH,77,20.08150120339639,CONFIRMED,ESTABLISHED,NORMAL,5.09904,5.091789879831398,0.007250120168601271,2.151945479189096,True,NONE,True,projection-crusher-shadow-v1-report-only
2026-08-21,Hayden Wesneski,669713,HOU,ATH,4.771083230085481,4.0,-0.7710832300854813,False,False,MEDIUM,59,20.82103635624867,CONFIRMED,ESTABLISHED,TIGHT,4.77904,4.763126460170962,0.01591353982903776,2.191529705775866,True,NONE,True,projection-crusher-shadow-v1-report-only
2026-08-21,Reid Detmers,672282,LAA,TEX,5.7955591647971785,5.0,-0.7955591647971785,False,False,HIGH,79,23.96408425632785,CONFIRMED,ESTABLISHED,NORMAL,5.80508,5.786038329594357,0.01904167040564353,2.405255351710557,True,NONE,True,projection-crusher-shadow-v1-report-only
2026-08-21,MacKenzie Gore,669022,TEX,LAA,5.994872936028644,7.0,1.005127063971356,True,False,HIGH,79,24.900876656778884,CONFIRMED,ESTABLISHED,NORMAL,6.00336,5.986385872057287,0.01697412794271269,2.265901614723178,True,NONE,True,projection-crusher-shadow-v1-report-only
2026-08-21,Joey Cantillo,676282,CLE,COL,4.510297455989889,5.0,0.48970254401011104,True,False,HIGH,79,24.596040023108248,CONFIRMED,LOW_RECENT_EXPOSURE,TIGHT,4.5176,4.502994911979779,0.014605088020220869,2.254450536580671,True,NONE,True,projection-crusher-shadow-v1-report-only
2026-08-21,Tanner Gordon,685299,COL,CLE,3.927938849917356,2.0,-1.9279388499173562,False,False,HIGH,74,19.170458336350777,CONFIRMED,ESTABLISHED,NORMAL,3.91756,3.938317699834712,0.020757699834712096,2.156042286895385,True,NONE,True,projection-crusher-shadow-v1-report-only
2026-08-21,Nick Lodolo,666157,CIN,ARI,4.1729252123604486,2.0,-2.1729252123604486,False,False,HIGH,65,19.734325397599708,CONFIRMED,ESTABLISHED,TIGHT,4.18736,4.158490424720897,0.028869575279102833,1.7939034801044045,True,NONE,True,projection-crusher-shadow-v1-report-only
2026-08-21,Eduardo Rodriguez,593958,ARI,CIN,5.285165799240996,4.0,-1.2851657992409962,False,False,HIGH,79,24.3222974362696,CONFIRMED,ESTABLISHED,LONG,5.28596,5.284371598481993,0.0015884015180072097,1.9415703507771955,True,NONE,True,projection-crusher-shadow-v1-report-only
2026-08-21,Connor Prielipp,687570,MIN,SDP,5.369582042673925,7.0,1.6304179573260749,True,False,HIGH,70,21.217135573676707,CONFIRMED,ESTABLISHED,NORMAL,5.37656,5.362604085347851,0.013955914652148849,2.1667375753255484,True,NONE,True,projection-crusher-shadow-v1-report-only
2026-08-21,Bubba Chandler,696149,PIT,LAD,4.557500793950419,6.0,1.4424992060495807,True,False,HIGH,78,21.0146035179494,CONFIRMED,ESTABLISHED,NORMAL,4.56712,4.547881587900839,0.019238412099160662,2.0706722447364867,True,NONE,True,projection-crusher-shadow-v1-report-only
2026-08-21,Yoshinobu Yamamoto,808967,LAD,PIT,5.936281163332936,9.0,3.0637188366670642,True,True,HIGH,68,22.46071291682637,PROJECTED_OR_UNKNOWN,ESTABLISHED,LONG,5.9494,5.923162326665873,0.026237673334127187,2.214848109009271,True,NONE,True,projection-crusher-shadow-v1-report-only
2026-08-21,Matthew Boyd,571510,CHC,SEA,5.549262858090053,3.0,-2.549262858090053,False,False,HIGH,66,22.470293108527244,CONFIRMED,ESTABLISHED,NORMAL,5.55732,5.541205716180106,0.01611428381989377,2.1947230599198204,True,NONE,True,projection-crusher-shadow-v1-report-only
2026-08-21,Emerson Hancock,676106,SEA,CHC,5.56936311661193,6.0,0.43063688338807005,True,False,HIGH,78,22.167717636224538,CONFIRMED,ESTABLISHED,NORMAL,5.58304,5.55568623322386,0.02735376677613921,2.492409225298648,True,NONE,True,projection-crusher-shadow-v1-report-only
2026-08-21,Mason Fluharty,689254,TOR,NYY,3.08963695242448,0.0,-3.08963695242448,False,False,LOW,48,23.73043848562877,CONFIRMED,OPENER_LIKE,TIGHT,2.49296,3.68631390484896,1.1933539048489599,1.4684418517799342,True,NONE,True,projection-crusher-shadow-v1-report-only
2026-08-21,Hunter Dobbins,690928,STL,PHI,4.260417857507303,3.0,-1.2604178575073028,False,False,HIGH,71,19.71555672127572,CONFIRMED,ESTABLISHED,NORMAL,4.27908,4.241755715014605,0.037324284985395195,2.037275059233513,True,NONE,True,projection-crusher-shadow-v1-report-only
2026-08-21,Randy Vásquez,681190,SDP,MIN,3.6785510929083554,3.0,-0.6785510929083554,False,False,HIGH,72,20.462932407571486,CONFIRMED,LOW_RECENT_EXPOSURE,TIGHT,3.68768,3.6694221858167104,0.018257814183289423,2.229520739706818,True,NONE,True,projection-crusher-shadow-v1-report-only
2026-08-22,Dylan Cease,656302,TOR,NYY,6.915843064508328,8.0,1.0841569354916718,True,False,HIGH,78,23.940596107308806,CONFIRMED,ESTABLISHED,LONG,6.9438,6.887886129016656,0.05591387098334444,2.2092250262240887,True,NONE,True,projection-crusher-shadow-v1-report-only
2026-08-22,Ryan Weathers,677960,NYY,TOR,5.207494902038382,3.0,-2.2074949020383823,False,False,HIGH,79,21.007841583298635,CONFIRMED,ESTABLISHED,NORMAL,5.22828,5.186709804076764,0.041570195923235964,2.169366812435065,True,NONE,True,projection-crusher-shadow-v1-report-only
2026-08-22,Martín Pérez,527048,ATL,MIL,4.106450337998213,2.0,-2.106450337998213,False,False,HIGH,74,22.32600555070762,CONFIRMED,ESTABLISHED,TIGHT,4.10804,4.1048606759964255,0.0031793240035744574,2.0589007746831163,True,NONE,True,projection-crusher-shadow-v1-report-only
2026-08-22,Logan Henderson,701656,MIL,ATL,5.271983542566202,4.0,-1.2719835425662023,False,False,HIGH,62,21.81269723623897,CONFIRMED,ESTABLISHED,NORMAL,5.28892,5.2550470851324045,0.03387291486759558,2.0559130589891352,True,NONE,True,projection-crusher-shadow-v1-report-only
