Lane,Category,Research_Family,Sibling_Lanes,Hypothesis_ID,Primary_Endpoint,Source_Path,Source_Version,Source_Fingerprint,Forward_Start_Date,Freeze_At_UTC,Source_Code_SHA,Freeze_Metadata_Status,Governance_Effective_Date,Report_Only,Production_Authority,No_Auto_Promotion,Governance_Version
Opponent Asymmetric Challenger,OPPONENT,OPPONENT_RESPONSE,Opponent BOOST Cap Shadow;Weak-REDUCE Neutralization Shadow,hyp-fe2e60c166d24124,changed-start relative MAE + win share versus incumbent,data/opponent_matchup_asymmetric_response_shadow_gate.csv,opponent-matchup-asymmetric-response-shadow-v1,5c82631d44f9b640bceddffcb07d89bce966c997f75363bafa5029c8cc52c3d3,,,,SOURCE_VERSION_PINNED,2026-08-21,True,NONE,True,research-governance-v2-report-only
Opponent BOOST Cap Shadow,OPPONENT,OPPONENT_RESPONSE,Opponent Asymmetric Challenger;Weak-REDUCE Neutralization Shadow,hyp-3da14761d51f48b3,changed-start relative MAE + win share versus incumbent,data/opponent_matchup_boost_cap_shadow_summary.csv,opponent-matchup-boost-cap-shadow-v1,e1b0a72579ac082cdb83ead63c69c7ab83180fd77f70db36ddfc4ebd69e0f3d8,,,,SOURCE_VERSION_PINNED,2026-08-21,True,NONE,True,research-governance-v2-report-only
Weak-REDUCE Neutralization Shadow,OPPONENT,OPPONENT_RESPONSE,Opponent Asymmetric Challenger;Opponent BOOST Cap Shadow,hyp-db8af1341a2bebf9,changed-start relative MAE + win share versus incumbent,data/opponent_matchup_weak_reduce_neutral_shadow_summary.csv,opponent-matchup-weak-reduce-neutral-shadow-v1,d6ac4ac8d7f491aedb1352025a7c2704873aa6adc42e0c3b13d48118269b862e,,,,SOURCE_VERSION_PINNED,2026-08-21,True,NONE,True,research-governance-v2-report-only
Confirmed Lineup,LINEUP,LINEUP,Lineup Materiality Shadow,hyp-ea9584e4e29d6845,OOS paired strikeout-projection MAE + win share,data/lineup_k_walkforward_gate.csv,lineup-k-walkforward-v2-lineage-safe-report-only,6375e3a1bd2935c7f099601e885b499006474d7d3009d168231ad9d8ecde60e1,,,,SOURCE_VERSION_PINNED,2026-08-21,True,NONE,True,research-governance-v2-report-only
Lineup Materiality Shadow,LINEUP,LINEUP,Confirmed Lineup,hyp-cdc727eb70c2337e,changed-pair relative MAE versus confirmed-lineup incumbent,data/lineup_materiality_shadow_gate.csv,lineup-materiality-shadow-v1,bb0eeb801bac7997aa0d6742f9a391d7a74f064a9501be9d1237bdb68eed1cf5,,,,SOURCE_VERSION_PINNED,2026-08-21,True,NONE,True,research-governance-v2-report-only
Handedness Matchup Audit,MATCHUP,HANDEDNESS,,hyp-d779fa5f4ca22ddb,RHP/LHP projection residual consistency,data/handedness_matchup_audit_gate.csv,handedness-matchup-audit-v1-report-only,f9b129b61f7796a786c9f164dc314afe2e11c64c8ab9551158ede56a05219064,,,,SOURCE_VERSION_PINNED,2026-08-21,True,NONE,True,research-governance-v2-report-only
Pitch-Mix Whiff Forward,PITCH_MIX,PITCH_MIX,,hyp-947af2f68cc76698,frozen whiff-score association with strikeout residual,data/pitch_mix_whiff_forward_gate.csv,pitch-mix-whiff-forward-eval-v1-preregistered-report-only,a2a6a0ec85dc1d558da24a671ba4c9eba4366be1d39925dcf07af04bb35b98f8,,,,SOURCE_VERSION_PINNED,2026-08-21,True,NONE,True,research-governance-v2-report-only
Umpire Context,CONTEXT,UMPIRE,Umpire K-UP Cap Shadow,hyp-5577c3c573d8eccb,OOS strikeout-projection MAE + win share,data/umpire_k_live_validation_gate.csv,umpire-k-live-validation-v1-lineage-safe-report-only,cefcfdbb913b7cd39d5c23de3a0d86fb789985039330a8143957601c5dec05d5,,,,SOURCE_VERSION_PINNED,2026-08-21,True,NONE,True,research-governance-v2-report-only
Umpire K-UP Cap Shadow,CONTEXT,UMPIRE,Umpire Context,hyp-501cdb6d9dd39e56,changed-start relative MAE + win share versus incumbent,data/umpire_k_up_cap_shadow_summary.csv,umpire-k-up-cap-shadow-v1-preregistered-report-only,6c7f9ef6d11e1c0a0a2c904f5b1725a6823f31e0f8cdaafe74d24e6d8e0c26b8,,,,SOURCE_VERSION_PINNED,2026-08-21,True,NONE,True,research-governance-v2-report-only
Catcher Context,CONTEXT,CATCHER,,hyp-d6c35a48569b7538,auditable OOS strikeout-projection MAE,data/catcher_context_validation_gate.csv,catcher-context-walkforward-v1,4de9ba14c1920db2ffed8831dd1deb4e9c5a0145f4286e1cead3bf60d13b5b79,,,,SOURCE_VERSION_PINNED,2026-08-21,True,NONE,True,research-governance-v2-report-only
Calibration Shadow,CALIBRATION,CALIBRATION,Calibration Common-Mode v2,hyp-516434767e765fff,milestone Brier improvement with calibration-gap and win-share guardrails,data/calibration_shadow_gate.csv,calibration-shadow-gate-v1,b08e5475ec140265e5eeef2089ff839e5d4be450c26fadc3cdfaf2c8736ecde3,,,,SOURCE_VERSION_PINNED,2026-08-21,True,NONE,True,research-governance-v2-report-only
Starter Role Live Shadow,WORKLOAD,STARTER_ROLE,,hyp-d9041f14e9b32010,role-by-metric MAE improvement with win-share and bias guardrails,data/live_role_shadow_gate.csv,live-role-shadow-gate-v1,5fd6b910b52ec9bdb6121599a75eefb4075bfef47d8906ecece0e55a5aeeccde,,,,SOURCE_VERSION_PINNED,2026-08-21,True,NONE,True,research-governance-v2-report-only
Top Plays Accountability,EXECUTION,TOP_PLAYS,,hyp-dbd109d8553fbede,"settled authentic-line hit rate, calibration, Brier, and Wilson support",data/top_plays_accountability_summary.csv,top-plays-accountability-v1,8f25ccf711b1e56d9e4b1d1295664716097c65d2b4e743df9ecd167b08a526b2,,,,SOURCE_VERSION_PINNED,2026-08-21,True,NONE,True,research-governance-v2-report-only
Projection Crusher Shadow,K_RESEARCH,EXACT_K_RESIDUAL,Projection Underperformer Shadow,hyp-59327b169e321cb5,exact frozen-projection positive strikeout residual,data/projection_crusher_shadow_gate.csv,projection-crusher-shadow-v1-report-only,6a5a129895bf185e1b265d0ae77ea4b393270e8ce39e2b6ef55b4c865526ecc5,,,,SOURCE_VERSION_PINNED,2026-08-21,True,NONE,True,research-governance-v2-report-only
Projection Underperformer Shadow,K_RESEARCH,EXACT_K_RESIDUAL,Projection Crusher Shadow,hyp-b37c0e5bbc72515c,exact frozen-projection negative strikeout residual,data/projection_underperformer_shadow_gate.csv,projection-underperformer-shadow-v1-report-only,5bd36136711247e5485bfe33277140ad4d94de04241b80287707fea4b5d0f8f6,,,,SOURCE_VERSION_PINNED,2026-08-21,True,NONE,True,research-governance-v2-report-only
K Ladder Reliability Shadow,K_RESEARCH,K_LADDER,,hyp-5e88572f96fdd0f6,model milestone hit-rate calibration and Brier reliability,data/k_ladder_reliability_shadow_gate.csv,k-ladder-reliability-shadow-v1-report-only,455b7aba80b27f947cbafa7b2d114f43049be443a1a9eb504a4bbc74f9bd646b,,,,SOURCE_VERSION_PINNED,2026-08-21,True,NONE,True,research-governance-v2-report-only
Input Quality v2 · Strikeouts,INPUT_QUALITY,INPUT_QUALITY,Input Quality v2 · Hits;Input Quality v2 · Outs,hyp-fc06ce464be1e351,matched deep-versus-shallow strikeout MAE,data/input_quality_matched_v2_summary.csv,input-quality-matched-v2-report-only,77ded21646b6014cf8972a2cdf13a905f7b288e91c92055d9e44fd91e7ec3788,2026-08-20,,,SOURCE_VERSION_PINNED,2026-08-21,True,NONE,True,research-governance-v2-report-only
Input Quality v2 · Hits,INPUT_QUALITY,INPUT_QUALITY,Input Quality v2 · Outs;Input Quality v2 · Strikeouts,hyp-adaf6e8baf9ebd48,matched deep-versus-shallow hits MAE,data/input_quality_matched_v2_summary.csv,input-quality-matched-v2-report-only,ebfa0fc6891c8bd7a60ebefa3b55cb6ba5a63b6c28ee7672c4715a32a6bfaab0,2026-08-20,,,SOURCE_VERSION_PINNED,2026-08-21,True,NONE,True,research-governance-v2-report-only
Input Quality v2 · Outs,INPUT_QUALITY,INPUT_QUALITY,Input Quality v2 · Hits;Input Quality v2 · Strikeouts,hyp-d9f2b8e155160a8e,matched deep-versus-shallow outs MAE,data/input_quality_matched_v2_summary.csv,input-quality-matched-v2-report-only,0207fd370bf728f9cd202a1517c057b0d887706f7151776a92818593bd48d6d4,2026-08-20,,,SOURCE_VERSION_PINNED,2026-08-21,True,NONE,True,research-governance-v2-report-only
Calibration Common-Mode v2,CALIBRATION,CALIBRATION,Calibration Shadow,hyp-602a3251431003d4,future-only post-blend strikeout MAE + win share + bias,data/calibration_common_mode_v2_summary.csv,calibration-common-mode-v2-report-only,1cf9c2a1713a4081dd000eaa49a42ab8097d9bfbb58ce9f8d83be02ee13e4a6e,2026-08-21,,,SOURCE_VERSION_PINNED,2026-08-21,True,NONE,True,research-governance-v2-report-only
ML Challenger,ML,ML,,hyp-11d45b0d4e286332,walk-forward strikeout MAE + win share + bias versus incumbent,data/ml_shadow_summary.csv,ml-k-shadow-v1-report-only,68cf9b1b1b4e726806d39a3b3d541fbd44e227e3067d1f03473a8f5194c82663,,,,SOURCE_VERSION_PINNED,2026-08-21,True,NONE,True,research-governance-v2-report-only
Workload v2.5 Candidates,WORKLOAD,WORKLOAD,,hyp-23339d2857b0f9b2,cross-season workload MAE + win share + bias promotion gates,data/workload_promotion_decisions.csv,workload-promotion-report-v1,66dad6686bc236fcd2042d5693f31e286573232f69e0ae9f5da675f37704f5e7,,,,SOURCE_VERSION_PINNED,2026-08-21,True,NONE,True,research-governance-v2-report-only
