Season,Metric,Leash_Label,Evaluated_Starts,Baseline_MAE,Candidate_MAE,Relative_MAE_Improvement,Candidate_Win_Share,Baseline_Bias,Candidate_Bias,Sample_Gate,MAE_Gate,Win_Gate,Bias_Gate,Promotion_Cell,Reasons,Production_Authority,Report_Only,Validation_Version
2024,PITCHES,ALL,1482,8.639438642092601,8.764088821230732,-0.014428041485336458,0.4642375168690958,-0.25394196953049253,-0.13663493602521468,True,False,False,True,FAIL,mae|win_share,NONE,True,team-leash-historical-v1
2024,PITCHES,TIGHTER,220,9.195548115924357,9.724320194903658,-0.057503051728216424,0.32727272727272727,-1.843654072967374,-3.40889261419962,True,False,False,False,CONTEXT_ONLY,mae|win_share|bias,NONE,True,team-leash-historical-v1
2024,PITCHES,NEUTRAL,977,8.459291035526682,8.511122895740552,-0.006127210897011392,0.4790174002047083,-0.3644928189237554,-0.2971324507022859,True,False,False,True,CONTEXT_ONLY,mae|win_share,NONE,True,team-leash-historical-v1
2024,PITCHES,LONGER,285,8.827719790765988,8.890042529988143,-0.007059890968372897,0.519298245614035,1.3521802852531266,2.939515102704145,True,False,False,False,CONTEXT_ONLY,mae|win_share|bias,NONE,True,team-leash-historical-v1
2024,BF,ALL,1482,2.5493387074700227,2.5853097656254054,-0.014109956456543421,0.44399460188933876,-0.130515892588204,-0.08834798992447651,True,False,False,True,FAIL,mae|win_share,NONE,True,team-leash-historical-v1
2024,BF,TIGHTER,220,2.743248809176457,2.829045481967123,-0.03127557095939206,0.4,-0.3556460672532651,-0.7566768106198904,True,False,False,False,CONTEXT_ONLY,mae|win_share|bias,NONE,True,team-leash-historical-v1
2024,BF,NEUTRAL,977,2.487757122767911,2.507541780977646,-0.00795280939150606,0.4534288638689867,-0.21341327737403076,-0.18499174963130158,True,False,False,True,CONTEXT_ONLY,mae|win_share,NONE,True,team-leash-historical-v1
2024,BF,LONGER,285,2.6107597105526463,2.6637570056453463,-0.020299568312811725,0.4456140350877193,0.32744685605062485,0.7588565496774855,True,False,False,False,CONTEXT_ONLY,mae|win_share|bias,NONE,True,team-leash-historical-v1
2024,OUTS,ALL,1482,2.8726281216268776,2.9093256642832923,-0.012774901972216115,0.45681511470985153,-0.07657935566130838,-0.03810460919267672,True,False,False,True,FAIL,mae|win_share,NONE,True,team-leash-historical-v1
2024,OUTS,TIGHTER,220,3.0690384609561256,3.143785569071841,-0.024355220394477798,0.4090909090909091,-0.2894375539028218,-0.64518832154042,True,False,False,False,CONTEXT_ONLY,mae|win_share|bias,NONE,True,team-leash-historical-v1
2024,OUTS,NEUTRAL,977,2.7897385765151537,2.8128485191003088,-0.008283909746849196,0.4677584442169908,-0.10221763098389783,-0.0780681144723172,True,False,False,True,CONTEXT_ONLY,mae|win_share,NONE,True,team-leash-historical-v1
2024,OUTS,LONGER,285,3.0051643002995787,3.0590694951264283,-0.017937520028930176,0.45614035087719296,0.17562204294677192,0.5675191149291207,True,False,False,False,CONTEXT_ONLY,mae|win_share|bias,NONE,True,team-leash-historical-v1
2025,PITCHES,ALL,2075,8.887434506380169,9.018633160056432,-0.014762263911151985,0.45879518072289155,-0.4356690704185837,-0.322385494648474,True,False,False,True,FAIL,mae|win_share,NONE,True,team-leash-historical-v1
2025,PITCHES,TIGHTER,339,9.755382182096405,10.353963103933715,-0.06135904372212686,0.3008849557522124,-2.465316835697442,-3.9144294736513507,True,False,False,False,CONTEXT_ONLY,mae|win_share|bias,NONE,True,team-leash-historical-v1
2025,PITCHES,NEUTRAL,1310,8.726941381658023,8.780865911988254,-0.006179087033123457,0.4770992366412214,-0.22858339911962172,-0.2219394039203851,True,False,False,True,CONTEXT_ONLY,mae|win_share,NONE,True,team-leash-historical-v1
2025,PITCHES,LONGER,426,8.690278946094267,8.687173638917729,0.000357331127780859,0.528169014084507,0.5426604202572206,2.227188519502182,True,False,False,False,CONTEXT_ONLY,mae|win_share|bias,NONE,True,team-leash-historical-v1
2025,BF,ALL,2075,2.5882354555521956,2.613809542490804,-0.009880896609984941,0.4563855421686747,-0.16874014057808315,-0.13330967302265637,True,False,False,True,FAIL,mae|win_share,NONE,True,team-leash-historical-v1
2025,BF,TIGHTER,339,2.763307566354617,2.8511172616914564,-0.03177702562175468,0.3746312684365782,-0.6986807149143422,-1.0292746637325763,True,False,False,False,CONTEXT_ONLY,mae|win_share|bias,NONE,True,team-leash-historical-v1
2025,BF,NEUTRAL,1310,2.5531907936422384,2.5687925709326884,-0.006110697770531031,0.4580152671755725,-0.10622152762378748,-0.10917911833844877,True,False,False,False,CONTEXT_ONLY,mae|win_share|bias,NONE,True,team-leash-historical-v1
2025,BF,LONGER,426,2.556683956819854,2.563398547026276,-0.00262628870827431,0.5164319248826291,0.060721060665730214,0.5054722641002329,True,False,False,False,CONTEXT_ONLY,mae|win_share|bias,NONE,True,team-leash-historical-v1
2025,OUTS,ALL,2075,2.8368876286474944,2.863565058446777,-0.00940376683584091,0.4506024096385542,-0.07945402661254902,-0.045038573544169465,True,False,False,True,FAIL,mae|win_share,NONE,True,team-leash-historical-v1
2025,OUTS,TIGHTER,339,2.918468699944923,2.9975162291619193,-0.027085275651059018,0.36283185840707965,-0.6445170435957446,-0.963073601130366,True,False,False,False,CONTEXT_ONLY,mae|win_share|bias,NONE,True,team-leash-historical-v1
2025,OUTS,NEUTRAL,1310,2.7641041966075193,2.782467004060813,-0.006643312316457202,0.45648854961832064,-0.01938303224579157,0.002054666969001095,True,False,False,True,CONTEXT_ONLY,mae|win_share,NONE,True,team-leash-historical-v1
2025,OUTS,LONGER,426,2.995785076540782,3.0063561485246657,-0.0035286483221587494,0.5023474178403756,0.18548343849742951,0.5406931853278191,True,False,False,False,CONTEXT_ONLY,mae|win_share|bias,NONE,True,team-leash-historical-v1
2026,PITCHES,ALL,2278,8.966557986637385,9.091032167496627,-0.013882047162884801,0.45346795434591747,-0.7133182820981092,-0.6403888694084241,True,False,False,True,FAIL,mae|win_share,NONE,True,team-leash-historical-v1
2026,PITCHES,TIGHTER,407,10.000509553350536,10.539590008965364,-0.05390529879892132,0.3095823095823096,-1.3929710509435567,-2.9564456377415893,True,False,False,False,CONTEXT_ONLY,mae|win_share|bias,NONE,True,team-leash-historical-v1
2026,PITCHES,NEUTRAL,1425,8.878589431318506,8.930554470229936,-0.005852848508584843,0.4708771929824561,-0.8305038644838274,-0.7448670962185596,True,False,False,True,CONTEXT_ONLY,mae|win_share,NONE,True,team-leash-historical-v1
2026,PITCHES,LONGER,446,8.30408467649646,8.281878977198991,0.0026740694685254587,0.5291479820627802,0.28131878476230704,1.8069577178472738,True,False,False,False,CONTEXT_ONLY,mae|win_share|bias,NONE,True,team-leash-historical-v1
2026,BF,ALL,2278,2.6734622082758004,2.7021468604145595,-0.010729402514075103,0.466198419666374,-0.3189463666650868,-0.3000095029443237,True,False,False,True,FAIL,mae|win_share,NONE,True,team-leash-historical-v1
2026,BF,TIGHTER,407,2.7106796790218852,2.8331128126401137,-0.04516695003313964,0.371007371007371,-0.6099068296429995,-1.0167183293224797,True,False,False,False,CONTEXT_ONLY,mae|win_share|bias,NONE,True,team-leash-historical-v1
2026,BF,NEUTRAL,1425,2.668682640602728,2.6766664711929775,-0.002991674794439459,0.48140350877192983,-0.3496729831013631,-0.3342581824279672,True,False,False,True,CONTEXT_ONLY,mae|win_share,NONE,True,team-leash-historical-v1
2026,BF,LONGER,446,2.6547702202499504,2.6640446453584037,-0.0034934944793753686,0.5044843049327354,0.0447449715719179,0.46345431006038834,True,False,False,False,CONTEXT_ONLY,mae|win_share|bias,NONE,True,team-leash-historical-v1
2026,OUTS,ALL,2278,2.748131720244691,2.7779582074281532,-0.010853368840998148,0.4591747146619842,-0.2245360392083264,-0.21186932599408198,True,False,False,True,FAIL,mae|win_share,NONE,True,team-leash-historical-v1
2026,OUTS,TIGHTER,407,2.7907026482749204,2.873632310621174,-0.029716409377228564,0.36855036855036855,-0.7336127185672373,-1.0744106839466603,True,False,False,False,CONTEXT_ONLY,mae|win_share|bias,NONE,True,team-leash-historical-v1
2026,OUTS,NEUTRAL,1425,2.708521533148341,2.7220683323056263,-0.005001547520110905,0.48,-0.20444582929069682,-0.2015945838444774,True,False,False,True,CONTEXT_ONLY,mae|win_share,NONE,True,team-leash-historical-v1
2026,OUTS,LONGER,446,2.8358405742895254,2.869222135791473,-0.011771311054857413,0.47533632286995514,0.17583539434874665,0.5424195195743322,True,False,False,False,CONTEXT_ONLY,mae|win_share|bias,NONE,True,team-leash-historical-v1
POOLED,PITCHES,ALL,5835,8.855337405634968,8.982247595156531,-0.01433149113446608,0.45809768637532133,-0.4979082033559973,-0.39935710730031565,True,False,False,True,FAIL,mae|win_share,NONE,True,team-leash-historical-v1
POOLED,PITCHES,TIGHTER,966,9.731162042906531,10.288775433500248,-0.05730182974398068,0.3105590062111801,-1.8719311812508104,-3.395674266306988,True,False,False,False,CONTEXT_ONLY,mae|win_share|bias,NONE,True,team-leash-historical-v1
POOLED,PITCHES,NEUTRAL,3712,8.714711878046996,8.767333387370902,-0.006038238562592464,0.47521551724137934,-0.4954261163320764,-0.44247700312049704,True,False,False,True,CONTEXT_ONLY,mae|win_share,NONE,True,team-leash-historical-v1
POOLED,PITCHES,LONGER,1157,8.57526424988927,8.580912804715924,-0.0006587032961375947,0.526361279170268,0.6413248905191928,2.2406631423841783,True,False,False,False,CONTEXT_ONLY,mae|win_share|bias,NONE,True,team-leash-historical-v1
POOLED,BF,ALL,5835,2.6116290394504973,2.64105816989711,-0.01126849564086813,0.4570694087403599,-0.21767269370665104,-0.18697016971675326,True,False,False,True,FAIL,mae|win_share,NONE,True,team-leash-historical-v1
POOLED,BF,TIGHTER,966,2.7365658720237507,2.8385048369468913,-0.03725068925446859,0.37888198757763975,-0.5831542203068127,-0.9619020386914787,True,False,False,False,CONTEXT_ONLY,mae|win_share|bias,NONE,True,team-leash-historical-v1
POOLED,BF,NEUTRAL,3712,2.5803047983498035,2.594083057485715,-0.005339779682122582,0.4657866379310345,-0.22789304259187287,-0.21553865688927873,True,False,False,True,CONTEXT_ONLY,mae|win_share,NONE,True,team-leash-historical-v1
POOLED,BF,LONGER,1157,2.6078145214729815,2.6269165423266774,-0.00732491544026926,0.4943820224719101,0.1202642896621474,0.5516905129228312,True,False,False,False,CONTEXT_ONLY,mae|win_share|bias,NONE,True,team-leash-historical-v1
POOLED,OUTS,ALL,5835,2.811314612581318,2.8417663971321736,-0.010831866492130218,0.45552699228791776,-0.13536432007329322,-0.10840863676816062,True,False,False,True,FAIL,mae|win_share,NONE,True,team-leash-historical-v1
POOLED,OUTS,TIGHTER,966,2.8989289115316454,2.978632688721029,-0.027494215836866447,0.37577639751552794,-0.6011883189383476,-0.9375864698637446,True,False,False,False,CONTEXT_ONLY,mae|win_share|bias,NONE,True,team-leash-historical-v1
POOLED,OUTS,NEUTRAL,3712,2.7495135429815574,2.7672769806078086,-0.0064605746975112685,0.46848060344827586,-0.11222890744948764,-0.09721261209279168,True,False,False,True,CONTEXT_ONLY,mae|win_share,NONE,True,team-leash-historical-v1
POOLED,OUTS,LONGER,1157,2.936440072882352,2.966478477048865,-0.010229530799526185,0.48055315471045806,0.17933518834855314,0.5479665950169426,True,False,False,False,CONTEXT_ONLY,mae|win_share|bias,NONE,True,team-leash-historical-v1
