game_date,game_pk,pitcher_id,player,team,opponent,umpire_id,umpire_name,Base_Projection,Candidate_Factor,Candidate_Projection,Actual_Strikeouts,Capped_Factor,Cap_Was_Binding,Capped_Projection,Base_Absolute_Error,Incumbent_Absolute_Error,Capped_Absolute_Error,Base_Error,Incumbent_Error,Capped_Error,Capped_Win_vs_Incumbent,Incumbent_Win_vs_Capped,Capped_Incumbent_Tie,Incumbent_Overprediction,Capped_Overprediction,Evidence_Lane,Counts_For_Promotion,Report_Only,Production_Authority,No_Projection_Adjustment,Validation_Version
2026-08-14,823346,687562,Jake Bennett,BOS,PIT,605674.0,Ryan Wills,5.136651373886729,1.06,5.444850456319934,6.0,1.015,True,5.21370114449503,0.8633486261132708,0.5551495436800664,0.7862988555049704,-0.8633486261132708,-0.5551495436800664,-0.7862988555049704,False,True,False,False,False,DERIVATION_BACKTEST,False,True,NONE,True,umpire-k-up-cap-shadow-v1-preregistered-report-only
2026-08-14,823346,696149,Bubba Chandler,PIT,BOS,605674.0,Ryan Wills,4.53317940662322,1.06,4.805170171020613,5.0,1.015,True,4.601177097722568,0.46682059337677995,0.19482982897938683,0.39882290227743233,-0.46682059337677995,-0.19482982897938683,-0.39882290227743233,False,True,False,False,False,DERIVATION_BACKTEST,False,True,NONE,True,umpire-k-up-cap-shadow-v1-preregistered-report-only
2026-08-14,824237,656794,Sean Newcomb,CHW,DET,482666.0,D.J. Reyburn,4.293658542998768,1.0532678852589,4.522372653608122,2.0,1.015,True,4.35806342114375,2.2936585429987684,2.522372653608122,2.3580634211437497,2.2936585429987684,2.522372653608122,2.3580634211437497,True,False,False,True,True,DERIVATION_BACKTEST,False,True,NONE,True,umpire-k-up-cap-shadow-v1-preregistered-report-only
2026-08-14,824237,695549,Jackson Jobe,DET,CHW,482666.0,D.J. Reyburn,4.509072904569642,1.0532678852589,4.749261682674272,4.0,1.015,True,4.576708998138186,0.509072904569642,0.7492616826742724,0.5767089981381863,0.509072904569642,0.7492616826742724,0.5767089981381863,True,False,False,True,True,DERIVATION_BACKTEST,False,True,NONE,True,umpire-k-up-cap-shadow-v1-preregistered-report-only
2026-08-14,824882,694297,Brandon Pfaadt,ARI,ATL,577468.0,Roberto Ortiz,4.695923424536369,1.0126545893084349,4.7553484068977365,7.0,1.0126545893084349,False,4.7553484068977365,2.3040765754636308,2.2446515931022635,2.2446515931022635,-2.3040765754636308,-2.2446515931022635,-2.2446515931022635,False,False,True,False,False,DERIVATION_BACKTEST,False,True,NONE,True,umpire-k-up-cap-shadow-v1-preregistered-report-only
2026-08-14,822777,543037,Gerrit Cole,NYY,TOR,483569.0,Vic Carapazza,5.1837125225898735,0.957013615843891,4.960883464738992,5.0,0.957013615843891,False,4.960883464738992,0.18371252258987347,0.03911653526100789,0.03911653526100789,0.18371252258987347,-0.03911653526100789,-0.03911653526100789,False,False,True,False,False,DERIVATION_BACKTEST,False,True,NONE,True,umpire-k-up-cap-shadow-v1-preregistered-report-only
2026-08-14,822777,669456,Shane Bieber,TOR,NYY,483569.0,Vic Carapazza,4.789902636901819,0.957013615843891,4.584002042081598,5.0,0.957013615843891,False,4.584002042081598,0.21009736309818106,0.41599795791840233,0.41599795791840233,-0.21009736309818106,-0.41599795791840233,-0.41599795791840233,False,False,True,False,False,DERIVATION_BACKTEST,False,True,NONE,True,umpire-k-up-cap-shadow-v1-preregistered-report-only
2026-08-14,824159,669923,George Kirby,SEA,HOU,623945.0,Alex MacKay,5.055233311872689,1.06,5.358547310585051,2.0,1.015,True,5.1310618115507785,3.055233311872689,3.3585473105850507,3.1310618115507785,3.055233311872689,3.3585473105850507,3.1310618115507785,True,False,False,True,True,DERIVATION_BACKTEST,False,True,NONE,True,umpire-k-up-cap-shadow-v1-preregistered-report-only
2026-08-14,824159,663567,Peter Lambert,HOU,SEA,623945.0,Alex MacKay,4.964871980644212,1.06,5.262764299482865,6.0,1.015,True,5.039345060353875,1.0351280193557884,0.737235700517135,0.9606549396461252,-1.0351280193557884,-0.737235700517135,-0.9606549396461252,False,True,False,False,False,DERIVATION_BACKTEST,False,True,NONE,True,umpire-k-up-cap-shadow-v1-preregistered-report-only
2026-08-14,824968,677958,Kumar Rocker,TEX,ATH,482631.0,Mike Estabrook,4.395781761680474,1.0279548167620949,4.51866503535441,3.0,1.015,True,4.461718488105681,1.3957817616804737,1.5186650353544104,1.4617184881056806,1.3957817616804737,1.5186650353544104,1.4617184881056806,True,False,False,True,True,DERIVATION_BACKTEST,False,True,NONE,True,umpire-k-up-cap-shadow-v1-preregistered-report-only
2026-08-14,823913,688107,Robert Gasser,MIL,LAD,483912.0,Mike Muchlinski,4.7466171474424845,1.0236365199673647,4.858810658425445,7.0,1.015,True,4.817816404654121,2.2533828525575155,2.141189341574555,2.1821835953458786,-2.2533828525575155,-2.141189341574555,-2.1821835953458786,False,True,False,False,False,DERIVATION_BACKTEST,False,True,NONE,True,umpire-k-up-cap-shadow-v1-preregistered-report-only
2026-08-14,823913,808967,Yoshinobu Yamamoto,LAD,MIL,483912.0,Mike Muchlinski,5.946600628694665,1.0236365199673647,6.087157573192751,9.0,1.015,True,6.035799638125085,3.0533993713053347,2.9128424268072486,2.964200361874915,-3.0533993713053347,-2.9128424268072486,-2.964200361874915,False,True,False,False,False,DERIVATION_BACKTEST,False,True,NONE,True,umpire-k-up-cap-shadow-v1-preregistered-report-only
2026-08-14,823185,607536,Kyle Freeland,COL,SFG,573597.0,Gabe Morales,5.705471119678161,0.9850439811928616,5.620139986308669,2.0,0.9850439811928616,False,5.620139986308669,3.705471119678161,3.6201399863086694,3.6201399863086694,3.705471119678161,3.6201399863086694,3.6201399863086694,False,False,True,True,True,DERIVATION_BACKTEST,False,True,NONE,True,umpire-k-up-cap-shadow-v1-preregistered-report-only
2026-08-14,823185,694738,Landen Roupp,SFG,COL,573597.0,Gabe Morales,5.18952142514298,0.9850439811928616,5.111906845108495,5.0,0.9850439811928616,False,5.111906845108495,0.18952142514298043,0.11190684510849458,0.11190684510849458,0.18952142514298043,0.11190684510849458,0.11190684510849458,False,False,True,True,True,DERIVATION_BACKTEST,False,True,NONE,True,umpire-k-up-cap-shadow-v1-preregistered-report-only
2026-08-14,824882,519242,Chris Sale,ATL,ARI,577468.0,Roberto Ortiz,5.485459497169694,1.0126545893084349,5.554875734274431,9.0,1.0126545893084349,False,5.554875734274431,3.5145405028303056,3.4451242657255694,3.4451242657255694,-3.5145405028303056,-3.4451242657255694,-3.4451242657255694,False,False,True,False,False,DERIVATION_BACKTEST,False,True,NONE,True,umpire-k-up-cap-shadow-v1-preregistered-report-only
2026-08-14,822942,605135,Chris Bassitt,BAL,TBR,490319.0,Jordan Baker,4.100788408450873,0.9649937331062532,3.9572351149498575,3.0,0.9649937331062532,False,3.9572351149498584,1.1007884084508728,0.9572351149498575,0.9572351149498584,1.1007884084508728,0.9572351149498575,0.9572351149498584,False,True,True,True,True,DERIVATION_BACKTEST,False,True,NONE,True,umpire-k-up-cap-shadow-v1-preregistered-report-only
2026-08-14,822942,571927,Steven Matz,TBR,BAL,490319.0,Jordan Baker,4.256740631891617,0.9649937331062532,4.107728033234163,1.0,0.9649937331062532,False,4.107728033234163,3.256740631891617,3.107728033234163,3.107728033234163,3.256740631891617,3.107728033234163,3.107728033234163,False,False,True,True,True,DERIVATION_BACKTEST,False,True,NONE,True,umpire-k-up-cap-shadow-v1-preregistered-report-only
2026-08-14,824968,695611,Gage Jump,ATH,TEX,482631.0,Mike Estabrook,5.663479055047671,1.0279548167620949,5.821800574267491,1.0,1.015,True,5.748431240873385,4.663479055047671,4.821800574267491,4.748431240873385,4.663479055047671,4.821800574267491,4.748431240873385,True,False,False,True,True,DERIVATION_BACKTEST,False,True,NONE,True,umpire-k-up-cap-shadow-v1-preregistered-report-only
2026-08-15,824644,700241,Michael McGreevy,STL,CHC,427533.0,Mark Wegner,4.488471728532872,1.053384669427374,4.728087307994714,6.0,1.015,True,4.555798804460864,1.511528271467128,1.2719126920052863,1.4442011955391356,-1.511528271467128,-1.2719126920052863,-1.4442011955391356,False,True,False,False,False,DERIVATION_BACKTEST,False,True,NONE,True,umpire-k-up-cap-shadow-v1-preregistered-report-only
2026-08-15,824644,571510,Matthew Boyd,CHC,STL,427533.0,Mark Wegner,5.168619874051423,1.053384669427374,5.444544937423414,2.0,1.015,True,5.246149172162194,3.168619874051423,3.444544937423414,3.246149172162194,3.168619874051423,3.444544937423414,3.246149172162194,True,False,False,True,True,DERIVATION_BACKTEST,False,True,NONE,True,umpire-k-up-cap-shadow-v1-preregistered-report-only
2026-08-15,822775,693645,Cam Schlittler,NYY,TOR,544728.0,Nic Lentz,5.76531356803126,0.9893724042803772,5.704042146233368,7.0,0.9893724042803772,False,5.704042146233368,1.2346864319687398,1.295957853766632,1.295957853766632,-1.2346864319687398,-1.295957853766632,-1.295957853766632,False,False,True,False,False,DERIVATION_BACKTEST,False,True,NONE,True,umpire-k-up-cap-shadow-v1-preregistered-report-only
2026-08-15,822775,680755,Braydon Fisher,TOR,NYY,544728.0,Nic Lentz,3.1565460243819308,0.9893724042803772,3.122999529364417,0.0,0.9893724042803772,False,3.122999529364417,3.1565460243819308,3.122999529364417,3.122999529364417,3.1565460243819308,3.122999529364417,3.122999529364417,False,False,True,True,True,DERIVATION_BACKTEST,False,True,NONE,True,umpire-k-up-cap-shadow-v1-preregistered-report-only
2026-08-15,823588,695418,Brad Lord,WSH,NYM,598411.0,Nestor Ceja,3.8440168524749634,1.0131039567277005,3.8943886829703462,1.0,1.0131039567277005,False,3.8943886829703467,2.8440168524749634,2.8943886829703462,2.8943886829703467,2.8440168524749634,2.8943886829703462,2.8943886829703467,False,True,True,True,True,DERIVATION_BACKTEST,False,True,NONE,True,umpire-k-up-cap-shadow-v1-preregistered-report-only
2026-08-15,823588,640455,Sean Manaea,NYM,WSH,598411.0,Nestor Ceja,5.368189786752298,1.0131039567277005,5.438534313423984,7.0,1.0131039567277005,False,5.438534313423984,1.631810213247702,1.5614656865760157,1.5614656865760157,-1.631810213247702,-1.5614656865760157,-1.5614656865760157,False,False,True,False,False,DERIVATION_BACKTEST,False,True,NONE,True,umpire-k-up-cap-shadow-v1-preregistered-report-only
2026-08-15,822941,680694,Kyle Bradish,BAL,TBR,521889.0,Stu Scheurwater,4.529826520715504,1.0247150807429009,4.641781548926322,3.0,1.015,True,4.5977739185262365,1.5298265207155044,1.641781548926322,1.5977739185262365,1.5298265207155044,1.641781548926322,1.5977739185262365,True,False,False,True,True,DERIVATION_BACKTEST,False,True,NONE,True,umpire-k-up-cap-shadow-v1-preregistered-report-only
2026-08-15,822941,693855,Ian Seymour,TBR,BAL,521889.0,Stu Scheurwater,5.399951571868048,1.0247150807429009,5.5334118109745205,9.0,1.015,True,5.480950845446068,3.6000484281319522,3.4665881890254795,3.519049154553932,-3.6000484281319522,-3.4665881890254795,-3.519049154553932,False,True,False,False,False,DERIVATION_BACKTEST,False,True,NONE,True,umpire-k-up-cap-shadow-v1-preregistered-report-only
2026-08-15,824480,687473,Ryan Gusto,MIA,CIN,503493.0,Sean Barber,4.531679633410276,0.9810374767157392,4.445747552844923,6.0,0.9810374767157392,False,4.445747552844923,1.4683203665897242,1.5542524471550774,1.5542524471550774,-1.4683203665897242,-1.5542524471550774,-1.5542524471550774,False,False,True,False,False,DERIVATION_BACKTEST,False,True,NONE,True,umpire-k-up-cap-shadow-v1-preregistered-report-only
2026-08-15,824480,663903,Brady Singer,CIN,MIA,503493.0,Sean Barber,5.221973800020474,0.9810374767157392,5.1229520002477855,4.0,0.9810374767157392,False,5.1229520002477855,1.221973800020474,1.1229520002477855,1.1229520002477855,1.221973800020474,1.1229520002477855,1.1229520002477855,False,False,True,True,True,DERIVATION_BACKTEST,False,True,NONE,True,umpire-k-up-cap-shadow-v1-preregistered-report-only
2026-08-15,824400,676282,Joey Cantillo,CLE,SDP,503077.0,Adam Hamari,4.399320485164076,0.944326772682281,4.154396115750039,7.0,0.944326772682281,False,4.154396115750039,2.6006795148359236,2.845603884249961,2.845603884249961,-2.6006795148359236,-2.845603884249961,-2.845603884249961,False,False,True,False,False,DERIVATION_BACKTEST,False,True,NONE,True,umpire-k-up-cap-shadow-v1-preregistered-report-only
2026-08-15,823671,666200,Jesús Luzardo,PHI,MIN,605673.0,Alex Tosi,6.146693838277013,1.0139116574621556,6.232204537479865,9.0,1.0139116574621556,False,6.232204537479865,2.853306161722987,2.7677954625201346,2.7677954625201346,-2.853306161722987,-2.7677954625201346,-2.7677954625201346,False,False,True,False,False,DERIVATION_BACKTEST,False,True,NONE,True,umpire-k-up-cap-shadow-v1-preregistered-report-only
2026-08-15,823671,687570,Connor Prielipp,MIN,PHI,605673.0,Alex Tosi,5.01449363583585,1.0139116574621556,5.084253553643757,6.0,1.0139116574621556,False,5.084253553643757,0.9855063641641504,0.915746446356243,0.915746446356243,-0.9855063641641504,-0.915746446356243,-0.915746446356243,False,False,True,False,False,DERIVATION_BACKTEST,False,True,NONE,True,umpire-k-up-cap-shadow-v1-preregistered-report-only
2026-08-15,823347,543243,Sonny Gray,BOS,PIT,596809.0,Ryan Additon,5.404713263895313,1.06,5.728996059729032,7.0,1.015,True,5.485783962853742,1.5952867361046872,1.271003940270968,1.5142160371462579,-1.5952867361046872,-1.271003940270968,-1.5142160371462579,False,True,False,False,False,DERIVATION_BACKTEST,False,True,NONE,True,umpire-k-up-cap-shadow-v1-preregistered-report-only
2026-08-15,823347,683003,Jared Jones,PIT,BOS,596809.0,Ryan Additon,4.369522756824493,1.06,4.631694122233963,7.0,1.015,True,4.43506559817686,2.6304772431755072,2.368305877766037,2.56493440182314,-2.6304772431755072,-2.368305877766037,-2.56493440182314,False,True,False,False,False,DERIVATION_BACKTEST,False,True,NONE,True,umpire-k-up-cap-shadow-v1-preregistered-report-only
2026-08-15,824884,593958,Eduardo Rodriguez,ARI,ATL,427554.0,Jim Wolf,5.003575211179797,1.0323969342328208,5.165675708225361,5.0,1.015,True,5.078628839347493,0.0035752111797968666,0.16567570822536126,0.07862883934749298,0.0035752111797968666,0.16567570822536126,0.07862883934749298,True,False,False,True,True,DERIVATION_BACKTEST,False,True,NONE,True,umpire-k-up-cap-shadow-v1-preregistered-report-only
2026-08-15,824884,656550,Grant Holmes,ATL,ARI,427554.0,Jim Wolf,4.209018734059028,1.0323969342328208,4.345378037171049,3.0,1.015,True,4.272154015069913,1.2090187340590282,1.3453780371710486,1.2721540150699129,1.2090187340590282,1.3453780371710486,1.2721540150699129,True,False,False,True,True,DERIVATION_BACKTEST,False,True,NONE,True,umpire-k-up-cap-shadow-v1-preregistered-report-only
2026-08-15,823914,694819,Jacob Misiorowski,MIL,LAD,427139.0,Doug Eddings,6.337775222291999,0.993626350582519,6.297380464938312,6.0,0.993626350582519,False,6.297380464938312,0.33777522229199874,0.29738046493831227,0.29738046493831227,0.33777522229199874,0.29738046493831227,0.29738046493831227,False,False,True,True,True,DERIVATION_BACKTEST,False,True,NONE,True,umpire-k-up-cap-shadow-v1-preregistered-report-only
2026-08-15,823914,680736,Justin Wrobleski,LAD,MIL,427139.0,Doug Eddings,5.040592301170672,0.993626350582519,5.008465332986556,6.0,0.993626350582519,False,5.008465332986556,0.9594076988293283,0.9915346670134442,0.9915346670134442,-0.9594076988293283,-0.9915346670134442,-0.9915346670134442,False,False,True,False,False,DERIVATION_BACKTEST,False,True,NONE,True,umpire-k-up-cap-shadow-v1-preregistered-report-only
2026-08-15,823990,677976,Randy Dobnak,KCR,LAA,511890.0,Quinn Wolcott,4.623363071899023,1.0323772329929917,4.773054775289092,6.0,1.015,True,4.692713517977508,1.376636928100977,1.2269452247109083,1.3072864820224916,-1.376636928100977,-1.2269452247109083,-1.3072864820224916,False,True,False,False,False,DERIVATION_BACKTEST,False,True,NONE,True,umpire-k-up-cap-shadow-v1-preregistered-report-only
2026-08-15,823990,672282,Reid Detmers,LAA,KCR,511890.0,Quinn Wolcott,5.304542788020525,1.0323772329929917,5.476289205789559,11.0,1.015,True,5.3841109298408325,5.695457211979475,5.523710794210441,5.6158890701591675,-5.695457211979475,-5.523710794210441,-5.6158890701591675,False,True,False,False,False,DERIVATION_BACKTEST,False,True,NONE,True,umpire-k-up-cap-shadow-v1-preregistered-report-only
2026-08-15,824400,593974,Wandy Peralta,SDP,CLE,503077.0,Adam Hamari,2.931011575603759,0.944326772682281,2.7678327018843056,1.0,0.944326772682281,False,2.7678327018843056,1.9310115756037591,1.7678327018843056,1.7678327018843056,1.9310115756037591,1.7678327018843056,1.7678327018843056,False,False,True,True,True,DERIVATION_BACKTEST,False,True,NONE,True,umpire-k-up-cap-shadow-v1-preregistered-report-only
2026-08-16,822940,669432,Trevor Rogers,BAL,TBR,623938.0,Erich Bacchus,4.653793981338421,0.9696680167572688,4.5126351802813405,6.0,0.9696680167572688,False,4.5126351802813405,1.3462060186615794,1.4873648197186595,1.4873648197186595,-1.3462060186615794,-1.4873648197186595,-1.4873648197186595,False,False,True,False,False,DERIVATION_BACKTEST,False,True,NONE,True,umpire-k-up-cap-shadow-v1-preregistered-report-only
2026-08-16,822940,642547,Freddy Peralta,TBR,BAL,623938.0,Erich Bacchus,5.157942880566768,0.9696680167572688,5.001492243546452,2.0,0.9696680167572688,False,5.001492243546452,3.157942880566768,3.001492243546452,3.001492243546452,3.157942880566768,3.001492243546452,3.001492243546452,False,False,True,True,True,DERIVATION_BACKTEST,False,True,NONE,True,umpire-k-up-cap-shadow-v1-preregistered-report-only
2026-08-16,822774,677960,Ryan Weathers,NYY,TOR,427537.0,Hunter Wendelstedt,5.199156922758577,0.9873004086208708,5.133129754323573,4.0,0.9873004086208708,False,5.133129754323573,1.1991569227585774,1.1331297543235728,1.1331297543235728,1.1991569227585774,1.1331297543235728,1.1331297543235728,False,False,True,True,True,DERIVATION_BACKTEST,False,True,NONE,True,umpire-k-up-cap-shadow-v1-preregistered-report-only
2026-08-16,822774,656302,Dylan Cease,TOR,NYY,427537.0,Hunter Wendelstedt,6.797942636173971,0.9873004086208708,6.711611542475801,10.0,0.9873004086208708,False,6.711611542475801,3.202057363826029,3.2883884575241993,3.2883884575241993,-3.202057363826029,-3.2883884575241993,-3.2883884575241993,False,False,True,False,False,DERIVATION_BACKTEST,False,True,NONE,True,umpire-k-up-cap-shadow-v1-preregistered-report-only
2026-08-16,823590,663623,Jake Irvin,WSH,NYM,691042.0,Willie Traynor,4.414384550836889,0.94,4.149521477786675,6.0,0.94,False,4.149521477786675,1.585615449163111,1.8504785222133249,1.8504785222133249,-1.585615449163111,-1.8504785222133249,-1.8504785222133249,False,False,True,False,False,DERIVATION_BACKTEST,False,True,NONE,True,umpire-k-up-cap-shadow-v1-preregistered-report-only
2026-08-16,823590,681035,Christian Scott,NYM,WSH,691042.0,Willie Traynor,4.8926211615611,0.94,4.599063891867433,7.0,0.94,False,4.599063891867433,2.1073788384389003,2.4009361081325666,2.4009361081325666,-2.1073788384389003,-2.4009361081325666,-2.4009361081325666,False,False,True,False,False,DERIVATION_BACKTEST,False,True,NONE,True,umpire-k-up-cap-shadow-v1-preregistered-report-only
2026-08-16,824397,663554,Casey Mize,SDP,CLE,429805.0,Todd Tichenor,4.626856302479892,0.94,4.349244924331098,3.0,0.94,False,4.349244924331098,1.6268563024798919,1.3492449243310984,1.3492449243310984,1.6268563024798919,1.3492449243310984,1.3492449243310984,False,False,True,True,True,DERIVATION_BACKTEST,False,True,NONE,True,umpire-k-up-cap-shadow-v1-preregistered-report-only
2026-08-16,824397,676440,Tanner Bibee,CLE,SDP,429805.0,Todd Tichenor,4.900820874019503,0.94,4.606771621578333,3.0,0.94,False,4.606771621578333,1.9008208740195034,1.606771621578333,1.606771621578333,1.9008208740195034,1.606771621578333,1.606771621578333,False,False,True,True,True,DERIVATION_BACKTEST,False,True,NONE,True,umpire-k-up-cap-shadow-v1-preregistered-report-only
2026-08-16,824236,680732,Sean Burke,CHW,DET,644760.0,Adam Beck,5.372787716023881,0.9875660950068276,5.305982984014356,2.0,0.9875660950068276,False,5.305982984014356,3.372787716023881,3.3059829840143564,3.3059829840143564,3.372787716023881,3.3059829840143564,3.3059829840143564,False,False,True,True,True,DERIVATION_BACKTEST,False,True,NONE,True,umpire-k-up-cap-shadow-v1-preregistered-report-only
2026-08-16,824236,623454,Drew Anderson,DET,CHW,644760.0,Adam Beck,3.6685559209445335,0.9875660950068276,3.622941445161369,5.0,0.9875660950068276,False,3.622941445161369,1.3314440790554665,1.377058554838631,1.377058554838631,-1.3314440790554665,-1.377058554838631,-1.377058554838631,False,False,True,False,False,DERIVATION_BACKTEST,False,True,NONE,True,umpire-k-up-cap-shadow-v1-preregistered-report-only
2026-08-16,824477,691587,Eury Pérez,MIA,CIN,596805.0,John Libka,5.708494599050562,1.0425856023237894,5.951594279913229,5.0,1.015,True,5.79412201803632,0.708494599050562,0.9515942799132286,0.7941220180363198,0.708494599050562,0.9515942799132286,0.7941220180363198,True,False,False,True,True,DERIVATION_BACKTEST,False,True,NONE,True,umpire-k-up-cap-shadow-v1-preregistered-report-only
2026-08-16,824477,666157,Nick Lodolo,CIN,MIA,596805.0,John Libka,4.500722335947863,1.0425856023237894,4.692388307516335,2.0,1.015,True,4.568233170987081,2.500722335947863,2.6923883075163353,2.5682331709870807,2.500722335947863,2.6923883075163353,2.5682331709870807,True,False,False,True,True,DERIVATION_BACKTEST,False,True,NONE,True,umpire-k-up-cap-shadow-v1-preregistered-report-only
2026-08-16,823670,691725,Andrew Painter,PHI,MIN,484183.0,Cory Blaser,4.161655880868947,1.06,4.411355233721085,2.0,1.015,True,4.224080719081981,2.161655880868947,2.4113552337210846,2.2240807190819813,2.161655880868947,2.4113552337210846,2.2240807190819813,True,False,False,True,True,DERIVATION_BACKTEST,False,True,NONE,True,umpire-k-up-cap-shadow-v1-preregistered-report-only
2026-08-16,823670,665152,Dean Kremer,MIN,PHI,484183.0,Cory Blaser,4.432639319822826,1.06,4.698597679012196,6.0,1.015,True,4.499128909620168,1.567360680177174,1.3014023209878038,1.5008710903798317,-1.567360680177174,-1.3014023209878038,-1.5008710903798317,False,True,False,False,False,DERIVATION_BACKTEST,False,True,NONE,True,umpire-k-up-cap-shadow-v1-preregistered-report-only
2026-08-16,824642,690928,Hunter Dobbins,STL,CHC,608158.0,Nate Tomlinson,4.539976940292121,0.94,4.267578323874593,7.0,0.94,False,4.267578323874593,2.460023059707879,2.7324216761254068,2.7324216761254068,-2.460023059707879,-2.7324216761254068,-2.7324216761254068,False,False,True,False,False,DERIVATION_BACKTEST,False,True,NONE,True,umpire-k-up-cap-shadow-v1-preregistered-report-only
2026-08-16,824642,665795,Edward Cabrera,CHC,STL,608158.0,Nate Tomlinson,4.565164903313475,0.94,4.291255009114666,2.0,0.94,False,4.291255009114666,2.565164903313475,2.291255009114666,2.291255009114666,2.565164903313475,2.291255009114666,2.291255009114666,False,False,True,True,True,DERIVATION_BACKTEST,False,True,NONE,True,umpire-k-up-cap-shadow-v1-preregistered-report-only
2026-08-16,823182,687312,Gabriel Hughes,COL,SFG,665281.0,Brian Walsh,4.825934159552915,0.9820130837447786,4.739130485971825,2.0,0.9820130837447786,False,4.739130485971825,2.825934159552915,2.739130485971825,2.739130485971825,2.825934159552915,2.739130485971825,2.739130485971825,False,False,True,True,True,DERIVATION_BACKTEST,False,True,NONE,True,umpire-k-up-cap-shadow-v1-preregistered-report-only
2026-08-16,823182,694918,Blade Tidwell,SFG,COL,665281.0,Brian Walsh,4.555084306412306,0.9820130837447786,4.473152386457395,1.0,0.9820130837447786,False,4.473152386457395,3.555084306412306,3.4731523864573948,3.4731523864573948,3.555084306412306,3.4731523864573948,3.4731523864573948,False,False,True,True,True,DERIVATION_BACKTEST,False,True,NONE,True,umpire-k-up-cap-shadow-v1-preregistered-report-only
2026-08-16,824965,674003,Cody Bradford,TEX,ATH,623946.0,Malachi Moore,4.845734792117946,0.943313948059936,4.571049218004172,4.0,0.943313948059936,False,4.571049218004172,0.8457347921179457,0.5710492180041724,0.5710492180041724,0.8457347921179457,0.5710492180041724,0.5710492180041724,False,False,True,True,True,DERIVATION_BACKTEST,False,True,NONE,True,umpire-k-up-cap-shadow-v1-preregistered-report-only
2026-08-16,824965,682052,Jacob Lopez,ATH,TEX,623946.0,Malachi Moore,4.715502572247446,0.943313948059936,4.448199348513522,6.0,0.943313948059936,False,4.448199348513522,1.2844974277525543,1.5518006514864782,1.5518006514864782,-1.2844974277525543,-1.5518006514864782,-1.5518006514864782,False,False,True,False,False,DERIVATION_BACKTEST,False,True,NONE,True,umpire-k-up-cap-shadow-v1-preregistered-report-only
2026-08-16,823991,702070,Noah Cameron,KCR,LAA,594151.0,Ramon De Jesus,5.700107394222463,0.9875127024570088,5.628928457163803,8.0,0.9875127024570088,False,5.628928457163803,2.2998926057775373,2.371071542836197,2.371071542836197,-2.2998926057775373,-2.371071542836197,-2.371071542836197,False,False,True,False,False,DERIVATION_BACKTEST,False,True,NONE,True,umpire-k-up-cap-shadow-v1-preregistered-report-only
2026-08-16,823991,696270,Ryan Johnson,LAA,KCR,594151.0,Ramon De Jesus,4.119426045711611,0.9875127024570088,4.067985546972463,4.0,0.9875127024570088,False,4.067985546972463,0.1194260457116112,0.06798554697246306,0.06798554697246306,0.1194260457116112,0.06798554697246306,0.06798554697246306,False,False,True,True,True,DERIVATION_BACKTEST,False,True,NONE,True,umpire-k-up-cap-shadow-v1-preregistered-report-only
2026-08-16,823912,701656,Logan Henderson,MIL,LAD,621660.0,Emil Jimenez,5.166586769096899,0.9666891979595008,4.9944836200064495,6.0,0.9666891979595008,False,4.9944836200064495,0.8334132309031013,1.0055163799935505,1.0055163799935505,-0.8334132309031013,-1.0055163799935505,-1.0055163799935505,False,False,True,False,False,DERIVATION_BACKTEST,False,True,NONE,True,umpire-k-up-cap-shadow-v1-preregistered-report-only
2026-08-16,823912,669373,Tarik Skubal,LAD,MIL,621660.0,Emil Jimenez,5.825653446777954,0.9666891979595008,5.631596258055782,7.0,0.9666891979595008,False,5.631596258055782,1.1743465532220458,1.3684037419442179,1.3684037419442179,-1.1743465532220458,-1.3684037419442179,-1.3684037419442179,False,False,True,False,False,DERIVATION_BACKTEST,False,True,NONE,True,umpire-k-up-cap-shadow-v1-preregistered-report-only
2026-08-16,824156,693433,Bryan Woo,SEA,HOU,503586.0,Tripp Gibson,5.01676483607724,1.0026538426299565,5.0300785404636885,5.0,1.0026538426299565,False,5.0300785404636885,0.016764836077239664,0.03007854046368852,0.03007854046368852,0.016764836077239664,0.03007854046368852,0.03007854046368852,False,False,True,True,True,DERIVATION_BACKTEST,False,True,NONE,True,umpire-k-up-cap-shadow-v1-preregistered-report-only
2026-08-16,824156,686613,Hunter Brown,HOU,SEA,503586.0,Tripp Gibson,5.072816727384349,1.0026538426299565,5.086279184669437,5.0,1.0026538426299565,False,5.086279184669437,0.07281672738434875,0.08627918466943729,0.08627918466943729,0.07281672738434875,0.08627918466943729,0.08627918466943729,False,False,True,True,True,DERIVATION_BACKTEST,False,True,NONE,True,umpire-k-up-cap-shadow-v1-preregistered-report-only
2026-08-17,824478,695076,Rhett Lowder,CIN,STL,544728.0,Nic Lentz,4.518264999827,0.9932944767776022,4.487967668945713,5.0,0.9932944767776022,False,4.487967668945713,0.48173500017299986,0.5120323310542867,0.5120323310542867,-0.48173500017299986,-0.5120323310542867,-0.5120323310542867,False,False,True,False,False,DERIVATION_BACKTEST,False,True,NONE,True,umpire-k-up-cap-shadow-v1-preregistered-report-only
2026-08-17,823343,664285,Framber Valdez,DET,PIT,482620.0,Chris Conroy,5.233219003117307,0.988990405595609,5.175603384463635,5.0,0.988990405595609,False,5.175603384463635,0.23321900311730737,0.17560338446363488,0.17560338446363488,0.23321900311730737,0.17560338446363488,0.17560338446363488,False,False,True,True,True,DERIVATION_BACKTEST,False,True,NONE,True,umpire-k-up-cap-shadow-v1-preregistered-report-only
2026-08-17,823343,669387,Carmen Mlodzinski,PIT,DET,482620.0,Chris Conroy,3.587177619214837,0.988990405595609,3.5476842485707727,3.0,0.988990405595609,False,3.5476842485707727,0.5871776192148368,0.5476842485707727,0.5476842485707727,0.5871776192148368,0.5476842485707727,0.5476842485707727,False,False,True,True,True,DERIVATION_BACKTEST,False,True,NONE,True,umpire-k-up-cap-shadow-v1-preregistered-report-only
2026-08-17,824725,683352,Mitch Bratt,ARI,BOS,427248.0,Dan Iassogna,4.223785431458687,1.0324666584490527,4.360917630423941,0.0,1.015,True,4.287142212930567,4.223785431458687,4.360917630423941,4.287142212930567,4.223785431458687,4.360917630423941,4.287142212930567,True,False,False,True,True,DERIVATION_BACKTEST,False,True,NONE,True,umpire-k-up-cap-shadow-v1-preregistered-report-only
2026-08-17,823589,621111,Walker Buehler,SDP,NYM,427113.0,Laz Diaz,4.52204327956815,1.017991353133078,4.603400957093923,4.0,1.015,True,4.589873928761672,0.52204327956815,0.6034009570939229,0.5898739287616719,0.52204327956815,0.6034009570939229,0.5898739287616719,True,False,False,True,True,DERIVATION_BACKTEST,False,True,NONE,True,umpire-k-up-cap-shadow-v1-preregistered-report-only
2026-08-17,823589,690997,Nolan McLean,NYM,SDP,427113.0,Laz Diaz,5.60565164504754,1.017991353133078,5.70650490333461,3.0,1.015,True,5.6897364197232525,2.6056516450475398,2.7065049033346096,2.6897364197232525,2.6056516450475398,2.7065049033346096,2.6897364197232525,True,False,False,True,True,DERIVATION_BACKTEST,False,True,NONE,True,umpire-k-up-cap-shadow-v1-preregistered-report-only
2026-08-17,824077,686930,Mason Barnett,ATH,KCR,596740.0,Jansen Visconti,4.215105119532577,1.0149275593263445,4.278026351271178,2.0,1.0149275593263445,False,4.278026351271178,2.215105119532577,2.278026351271178,2.278026351271178,2.215105119532577,2.278026351271178,2.278026351271178,False,False,True,True,True,DERIVATION_BACKTEST,False,True,NONE,True,umpire-k-up-cap-shadow-v1-preregistered-report-only
2026-08-17,824077,608379,Michael Wacha,KCR,ATH,596740.0,Jansen Visconti,4.988548340582685,1.0149275593263445,5.063015191889071,3.0,1.0149275593263445,False,5.063015191889071,1.9885483405826854,2.063015191889071,2.063015191889071,1.9885483405826854,2.063015191889071,2.063015191889071,False,False,True,True,True,DERIVATION_BACKTEST,False,True,NONE,True,umpire-k-up-cap-shadow-v1-preregistered-report-only
2026-08-17,823668,527048,Martín Pérez,ATL,MIN,427129.0,Bruce Dreckman,3.997922197560462,1.021732500866533,4.084807045183276,3.0,1.015,True,4.0578910305238685,0.9979221975604622,1.0848070451832763,1.0578910305238685,0.9979221975604622,1.0848070451832763,1.0578910305238685,True,False,False,True,True,DERIVATION_BACKTEST,False,True,NONE,True,umpire-k-up-cap-shadow-v1-preregistered-report-only
2026-08-17,823668,641927,Bailey Ober,MIN,ATL,427129.0,Bruce Dreckman,4.552692426074534,1.021732500866533,4.651633818169257,4.0,1.015,True,4.620982812465652,0.5526924260745343,0.6516338181692571,0.6209828124656518,0.5526924260745343,0.6516338181692571,0.6209828124656518,True,False,False,True,True,DERIVATION_BACKTEST,False,True,NONE,True,umpire-k-up-cap-shadow-v1-preregistered-report-only
2026-08-17,824320,605483,Blake Snell,LAD,COL,483919.0,Mark Ripperger,5.358647602224803,1.0160008723997476,5.444390638743215,5.0,1.015,True,5.439027316258175,0.35864760222480285,0.44439063874321505,0.4390273162581746,0.35864760222480285,0.44439063874321505,0.4390273162581746,True,False,False,True,True,DERIVATION_BACKTEST,False,True,NONE,True,umpire-k-up-cap-shadow-v1-preregistered-report-only
2026-08-17,824320,608372,Tomoyuki Sugano,COL,LAD,483919.0,Mark Ripperger,3.9399266163000446,1.0160008723997476,4.002968879351831,3.0,1.015,True,3.999025515544545,0.9399266163000446,1.0029688793518314,0.9990255155445449,0.9399266163000446,1.0029688793518314,0.9990255155445449,True,False,False,True,True,DERIVATION_BACKTEST,False,True,NONE,True,umpire-k-up-cap-shadow-v1-preregistered-report-only
2026-08-17,824514,687273,Quinn Mathews,STL,CIN,483569.0,Vic Carapazza,5.397625398488667,0.9552266916146518,5.155955851973546,7.0,0.9552266916146518,False,5.155955851973546,1.6023746015113334,1.8440441480264544,1.8440441480264544,-1.6023746015113334,-1.8440441480264544,-1.8440441480264544,False,False,True,False,False,DERIVATION_BACKTEST,False,True,NONE,True,umpire-k-up-cap-shadow-v1-preregistered-report-only
2026-08-17,824478,669467,Andre Pallante,STL,CIN,544728.0,Nic Lentz,5.035533662626852,0.9932944767776022,5.001767774714942,5.0,0.9932944767776022,False,5.001767774714942,0.03553366262685209,0.0017677747149420497,0.0017677747149420497,0.03553366262685209,0.0017677747149420497,0.0017677747149420497,False,False,True,True,True,DERIVATION_BACKTEST,False,True,NONE,True,umpire-k-up-cap-shadow-v1-preregistered-report-only
2026-08-18,824803,607074,Carlos Rodón,NYY,BAL,504381.0,Will Little,5.61537454976998,0.9969832376667684,5.598434299341247,4.0,0.9969832376667684,False,5.598434299341247,1.6153745497699799,1.598434299341247,1.598434299341247,1.6153745497699799,1.598434299341247,1.598434299341247,False,False,True,True,True,DERIVATION_BACKTEST,False,True,NONE,True,umpire-k-up-cap-shadow-v1-preregistered-report-only
2026-08-18,824803,669358,Shane Baz,BAL,NYY,504381.0,Will Little,5.414982918719831,0.9969832376667684,5.398647202215545,10.0,0.9969832376667684,False,5.398647202215545,4.585017081280169,4.601352797784455,4.601352797784455,-4.585017081280169,-4.601352797784455,-4.601352797784455,False,False,True,False,False,DERIVATION_BACKTEST,False,True,NONE,True,umpire-k-up-cap-shadow-v1-preregistered-report-only
2026-08-18,823341,672456,Keider Montero,DET,PIT,483630.0,John Tumpane,4.653182668769521,0.9915360120115314,4.613798186552906,3.0,0.9915360120115314,False,4.613798186552906,1.6531826687695208,1.6137981865529056,1.6137981865529056,1.6531826687695208,1.6137981865529056,1.6137981865529056,False,False,True,True,True,DERIVATION_BACKTEST,False,True,NONE,True,umpire-k-up-cap-shadow-v1-preregistered-report-only
2026-08-18,823341,677952,Braxton Ashcraft,PIT,DET,483630.0,John Tumpane,5.346787593098446,0.9915360120115314,5.301532447133567,4.0,0.9915360120115314,False,5.301532447133567,1.3467875930984459,1.3015324471335674,1.3015324471335674,1.3467875930984459,1.3015324471335674,1.3015324471335674,False,False,True,True,True,DERIVATION_BACKTEST,False,True,NONE,True,umpire-k-up-cap-shadow-v1-preregistered-report-only
2026-08-18,824398,687931,Carson Whisenhunt,SFG,CLE,490319.0,Jordan Baker,4.140867861084864,0.9552927468153528,3.9557410332151743,1.0,0.9552927468153528,False,3.9557410332151743,3.140867861084864,2.9557410332151743,2.9557410332151743,3.140867861084864,2.9557410332151743,2.9557410332151743,False,False,True,True,True,DERIVATION_BACKTEST,False,True,NONE,True,umpire-k-up-cap-shadow-v1-preregistered-report-only
2026-08-18,824398,656492,Foster Griffin,CLE,SFG,490319.0,Jordan Baker,5.459779377135535,0.9552927468153528,5.215687638189622,6.0,0.9552927468153528,False,5.215687638189622,0.5402206228644646,0.784312361810378,0.784312361810378,-0.5402206228644646,-0.784312361810378,-0.784312361810378,False,False,True,False,False,DERIVATION_BACKTEST,False,True,NONE,True,umpire-k-up-cap-shadow-v1-preregistered-report-only
2026-08-18,822938,667755,José Soriano,TOR,TBR,428442.0,James Hoye,4.674917674843069,0.980248612349956,4.582581563615201,2.0,0.980248612349956,False,4.582581563615201,2.674917674843069,2.582581563615201,2.582581563615201,2.674917674843069,2.582581563615201,2.582581563615201,False,False,True,True,True,DERIVATION_BACKTEST,False,True,NONE,True,umpire-k-up-cap-shadow-v1-preregistered-report-only
2026-08-18,822938,607259,Nick Martinez,TBR,TOR,428442.0,James Hoye,4.219537306215175,0.980248612349956,4.136195589176296,5.0,0.980248612349956,False,4.136195589176296,0.7804626937848251,0.863804410823704,0.863804410823704,-0.7804626937848251,-0.863804410823704,-0.863804410823704,False,False,True,False,False,DERIVATION_BACKTEST,False,True,NONE,True,umpire-k-up-cap-shadow-v1-preregistered-report-only
2026-08-18,823423,806188,Cade Gibson,MIA,PHI,575629.0,Shane Livensparger,2.932904529638229,1.012447696006021,2.969412433637848,1.0,1.012447696006021,False,2.9694124336378476,1.932904529638229,1.969412433637848,1.9694124336378476,1.932904529638229,1.969412433637848,1.9694124336378476,True,False,True,True,True,DERIVATION_BACKTEST,False,True,NONE,True,umpire-k-up-cap-shadow-v1-preregistered-report-only
2026-08-18,823423,554430,Zack Wheeler,PHI,MIA,575629.0,Shane Livensparger,5.387025936398032,1.012447696006021,5.454081997630865,7.0,1.012447696006021,False,5.454081997630865,1.6129740636019676,1.5459180023691346,1.5459180023691346,-1.6129740636019676,-1.5459180023691346,-1.5459180023691346,False,False,True,False,False,DERIVATION_BACKTEST,False,True,NONE,True,umpire-k-up-cap-shadow-v1-preregistered-report-only
2026-08-18,824723,518876,Merrill Kelly,ARI,BOS,482666.0,D.J. Reyburn,4.246455249022981,1.0402506700010947,4.417377917925822,2.0,1.015,True,4.3101520777583255,2.246455249022981,2.4173779179258217,2.3101520777583255,2.246455249022981,2.4173779179258217,2.3101520777583255,True,False,False,True,True,DERIVATION_BACKTEST,False,True,NONE,True,umpire-k-up-cap-shadow-v1-preregistered-report-only
2026-08-18,824723,624133,Ranger Suarez,BOS,ARI,482666.0,D.J. Reyburn,4.374293519604724,1.0402506700010947,4.550361764550261,3.0,1.015,True,4.4399079223987945,1.3742935196047243,1.550361764550261,1.4399079223987945,1.3742935196047243,1.550361764550261,1.4399079223987945,True,False,False,True,True,DERIVATION_BACKTEST,False,True,NONE,True,umpire-k-up-cap-shadow-v1-preregistered-report-only
2026-08-18,823586,592662,Robbie Ray,SDP,NYM,427113.0,Laz Diaz,4.933170546179699,1.0186323583475978,5.025087147585934,4.0,1.015,True,5.007168104372394,0.9331705461796993,1.0250871475859338,1.0071681043723943,0.9331705461796993,1.0250871475859338,1.0071681043723943,True,False,False,True,True,DERIVATION_BACKTEST,False,True,NONE,True,umpire-k-up-cap-shadow-v1-preregistered-report-only
2026-08-18,823586,804267,Zac Thornton,NYM,SDP,427113.0,Laz Diaz,4.4099868077574325,1.0186323583475978,4.492155262267747,7.0,1.015,True,4.476136609873794,2.5900131922425675,2.5078447377322526,2.5238633901262064,-2.5900131922425675,-2.5078447377322526,-2.5238633901262064,False,True,False,False,False,DERIVATION_BACKTEST,False,True,NONE,True,umpire-k-up-cap-shadow-v1-preregistered-report-only
2026-08-18,823667,641816,Tyler Mahle,ATL,MIN,427533.0,Mark Wegner,4.842366678156418,1.0402369220608287,5.0372086087753525,3.0,1.015,True,4.9150021783287645,1.8423666781564183,2.0372086087753525,1.9150021783287645,1.8423666781564183,2.0372086087753525,1.9150021783287645,True,False,False,True,True,DERIVATION_BACKTEST,False,True,NONE,True,umpire-k-up-cap-shadow-v1-preregistered-report-only
2026-08-18,823667,805673,Zebby Matthews,MIN,ATL,427533.0,Mark Wegner,5.082791831743988,1.0402369220608287,5.287307730529288,4.0,1.015,True,5.1590337092201475,1.0827918317439877,1.287307730529288,1.1590337092201475,1.0827918317439877,1.287307730529288,1.1590337092201475,True,False,False,True,True,DERIVATION_BACKTEST,False,True,NONE,True,umpire-k-up-cap-shadow-v1-preregistered-report-only
2026-08-18,822859,800600,Jackson Kent,WSH,TEX,431232.0,Chad Fairchild,4.6131389371797855,0.94,4.336350600948999,3.0,0.94,False,4.3363506009489985,1.6131389371797855,1.3363506009489994,1.3363506009489985,1.6131389371797855,1.3363506009489994,1.3363506009489985,True,False,True,True,True,DERIVATION_BACKTEST,False,True,NONE,True,umpire-k-up-cap-shadow-v1-preregistered-report-only
2026-08-18,822859,615698,Cal Quantrill,TEX,WSH,431232.0,Chad Fairchild,3.981394497915155,0.94,3.7425108280402455,5.0,0.94,False,3.7425108280402455,1.0186055020848448,1.2574891719597545,1.2574891719597545,-1.0186055020848448,-1.2574891719597545,-1.2574891719597545,False,False,True,False,False,DERIVATION_BACKTEST,False,True,NONE,True,umpire-k-up-cap-shadow-v1-preregistered-report-only
2026-08-18,824154,691946,George Klassen,LAA,HOU,427315.0,Alfonso Márquez,4.029905027424963,0.9711550835453764,3.9136627535888224,7.0,0.9711550835453764,False,3.9136627535888224,2.970094972575037,3.0863372464111776,3.0863372464111776,-2.970094972575037,-3.0863372464111776,-3.0863372464111776,False,False,True,False,False,DERIVATION_BACKTEST,False,True,NONE,True,umpire-k-up-cap-shadow-v1-preregistered-report-only
2026-08-18,824154,664299,Cristian Javier,HOU,LAA,427315.0,Alfonso Márquez,4.0800288699010405,0.9711550835453764,3.962340778016293,5.0,0.9711550835453764,False,3.9623407780162925,0.9199711300989595,1.037659221983707,1.0376592219837075,-0.9199711300989595,-1.037659221983707,-1.0376592219837075,False,True,True,False,False,DERIVATION_BACKTEST,False,True,NONE,True,umpire-k-up-cap-shadow-v1-preregistered-report-only
2026-08-18,824319,641778,Eric Lauer,LAD,COL,503077.0,Adam Hamari,4.436150818968063,0.9556006597008512,4.239188649138352,6.0,0.9556006597008512,False,4.239188649138352,1.5638491810319373,1.7608113508616476,1.7608113508616476,-1.5638491810319373,-1.7608113508616476,-1.7608113508616476,False,False,True,False,False,DERIVATION_BACKTEST,False,True,NONE,True,umpire-k-up-cap-shadow-v1-preregistered-report-only
2026-08-18,824319,663372,Ryan Feltner,COL,LAD,503077.0,Adam Hamari,4.085502846631547,0.9556006597008512,3.904109215450812,3.0,0.9556006597008512,False,3.904109215450812,1.085502846631547,0.9041092154508119,0.9041092154508119,1.085502846631547,0.9041092154508119,0.9041092154508119,False,False,True,True,True,DERIVATION_BACKTEST,False,True,NONE,True,umpire-k-up-cap-shadow-v1-preregistered-report-only
